/*M!999999\- enable the sandbox mode */ 
-- MariaDB dump 10.19-11.8.2-MariaDB, for osx10.20 (arm64)
--
-- Host: localhost    Database: ojs_dump
-- ------------------------------------------------------
-- Server version	9.0.1

/*!40101 SET @OLD_CHARACTER_SET_CLIENT=@@CHARACTER_SET_CLIENT */;
/*!40101 SET @OLD_CHARACTER_SET_RESULTS=@@CHARACTER_SET_RESULTS */;
/*!40101 SET @OLD_COLLATION_CONNECTION=@@COLLATION_CONNECTION */;
/*!40101 SET NAMES utf8mb4 */;
/*!40103 SET @OLD_TIME_ZONE=@@TIME_ZONE */;
/*!40103 SET TIME_ZONE='+00:00' */;
/*!40014 SET @OLD_UNIQUE_CHECKS=@@UNIQUE_CHECKS, UNIQUE_CHECKS=0 */;
/*!40014 SET @OLD_FOREIGN_KEY_CHECKS=@@FOREIGN_KEY_CHECKS, FOREIGN_KEY_CHECKS=0 */;
/*!40101 SET @OLD_SQL_MODE=@@SQL_MODE, SQL_MODE='NO_AUTO_VALUE_ON_ZERO' */;
/*M!100616 SET @OLD_NOTE_VERBOSITY=@@NOTE_VERBOSITY, NOTE_VERBOSITY=0 */;

--
-- Table structure for table `access_keys`
--

DROP TABLE IF EXISTS `access_keys`;
/*!40101 SET @saved_cs_client     = @@character_set_client */;
/*!40101 SET character_set_client = utf8mb4 */;
CREATE TABLE `access_keys` (
  `access_key_id` bigint NOT NULL AUTO_INCREMENT,
  `context` varchar(40) NOT NULL,
  `key_hash` varchar(40) NOT NULL,
  `user_id` bigint NOT NULL,
  `assoc_id` bigint DEFAULT NULL,
  `expiry_date` datetime NOT NULL,
  PRIMARY KEY (`access_key_id`),
  KEY `access_keys_hash` (`key_hash`,`user_id`,`context`)
) ENGINE=InnoDB DEFAULT CHARSET=utf8mb3;
/*!40101 SET character_set_client = @saved_cs_client */;

--
-- Dumping data for table `access_keys`
--

LOCK TABLES `access_keys` WRITE;
/*!40000 ALTER TABLE `access_keys` DISABLE KEYS */;
set autocommit=0;
/*!40000 ALTER TABLE `access_keys` ENABLE KEYS */;
UNLOCK TABLES;
commit;

--
-- Table structure for table `announcement_settings`
--

DROP TABLE IF EXISTS `announcement_settings`;
/*!40101 SET @saved_cs_client     = @@character_set_client */;
/*!40101 SET character_set_client = utf8mb4 */;
CREATE TABLE `announcement_settings` (
  `announcement_id` bigint NOT NULL,
  `locale` varchar(14) NOT NULL DEFAULT '',
  `setting_name` varchar(255) NOT NULL,
  `setting_value` text,
  `setting_type` varchar(6) DEFAULT NULL,
  UNIQUE KEY `announcement_settings_pkey` (`announcement_id`,`locale`,`setting_name`),
  KEY `announcement_settings_announcement_id` (`announcement_id`)
) ENGINE=InnoDB DEFAULT CHARSET=utf8mb3;
/*!40101 SET character_set_client = @saved_cs_client */;

--
-- Dumping data for table `announcement_settings`
--

LOCK TABLES `announcement_settings` WRITE;
/*!40000 ALTER TABLE `announcement_settings` DISABLE KEYS */;
set autocommit=0;
/*!40000 ALTER TABLE `announcement_settings` ENABLE KEYS */;
UNLOCK TABLES;
commit;

--
-- Table structure for table `announcement_type_settings`
--

DROP TABLE IF EXISTS `announcement_type_settings`;
/*!40101 SET @saved_cs_client     = @@character_set_client */;
/*!40101 SET character_set_client = utf8mb4 */;
CREATE TABLE `announcement_type_settings` (
  `type_id` bigint NOT NULL,
  `locale` varchar(14) NOT NULL DEFAULT '',
  `setting_name` varchar(255) NOT NULL,
  `setting_value` text,
  `setting_type` varchar(6) NOT NULL,
  UNIQUE KEY `announcement_type_settings_pkey` (`type_id`,`locale`,`setting_name`),
  KEY `announcement_type_settings_type_id` (`type_id`)
) ENGINE=InnoDB DEFAULT CHARSET=utf8mb3;
/*!40101 SET character_set_client = @saved_cs_client */;

--
-- Dumping data for table `announcement_type_settings`
--

LOCK TABLES `announcement_type_settings` WRITE;
/*!40000 ALTER TABLE `announcement_type_settings` DISABLE KEYS */;
set autocommit=0;
/*!40000 ALTER TABLE `announcement_type_settings` ENABLE KEYS */;
UNLOCK TABLES;
commit;

--
-- Table structure for table `announcement_types`
--

DROP TABLE IF EXISTS `announcement_types`;
/*!40101 SET @saved_cs_client     = @@character_set_client */;
/*!40101 SET character_set_client = utf8mb4 */;
CREATE TABLE `announcement_types` (
  `type_id` bigint NOT NULL AUTO_INCREMENT,
  `assoc_type` smallint NOT NULL,
  `assoc_id` bigint NOT NULL,
  PRIMARY KEY (`type_id`),
  KEY `announcement_types_assoc` (`assoc_type`,`assoc_id`)
) ENGINE=InnoDB DEFAULT CHARSET=utf8mb3;
/*!40101 SET character_set_client = @saved_cs_client */;

--
-- Dumping data for table `announcement_types`
--

LOCK TABLES `announcement_types` WRITE;
/*!40000 ALTER TABLE `announcement_types` DISABLE KEYS */;
set autocommit=0;
/*!40000 ALTER TABLE `announcement_types` ENABLE KEYS */;
UNLOCK TABLES;
commit;

--
-- Table structure for table `announcements`
--

DROP TABLE IF EXISTS `announcements`;
/*!40101 SET @saved_cs_client     = @@character_set_client */;
/*!40101 SET character_set_client = utf8mb4 */;
CREATE TABLE `announcements` (
  `announcement_id` bigint NOT NULL AUTO_INCREMENT,
  `assoc_type` smallint DEFAULT NULL,
  `assoc_id` bigint NOT NULL,
  `type_id` bigint DEFAULT NULL,
  `date_expire` date DEFAULT NULL,
  `date_posted` datetime NOT NULL,
  PRIMARY KEY (`announcement_id`),
  KEY `announcements_assoc` (`assoc_type`,`assoc_id`)
) ENGINE=InnoDB DEFAULT CHARSET=utf8mb3;
/*!40101 SET character_set_client = @saved_cs_client */;

--
-- Dumping data for table `announcements`
--

LOCK TABLES `announcements` WRITE;
/*!40000 ALTER TABLE `announcements` DISABLE KEYS */;
set autocommit=0;
/*!40000 ALTER TABLE `announcements` ENABLE KEYS */;
UNLOCK TABLES;
commit;

--
-- Table structure for table `auth_sources`
--

DROP TABLE IF EXISTS `auth_sources`;
/*!40101 SET @saved_cs_client     = @@character_set_client */;
/*!40101 SET character_set_client = utf8mb4 */;
CREATE TABLE `auth_sources` (
  `auth_id` bigint NOT NULL AUTO_INCREMENT,
  `title` varchar(60) NOT NULL,
  `plugin` varchar(32) NOT NULL,
  `auth_default` smallint NOT NULL DEFAULT '0',
  `settings` text,
  PRIMARY KEY (`auth_id`)
) ENGINE=InnoDB DEFAULT CHARSET=utf8mb3;
/*!40101 SET character_set_client = @saved_cs_client */;

--
-- Dumping data for table `auth_sources`
--

LOCK TABLES `auth_sources` WRITE;
/*!40000 ALTER TABLE `auth_sources` DISABLE KEYS */;
set autocommit=0;
/*!40000 ALTER TABLE `auth_sources` ENABLE KEYS */;
UNLOCK TABLES;
commit;

--
-- Table structure for table `author_settings`
--

DROP TABLE IF EXISTS `author_settings`;
/*!40101 SET @saved_cs_client     = @@character_set_client */;
/*!40101 SET character_set_client = utf8mb4 */;
CREATE TABLE `author_settings` (
  `author_id` bigint NOT NULL,
  `locale` varchar(14) NOT NULL DEFAULT '',
  `setting_name` varchar(255) NOT NULL,
  `setting_value` text,
  UNIQUE KEY `author_settings_pkey` (`author_id`,`locale`,`setting_name`),
  KEY `author_settings_author_id` (`author_id`)
) ENGINE=InnoDB DEFAULT CHARSET=utf8mb3;
/*!40101 SET character_set_client = @saved_cs_client */;

--
-- Dumping data for table `author_settings`
--

LOCK TABLES `author_settings` WRITE;
/*!40000 ALTER TABLE `author_settings` DISABLE KEYS */;
set autocommit=0;
INSERT INTO `author_settings` VALUES
(1,'','country','ZA'),
(1,'en_US','affiliation','University of Cape Town'),
(1,'en_US','familyName','Mwandenga'),
(1,'en_US','givenName','Alan'),
(2,'','country','ZA'),
(2,'','orcid',''),
(2,'','url',''),
(2,'en_US','affiliation',''),
(2,'en_US','biography',''),
(2,'en_US','familyName','Ipsum'),
(2,'en_US','givenName','Lorem'),
(2,'en_US','preferredPublicName',''),
(2,'fr_CA','affiliation',''),
(2,'fr_CA','biography',''),
(2,'fr_CA','familyName',''),
(2,'fr_CA','givenName',''),
(2,'fr_CA','preferredPublicName',''),
(3,'','country','ZA'),
(3,'','orcid',''),
(3,'','url',''),
(3,'en_US','affiliation','University of Cape Town'),
(3,'en_US','biography',''),
(3,'en_US','familyName','Mwandenga Version 2'),
(3,'en_US','givenName','Alan'),
(3,'en_US','preferredPublicName',''),
(3,'fr_CA','affiliation',''),
(3,'fr_CA','biography',''),
(3,'fr_CA','familyName',''),
(3,'fr_CA','givenName',''),
(3,'fr_CA','preferredPublicName',''),
(4,'','country','ZA'),
(4,'','orcid',''),
(4,'','url',''),
(4,'en_US','affiliation',''),
(4,'en_US','biography',''),
(4,'en_US','familyName','Ipsum'),
(4,'en_US','givenName','Lorem'),
(4,'en_US','preferredPublicName',''),
(4,'fr_CA','affiliation',''),
(4,'fr_CA','biography',''),
(4,'fr_CA','familyName',''),
(4,'fr_CA','givenName',''),
(4,'fr_CA','preferredPublicName',''),
(5,'','country','IT'),
(5,'en_US','affiliation','University of Bologna'),
(5,'en_US','familyName','Corino'),
(5,'en_US','givenName','Carlo'),
(6,'','country','CA'),
(6,'en_US','affiliation','University of Windsor'),
(6,'en_US','familyName','Kwantes'),
(6,'en_US','givenName','Catherine'),
(7,'','country','CA'),
(7,'en_US','affiliation','University of Alberta'),
(7,'en_US','familyName','Montgomerie'),
(7,'en_US','givenName','Craig'),
(8,'','country','CA'),
(8,'','orcid',''),
(8,'','url',''),
(8,'en_US','affiliation','University of Victoria'),
(8,'en_US','biography',''),
(8,'en_US','familyName','Irvine'),
(8,'en_US','givenName','Mark'),
(8,'en_US','preferredPublicName',''),
(8,'fr_CA','affiliation',''),
(8,'fr_CA','biography',''),
(8,'fr_CA','familyName',''),
(8,'fr_CA','givenName',''),
(8,'fr_CA','preferredPublicName',''),
(9,'','country','EG'),
(9,'en_US','affiliation','Alexandria University'),
(9,'en_US','familyName','Diouf'),
(9,'en_US','givenName','Diaga'),
(10,'','country','CA'),
(10,'en_US','affiliation','University of Toronto'),
(10,'en_US','familyName','Phillips'),
(10,'en_US','givenName','Dana'),
(11,'','country','IE'),
(11,'en_US','affiliation','University College Cork'),
(11,'en_US','familyName','Sokoloff'),
(11,'en_US','givenName','Domatilia'),
(12,'','country','US'),
(12,'en_US','affiliation','Indiana University'),
(12,'en_US','familyName','Ostrom'),
(12,'en_US','givenName','Elinor'),
(13,'','country','US'),
(13,'','orcid',''),
(13,'','url',''),
(13,'en_US','affiliation','Indiana University'),
(13,'en_US','biography',''),
(13,'en_US','familyName','van Laerhoven'),
(13,'en_US','givenName','Frank'),
(13,'en_US','preferredPublicName',''),
(13,'fr_CA','affiliation',''),
(13,'fr_CA','biography',''),
(13,'fr_CA','familyName',''),
(13,'fr_CA','givenName',''),
(13,'fr_CA','preferredPublicName',''),
(14,'','country','IT'),
(14,'en_US','affiliation','University of Rome'),
(14,'en_US','familyName','Paglieri'),
(14,'en_US','givenName','Fabio'),
(15,'','country','DK'),
(15,'en_US','affiliation','Aalborg University'),
(15,'en_US','familyName','Novak'),
(15,'en_US','givenName','John'),
(16,'','country','US'),
(16,'en_US','affiliation','Stanford University'),
(16,'en_US','familyName','Al-Khafaji'),
(16,'en_US','givenName','Karim'),
(17,'','country','US'),
(17,'','orcid',''),
(17,'','url',''),
(17,'en_US','affiliation','Stanford University'),
(17,'en_US','biography',''),
(17,'en_US','familyName','Morse'),
(17,'en_US','givenName','Margaret'),
(17,'en_US','preferredPublicName',''),
(17,'fr_CA','affiliation',''),
(17,'fr_CA','biography',''),
(17,'fr_CA','familyName',''),
(17,'fr_CA','givenName',''),
(17,'fr_CA','preferredPublicName',''),
(18,'','country','AU'),
(18,'en_US','affiliation','Australian National University'),
(18,'en_US','familyName','Christopher'),
(18,'en_US','givenName','Leo'),
(19,'','country','ZA'),
(19,'en_US','affiliation','University of Cape Town'),
(19,'en_US','familyName','Kumiega'),
(19,'en_US','givenName','Lise'),
(20,'','country','GB'),
(20,'en_US','affiliation','University of Wolverhampton'),
(20,'en_US','familyName','Daniel'),
(20,'en_US','givenName','Patricia'),
(21,'','country','KE'),
(21,'en_US','affiliation','University of Nairobi'),
(21,'en_US','familyName','Baiyewu'),
(21,'en_US','givenName','Rana'),
(22,'','country','ES'),
(22,'en_US','affiliation','Barcelona University'),
(22,'en_US','familyName','Rossi'),
(22,'en_US','givenName','Rosanna'),
(23,'','country','IR'),
(23,'en_US','affiliation','University of Tehran'),
(23,'en_US','familyName','Karbasizaed'),
(23,'en_US','givenName','Vajiheh'),
(24,'','country','CA'),
(24,'en_US','affiliation','University of Windsor'),
(24,'en_US','familyName','Williamson'),
(24,'en_US','givenName','Valerie'),
(25,'','country','US'),
(25,'en_US','affiliation','CUNY'),
(25,'en_US','familyName','Woods'),
(25,'en_US','givenName','Zita'),
(27,'','country','IN'),
(27,'','orcid',''),
(27,'','url',''),
(27,'en_US','affiliation',''),
(27,'en_US','biography',''),
(27,'en_US','familyName',''),
(27,'en_US','givenName','Ishani Guha University of Delhi'),
(27,'en_US','preferredPublicName',''),
(29,'','country','DE'),
(29,'','orcid',''),
(29,'','url',''),
(29,'en_US','affiliation',''),
(29,'en_US','biography',''),
(29,'en_US','familyName','Johananoff'),
(29,'en_US','givenName','Mati'),
(29,'en_US','preferredPublicName',''),
(30,'','country','DE'),
(30,'','orcid','https://orcid.org/0000-0003-2653-9859'),
(30,'','url',''),
(30,'en_US','affiliation',''),
(30,'en_US','biography',''),
(30,'en_US','familyName','Lichtenberger'),
(30,'en_US','givenName','Achim'),
(30,'en_US','preferredPublicName',''),
(31,'','country','DE'),
(31,'','orcid',''),
(31,'','url',''),
(31,'en_US','affiliation',''),
(31,'en_US','biography',''),
(31,'en_US','familyName','Schellig'),
(31,'en_US','givenName','Jessica'),
(31,'en_US','preferredPublicName',''),
(32,'','country','DE'),
(32,'','orcid','https://orcid.org/0000-0002-7339-4851'),
(32,'','url',''),
(32,'en_US','affiliation',''),
(32,'en_US','biography',''),
(32,'en_US','familyName','Tal'),
(32,'en_US','givenName','Oren'),
(32,'en_US','preferredPublicName',''),
(34,'','country','AT'),
(34,'','orcid',''),
(34,'','url',''),
(34,'en_US','affiliation','Österreichische Agentur für Gesundheit und Ernährungssicherheit GmbH (AGES), Abteilung für Nachhaltigen Ackerbau, Institut für Nachhaltige Pflanzenproduktion'),
(34,'en_US','biography',''),
(34,'en_US','familyName','Moyses'),
(34,'en_US','givenName','Anna'),
(34,'en_US','preferredPublicName',''),
(35,'','country','AT'),
(35,'','orcid',''),
(35,'','url',''),
(35,'en_US','affiliation','Insect Laboratories Research GmbH'),
(35,'en_US','biography',''),
(35,'en_US','familyName','Mottinger'),
(35,'en_US','givenName','Sarah'),
(35,'en_US','preferredPublicName',''),
(36,'','country','AT'),
(36,'','orcid',''),
(36,'','url',''),
(36,'en_US','affiliation','Österreichische Agentur für Gesundheit und Ernährungssicherheit GmbH (AGES), Abteilung für Nachhaltigen Ackerbau, Institut für Nachhaltige Pflanzenproduktion'),
(36,'en_US','biography',''),
(36,'en_US','familyName','Manhalter'),
(36,'en_US','givenName','Stephan'),
(36,'en_US','preferredPublicName',''),
(37,'','country','AT'),
(37,'','orcid',''),
(37,'','url',''),
(37,'en_US','affiliation','Österreichische Agentur für Gesundheit und Ernährungssicherheit GmbH (AGES), Abteilung für Molekularbiologische Diagnose von Pflanzenkrankheiten'),
(37,'en_US','biography',''),
(37,'en_US','familyName','Gottsberger'),
(37,'en_US','givenName','Richard A.'),
(37,'en_US','preferredPublicName',''),
(39,'','country','DE'),
(39,'','orcid',''),
(39,'','url',''),
(39,'en_US','affiliation',''),
(39,'en_US','biography',''),
(39,'en_US','familyName','Houben'),
(39,'en_US','givenName','Vincent'),
(39,'en_US','preferredPublicName',''),
(41,'','country','DE'),
(41,'','orcid','https://orcid.org/0000-0003-0691-4471'),
(41,'','url',''),
(41,'en_US','affiliation',''),
(41,'en_US','biography',''),
(41,'en_US','familyName','Suliman-Wolf'),
(41,'en_US','givenName','Hamutal'),
(41,'en_US','preferredPublicName',''),
(43,'','country','FR'),
(43,'','orcid',''),
(43,'','url',''),
(43,'en_US','affiliation','Toulouse Institute of Computer Science Research'),
(43,'en_US','biography',''),
(43,'en_US','familyName','Loye'),
(43,'en_US','givenName','Justin'),
(43,'en_US','preferredPublicName',''),
(44,'','country','FR'),
(44,'','orcid',''),
(44,'','url',''),
(44,'en_US','affiliation','Toulouse Institute of Computer Science Research'),
(44,'en_US','biography',''),
(44,'en_US','familyName','Jaffrès-Runser'),
(44,'en_US','givenName','Katia'),
(44,'en_US','preferredPublicName',''),
(45,'','country','FR'),
(45,'','orcid',''),
(45,'','url',''),
(45,'en_US','affiliation',' Paul Sabatier University'),
(45,'en_US','biography',''),
(45,'en_US','familyName','L. Shepelyansky'),
(45,'en_US','givenName','Dima'),
(45,'en_US','preferredPublicName',''),
(47,'','country','PT'),
(47,'','orcid',''),
(47,'','url',''),
(47,'en_US','affiliation','Polytechnic of Guarda'),
(47,'en_US','biography',''),
(47,'en_US','familyName','Soares'),
(47,'en_US','givenName','Maria Elisabete'),
(47,'en_US','preferredPublicName',''),
(48,'','country','PT'),
(48,'','orcid',''),
(48,'','url',''),
(48,'en_US','affiliation','University of Minho'),
(48,'en_US','biography',''),
(48,'en_US','familyName','Fonseca'),
(48,'en_US','givenName','Fernando'),
(48,'en_US','preferredPublicName',''),
(49,'','country','PT'),
(49,'','orcid',''),
(49,'','url',''),
(49,'en_US','affiliation','University of Minho'),
(49,'en_US','biography',''),
(49,'en_US','familyName','Ramos'),
(49,'en_US','givenName','Rui'),
(49,'en_US','preferredPublicName',''),
(51,'','country','DE'),
(51,'','orcid','https://orcid.org/0000-0003-1547-8982'),
(51,'','url',''),
(51,'en_US','affiliation','Ruhr-Universität Bochum'),
(51,'en_US','biography',''),
(51,'en_US','familyName','van der Linden'),
(51,'en_US','givenName','Lara'),
(51,'en_US','preferredPublicName',''),
(52,'','country','DE'),
(52,'','orcid',''),
(52,'','url',''),
(52,'en_US','affiliation',''),
(52,'en_US','biography',''),
(52,'en_US','familyName','Hogan'),
(52,'en_US','givenName','Patrick'),
(52,'en_US','preferredPublicName',''),
(53,'','country','DE'),
(53,'','orcid',''),
(53,'','url',''),
(53,'en_US','affiliation','Leibniz University Hannover'),
(53,'en_US','biography',''),
(53,'en_US','familyName','Maronga'),
(53,'en_US','givenName','Björn'),
(53,'en_US','preferredPublicName',''),
(54,'','country','DE'),
(54,'','orcid',''),
(54,'','url',''),
(54,'en_US','affiliation',''),
(54,'en_US','biography',''),
(54,'en_US','familyName','Hagemann'),
(54,'en_US','givenName','Rowell'),
(54,'en_US','preferredPublicName',''),
(55,'','country','DE'),
(55,'','orcid',''),
(55,'','url',''),
(55,'en_US','affiliation',''),
(55,'en_US','biography',''),
(55,'en_US','familyName','Bechtel'),
(55,'en_US','givenName','Benjamin'),
(55,'en_US','preferredPublicName',''),
(57,'','country','DE'),
(57,'','orcid',''),
(57,'','url',''),
(57,'en_US','affiliation','Freie Universität Berlin'),
(57,'en_US','biography',''),
(57,'en_US','familyName','Kawsar Khan'),
(57,'en_US','givenName','Md'),
(57,'en_US','preferredPublicName',''),
(58,'','country','DE'),
(58,'','orcid',''),
(58,'','url',''),
(58,'en_US','affiliation',''),
(58,'en_US','biography',''),
(58,'en_US','familyName','Paul'),
(58,'en_US','givenName','Shatabdi'),
(58,'en_US','preferredPublicName',''),
(59,'','country','DE'),
(59,'','orcid',''),
(59,'','url',''),
(59,'en_US','affiliation',''),
(59,'en_US','biography',''),
(59,'en_US','familyName','Rayhan'),
(59,'en_US','givenName','Mostakim'),
(59,'en_US','preferredPublicName',''),
(60,'','country','DE'),
(60,'','orcid',''),
(60,'','url',''),
(60,'en_US','affiliation',''),
(60,'en_US','biography',''),
(60,'en_US','familyName','E. Herberstein'),
(60,'en_US','givenName','Marie'),
(60,'en_US','preferredPublicName',''),
(62,'','country','PL'),
(62,'','orcid',''),
(62,'','url',''),
(62,'en_US','affiliation','Faculty of Electrical Engineering, Opole University of Technology'),
(62,'en_US','biography',''),
(62,'en_US','familyName','Wotzka'),
(62,'en_US','givenName','Daria'),
(62,'en_US','preferredPublicName',''),
(63,'','country','PL'),
(63,'','orcid',''),
(63,'','url',''),
(63,'en_US','affiliation','Institute of Informatics, University of Opole'),
(63,'en_US','biography',''),
(63,'en_US','familyName','Suchacka'),
(63,'en_US','givenName','Grażyna'),
(63,'en_US','preferredPublicName',''),
(64,'','country','PL'),
(64,'','orcid',''),
(64,'','url',''),
(64,'en_US','affiliation',''),
(64,'en_US','biography',''),
(64,'en_US','familyName','Frącz'),
(64,'en_US','givenName','Paweł'),
(64,'en_US','preferredPublicName','Faculty of Economics, University of Opole'),
(65,'','country','PL'),
(65,'','orcid',''),
(65,'','url',''),
(65,'en_US','affiliation','Faculty of Economics, University of Opole'),
(65,'en_US','biography',''),
(65,'en_US','familyName','Mach'),
(65,'en_US','givenName','Łukasz'),
(65,'en_US','preferredPublicName',''),
(66,'','country','PL'),
(66,'','orcid',''),
(66,'','url',''),
(66,'en_US','affiliation','Narodowy Bank Polski, Regional Branch in Opole'),
(66,'en_US','biography',''),
(66,'en_US','familyName','Stec'),
(66,'en_US','givenName','Marzena'),
(66,'en_US','preferredPublicName',''),
(67,'','country','PL'),
(67,'','orcid',''),
(67,'','url',''),
(67,'en_US','affiliation','Humanitas University in Sosnowiec'),
(67,'en_US','biography',''),
(67,'en_US','familyName','Foltys'),
(67,'en_US','givenName','Joachim'),
(67,'en_US','preferredPublicName',''),
(69,'','country','GB'),
(69,'','orcid',''),
(69,'','url',''),
(69,'en_US','affiliation','School of Geography, Geology and the Environment, Keele University'),
(69,'en_US','biography',''),
(69,'en_US','familyName','Whitley'),
(69,'en_US','givenName','Sean'),
(69,'en_US','preferredPublicName',''),
(70,'','country','DE'),
(70,'','orcid','https://orcid.org/0000-0002-9770-6784'),
(70,'','url',''),
(70,'en_US','affiliation','Institute of Geosciences and Geography, Martin-Luther-Universität'),
(70,'en_US','biography',''),
(70,'en_US','familyName','Halama'),
(70,'en_US','givenName','Ralf'),
(70,'en_US','preferredPublicName',''),
(71,'','country','GB'),
(71,'','orcid','https://orcid.org/0000-0002-9973-2230'),
(71,'','url',''),
(71,'en_US','affiliation','School of Geography, Geology and the Environment, Keele University'),
(71,'en_US','biography',''),
(71,'en_US','familyName','Gertisser'),
(71,'en_US','givenName','Ralf'),
(71,'en_US','preferredPublicName',''),
(72,'','country','DE'),
(72,'','orcid','https://orcid.org/0000-0003-1991-5107'),
(72,'','url',''),
(72,'en_US','affiliation','GEOMAR Helmholtz Centre for Ocean Research Kiel'),
(72,'en_US','biography',''),
(72,'en_US','familyName','H. Hansteen'),
(72,'en_US','givenName','Thor'),
(72,'en_US','preferredPublicName',''),
(73,'','country','DE'),
(73,'','orcid','https://orcid.org/0000-0001-8639-3519'),
(73,'','url',''),
(73,'en_US','affiliation','GEOMAR Helmholtz Centre for Ocean Research Kiel'),
(73,'en_US','biography',''),
(73,'en_US','familyName','Frische'),
(73,'en_US','givenName','Matthias'),
(73,'en_US','preferredPublicName',''),
(74,'','country','CH'),
(74,'','orcid','https://orcid.org/0000-0003-4061-0420'),
(74,'','url',''),
(74,'en_US','affiliation','Faculty of Geosciences and Environment, Université de Lausanne'),
(74,'en_US','biography',''),
(74,'en_US','familyName','Vennemann'),
(74,'en_US','givenName','Torsten'),
(74,'en_US','preferredPublicName',''),
(76,'','country','DK'),
(76,'','orcid','https://orcid.org/0000-0002-8616-2099'),
(76,'','url',''),
(76,'en_US','affiliation','Department of Natural Science (INM), Roskilde University; Department of Physics, Technical University of Denmark, DTU Risø Campus'),
(76,'en_US','biography',''),
(76,'en_US','familyName','Freiesleben'),
(76,'en_US','givenName','Trine'),
(76,'en_US','preferredPublicName',''),
(77,'','country','DK'),
(77,'','orcid','https://orcid.org/0009-0002-7871-4727'),
(77,'','url',''),
(77,'en_US','affiliation','Department of Natural Science (INM), Roskilde University'),
(77,'en_US','biography',''),
(77,'en_US','familyName','Rokkedahl Berntsen'),
(77,'en_US','givenName','Lasse'),
(77,'en_US','preferredPublicName',''),
(78,'','country','DK'),
(78,'','orcid','https://orcid.org/0009-0007-9264-2359'),
(78,'','url',''),
(78,'en_US','affiliation','Department of Natural Science (INM), Roskilde University'),
(78,'en_US','biography',''),
(78,'en_US','familyName','Blæsbjerg'),
(78,'en_US','givenName','Maria'),
(78,'en_US','preferredPublicName',''),
(79,'','country','DK'),
(79,'','orcid','https://orcid.org/0009-0003-3724-3719'),
(79,'','url',''),
(79,'en_US','affiliation','Department of Natural Science (INM), Roskilde University'),
(79,'en_US','biography',''),
(79,'en_US','familyName','Høffer'),
(79,'en_US','givenName','Emilia'),
(79,'en_US','preferredPublicName',''),
(80,'','country','DK'),
(80,'','orcid','https://orcid.org/0000-0003-2497-2990'),
(80,'','url',''),
(80,'en_US','affiliation','UNESCO Global Geopark; Department of Ecoscience, Aarhus University'),
(80,'en_US','biography',''),
(80,'en_US','familyName','Rasmussen'),
(80,'en_US','givenName','Christian'),
(80,'en_US','preferredPublicName',''),
(81,'','country','DK'),
(81,'','orcid','https://orcid.org/0000-0002-0117-1106'),
(81,'','url',''),
(81,'en_US','affiliation','Globe Institute, University of Copenhagen'),
(81,'en_US','biography','<p>Raised beach ridges are prograded sequences of wave-built deposits that may provide valuable information about past relative sea-level changes, climate change and coastal evolution. In the Limfjord in northern Denmark, the Early and Middle Holocene sea-level changes are well-constrained. However, our understanding of Late Holocene sea-level fluctuations is limited, and the exact period when the coastal barrier between the Limfjord and the North Sea formed remains uncertain. In this study, we use optically stimulated luminescence (OSL) dating to determine the age of raised beach ridges at Gjellerodde in the western part of the Limfjord. The OSL ages presented here indicate that the beach ridges formed during three periods at 3.3–2.7, 1.4–1.0, 0.2–0.1 ka. In addition our data suggest a&nbsp;<em>c.</em>&nbsp;0.2 mm/yr relative sea-level fall during the Late Holocene. The three distinct periods of beach-ridge formation coincide with periods when the Limfjord was open towards the North Sea as documented in historical records and marine records. This suggests that OSL dating of beach ridges can be used as a potential indicator for determining when the connection between the Limfjord and the North Sea was open in the Late Holocene.</p>'),
(81,'en_US','familyName','Krog Larsen'),
(81,'en_US','givenName','Nicolaj'),
(81,'en_US','preferredPublicName',''),
(83,'','country','IT'),
(83,'','orcid','https://orcid.org/0000-0003-4678-1212'),
(83,'','url',''),
(83,'en_US','affiliation',''),
(83,'en_US','biography',''),
(83,'en_US','familyName','Sontag-González'),
(83,'en_US','givenName','Mariana'),
(83,'en_US','preferredPublicName',''),
(84,'','country','IT'),
(84,'','orcid',''),
(84,'','url',''),
(84,'en_US','affiliation',''),
(84,'en_US','biography',''),
(84,'en_US','familyName','Li'),
(84,'en_US','givenName','Bo'),
(84,'en_US','preferredPublicName',''),
(85,'','country','IT'),
(85,'','orcid',''),
(85,'','url',''),
(85,'en_US','affiliation',''),
(85,'en_US','biography',''),
(85,'en_US','familyName','O\'Gorman'),
(85,'en_US','givenName','Kieran'),
(85,'en_US','preferredPublicName',''),
(86,'','country','IT'),
(86,'','orcid',''),
(86,'','url',''),
(86,'en_US','affiliation',''),
(86,'en_US','biography',''),
(86,'en_US','familyName','Burhan'),
(86,'en_US','givenName','Basran'),
(86,'en_US','preferredPublicName',''),
(87,'','country','IT'),
(87,'','orcid',''),
(87,'','url',''),
(87,'en_US','affiliation',''),
(87,'en_US','biography',''),
(87,'en_US','familyName','Hakim'),
(87,'en_US','givenName','Budianto'),
(87,'en_US','preferredPublicName',''),
(88,'','country','IT'),
(88,'','orcid',''),
(88,'','url',''),
(88,'en_US','affiliation',''),
(88,'en_US','biography',''),
(88,'en_US','familyName','Brumm'),
(88,'en_US','givenName','Adam'),
(88,'en_US','preferredPublicName',''),
(89,'','country','IT'),
(89,'','orcid',''),
(89,'','url',''),
(89,'en_US','affiliation',''),
(89,'en_US','biography',''),
(89,'en_US','familyName','G. Roberts'),
(89,'en_US','givenName','Richard'),
(89,'en_US','preferredPublicName',''),
(91,'','country','DE'),
(91,'','orcid',''),
(91,'','url',''),
(91,'en_US','affiliation',''),
(91,'en_US','biography',''),
(91,'en_US','familyName','Tschiedel'),
(91,'en_US','givenName','Torben'),
(91,'en_US','preferredPublicName',''),
(93,'','country','DE'),
(93,'','orcid',''),
(93,'','url',''),
(93,'en_US','affiliation','Institut für Ethnologie, Ruprecht-Karls-Universität Heidelberg'),
(93,'en_US','biography',''),
(93,'en_US','familyName','Sprenger'),
(93,'en_US','givenName','Guido'),
(93,'en_US','preferredPublicName',''),
(94,'','country','DE'),
(94,'','orcid',''),
(94,'','url',''),
(94,'en_US','affiliation',''),
(94,'en_US','biography',''),
(94,'en_US','familyName','Gregory'),
(94,'en_US','givenName','Chris'),
(94,'en_US','preferredPublicName',''),
(95,'','country','DE'),
(95,'','orcid',''),
(95,'','url',''),
(95,'en_US','affiliation',''),
(95,'en_US','biography',''),
(95,'en_US','familyName','Retsikas'),
(95,'en_US','givenName','Kostas'),
(95,'en_US','preferredPublicName',''),
(96,'','country','DE'),
(96,'','orcid',''),
(96,'','url',''),
(96,'en_US','affiliation',''),
(96,'en_US','biography',''),
(96,'en_US','familyName','Hahn'),
(96,'en_US','givenName','Hans Peter'),
(96,'en_US','preferredPublicName',''),
(104,'','country','CZ'),
(104,'','orcid','https://orcid.org/0000-0003-3319-3366'),
(104,'','url',''),
(104,'en_US','affiliation','Department of Social Geography and Regional Development, Charles University'),
(104,'en_US','biography',''),
(104,'en_US','familyName','Fleischmann'),
(104,'en_US','givenName','Martin'),
(104,'en_US','preferredPublicName',''),
(105,'','country','DK'),
(105,'','orcid',''),
(105,'','url',''),
(105,'en_US','affiliation','Networks, Data and Society (NERDS), Computer Science Department, IT University of Copenhagen'),
(105,'en_US','biography',''),
(105,'en_US','familyName','Vybornova'),
(105,'en_US','givenName','Anastassia'),
(105,'en_US','preferredPublicName',''),
(107,'','country','DE'),
(107,'','orcid','https://orcid.org/0000-0001-8443-7899'),
(107,'','url',''),
(107,'en_US','affiliation','Humboldt-Universität zu Berlin'),
(107,'en_US','biography',''),
(107,'en_US','familyName','Lakes'),
(107,'en_US','givenName','Tobia'),
(107,'en_US','preferredPublicName',''),
(108,'','country','DE'),
(108,'','orcid','https://orcid.org/0000-0002-6049-4511'),
(108,'','url',''),
(108,'en_US','affiliation','Leibniz Institute of Agricultural Development in Transition Economies'),
(108,'en_US','biography',''),
(108,'en_US','familyName','Appel'),
(108,'en_US','givenName','Franziska'),
(108,'en_US','preferredPublicName',''),
(109,'','country','DE'),
(109,'','orcid','https://orcid.org/0000-0003-1540-7412'),
(109,'','url',''),
(109,'en_US','affiliation','Technische Universität Berlin'),
(109,'en_US','biography',''),
(109,'en_US','familyName','Vergara'),
(109,'en_US','givenName','Felipe'),
(109,'en_US','preferredPublicName',''),
(111,'','country','DE'),
(111,'','orcid',''),
(111,'','url',''),
(111,'en_US','affiliation','South Westphalia University of Applied Sciences'),
(111,'en_US','biography',''),
(111,'en_US','familyName','Bollweg'),
(111,'en_US','givenName','Lars'),
(111,'en_US','preferredPublicName',''),
(112,'','country','DE'),
(112,'','orcid',''),
(112,'','url',''),
(112,'en_US','affiliation','TU Dortmund University'),
(112,'en_US','biography',''),
(112,'en_US','familyName','Baersch'),
(112,'en_US','givenName','Soeren'),
(112,'en_US','preferredPublicName',''),
(113,'','country','DE'),
(113,'','orcid',''),
(113,'','url',''),
(113,'en_US','affiliation','TU Dortmund University'),
(113,'en_US','biography',''),
(113,'en_US','familyName','Lackes'),
(113,'en_US','givenName','Richard'),
(113,'en_US','preferredPublicName',''),
(114,'','country','DE'),
(114,'','orcid',''),
(114,'','url',''),
(114,'en_US','affiliation','Technische Hochschule Mittelhessen'),
(114,'en_US','biography',''),
(114,'en_US','familyName','Siepermann'),
(114,'en_US','givenName','Markus'),
(114,'en_US','preferredPublicName',''),
(115,'','country','DE'),
(115,'','orcid',''),
(115,'','url',''),
(115,'en_US','affiliation','South Westphalia University of Applied Sciences'),
(115,'en_US','biography',''),
(115,'en_US','familyName','Weber'),
(115,'en_US','givenName','Peter'),
(115,'en_US','preferredPublicName',''),
(116,'','country',''),
(116,'','orcid',''),
(116,'','url',''),
(116,'en_US','affiliation',''),
(116,'en_US','biography',''),
(116,'en_US','familyName','admin'),
(116,'en_US','givenName','admin'),
(117,'','country',''),
(117,'','orcid',''),
(117,'','url',''),
(117,'en_US','affiliation',''),
(117,'en_US','biography',''),
(117,'en_US','familyName','Tobler'),
(117,'en_US','givenName','Waldo ');
/*!40000 ALTER TABLE `author_settings` ENABLE KEYS */;
UNLOCK TABLES;
commit;

--
-- Table structure for table `authors`
--

DROP TABLE IF EXISTS `authors`;
/*!40101 SET @saved_cs_client     = @@character_set_client */;
/*!40101 SET character_set_client = utf8mb4 */;
CREATE TABLE `authors` (
  `author_id` bigint NOT NULL AUTO_INCREMENT,
  `email` varchar(90) NOT NULL,
  `include_in_browse` smallint NOT NULL DEFAULT '1',
  `publication_id` bigint NOT NULL,
  `seq` double(8,2) NOT NULL DEFAULT '0.00',
  `user_group_id` bigint DEFAULT NULL,
  PRIMARY KEY (`author_id`),
  KEY `authors_publication_id` (`publication_id`)
) ENGINE=InnoDB AUTO_INCREMENT=118 DEFAULT CHARSET=utf8mb3;
/*!40101 SET character_set_client = @saved_cs_client */;

--
-- Dumping data for table `authors`
--

LOCK TABLES `authors` WRITE;
/*!40000 ALTER TABLE `authors` DISABLE KEYS */;
set autocommit=0;
INSERT INTO `authors` VALUES
(1,'amwandenga@mailinator.com',1,1,0.00,14),
(2,'lorem@mailinator.com',1,1,1.00,14),
(3,'amwandenga@mailinator.com',1,2,0.00,14),
(4,'lorem@mailinator.com',1,2,0.00,14),
(5,'ccorino@mailinator.com',1,3,0.00,14),
(6,'ckwantes@mailinator.com',1,4,0.00,14),
(7,'cmontgomerie@mailinator.com',1,5,0.00,14),
(8,'mirvine@mailinator.com',1,5,1.00,14),
(9,'ddiouf@mailinator.com',1,6,0.00,14),
(10,'dphillips@mailinator.com',1,7,0.00,14),
(11,'dsokoloff@mailinator.com',1,8,0.00,14),
(12,'eostrom@mailinator.com',1,9,0.00,14),
(13,'fvanlaerhoven@mailinator.com',1,9,1.00,14),
(14,'fpaglieri@mailinator.com',1,10,0.00,14),
(15,'jnovak@mailinator.com',1,11,0.00,14),
(16,'kalkhafaji@mailinator.com',1,12,0.00,14),
(17,'mmorse@mailinator.com',1,12,1.00,14),
(18,'lchristopher@mailinator.com',1,13,0.00,14),
(19,'lkumiega@mailinator.com',1,14,0.00,14),
(20,'pdaniel@mailinator.com',1,15,0.00,14),
(21,'rbaiyewu@mailinator.com',1,16,0.00,14),
(22,'rrossi@mailinator.com',1,17,0.00,14),
(23,'vkarbasizaed@mailinator.com',1,18,0.00,14),
(24,'vwilliamson@mailinator.com',1,19,0.00,14),
(25,'zwoods@mailinator.com',1,20,0.00,14),
(27,'komet@mailinator.com',1,21,1.00,31),
(29,'komet@mailinator.com',1,22,0.00,31),
(30,'komet@mailinator.com',1,22,1.00,31),
(31,'komet@mailinator.com',1,22,2.00,31),
(32,'komet@mailinator.com',1,22,3.00,31),
(34,'komet@mailinator.com',1,23,0.00,31),
(35,'komet@mailinator.com',1,23,1.00,31),
(36,'komet@mailinator.com',1,23,2.00,31),
(37,'komet@mailinator.com',1,23,3.00,31),
(39,'komet@mailinator.com',1,24,0.00,31),
(41,'komet@mailinator.com',1,25,0.00,31),
(43,'komet@mailinator.com',1,26,0.00,31),
(44,'komet@mailinator.com',1,26,1.00,31),
(45,'komet@mailinator.com',1,26,2.00,31),
(47,'komet@mailinator.com',1,27,0.00,31),
(48,'komet@mailinator.com',1,27,1.00,31),
(49,'komet@mailinator.com',1,27,2.00,31),
(51,'komet@mailinator.com',1,28,0.00,31),
(52,'komet@mailinator.com',1,28,1.00,31),
(53,'komet@mailinator.com',1,28,2.00,31),
(54,'komet@mailinator.com',1,28,3.00,31),
(55,'komet@mailinator.com',1,28,4.00,31),
(57,'komet@mailinator.com',1,29,0.00,31),
(58,'komet@mailinator.com',1,29,1.00,31),
(59,'komet@mailinator.com',1,29,2.00,31),
(60,'komet@mailinator.com',1,29,3.00,31),
(62,'komet@mailinator.com',1,30,0.00,31),
(63,'komet@mailinator.com',1,30,1.00,31),
(64,'komet@mailinator.com',1,30,2.00,31),
(65,'komet@mailinator.com',1,30,3.00,31),
(66,'komet@mailinator.com',1,30,4.00,31),
(67,'komet@mailinator.com',1,30,5.00,31),
(69,'komet@mailinator.com',1,31,0.00,31),
(70,'komet@mailinator.com',1,31,1.00,31),
(71,'komet@mailinator.com',1,31,2.00,31),
(72,'komet@mailinator.com',1,31,3.00,31),
(73,'komet@mailinator.com',1,31,4.00,31),
(74,'komet@mailinator.com',1,31,5.00,31),
(76,'komet@mailinator.com',1,32,0.00,31),
(77,'komet@mailinator.com',1,32,1.00,31),
(78,'komet@mailinator.com',1,32,2.00,31),
(79,'komet@mailinator.com',1,32,3.00,31),
(80,'komet@mailinator.com',1,32,4.00,31),
(81,'komet@mailinator.com',1,32,5.00,31),
(83,'komet@mailinator.com',1,33,0.00,31),
(84,'komet@mailinator.com',1,33,1.00,31),
(85,'komet@mailinator.com',1,33,2.00,31),
(86,'komet@mailinator.com',1,33,3.00,31),
(87,'komet@mailinator.com',1,33,4.00,31),
(88,'komet@mailinator.com',1,33,5.00,31),
(89,'komet@mailinator.com',1,33,6.00,31),
(91,'komet@mailinator.com',1,34,0.00,31),
(93,'komet@mailinator.com',1,35,0.00,31),
(94,'komet@mailinator.com',1,35,1.00,31),
(95,'komet@mailinator.com',1,35,2.00,31),
(96,'komet@mailinator.com',1,35,3.00,31),
(104,'komet@mailinator.com',1,40,0.00,31),
(105,'komet@mailinator.com',1,40,1.00,31),
(107,'komet@mailinator.com',1,41,0.00,31),
(108,'komet@mailinator.com',1,41,1.00,31),
(109,'komet@mailinator.com',1,41,2.00,31),
(111,'komet@mailinator.com',1,42,0.00,31),
(112,'komet@mailinator.com',1,42,1.00,31),
(113,'komet@mailinator.com',1,42,2.00,31),
(114,'komet@mailinator.com',1,42,3.00,31),
(115,'komet@mailinator.com',1,42,4.00,31),
(116,'komet@mailinator.com',1,43,0.00,19),
(117,'tobler@mailinator.com',1,44,0.00,31);
/*!40000 ALTER TABLE `authors` ENABLE KEYS */;
UNLOCK TABLES;
commit;

--
-- Table structure for table `categories`
--

DROP TABLE IF EXISTS `categories`;
/*!40101 SET @saved_cs_client     = @@character_set_client */;
/*!40101 SET character_set_client = utf8mb4 */;
CREATE TABLE `categories` (
  `category_id` bigint NOT NULL AUTO_INCREMENT,
  `context_id` bigint NOT NULL,
  `parent_id` bigint NOT NULL,
  `seq` bigint DEFAULT NULL,
  `path` varchar(255) NOT NULL,
  `image` text,
  PRIMARY KEY (`category_id`),
  UNIQUE KEY `category_path` (`context_id`,`path`),
  KEY `category_context_id` (`context_id`,`parent_id`)
) ENGINE=InnoDB DEFAULT CHARSET=utf8mb3;
/*!40101 SET character_set_client = @saved_cs_client */;

--
-- Dumping data for table `categories`
--

LOCK TABLES `categories` WRITE;
/*!40000 ALTER TABLE `categories` DISABLE KEYS */;
set autocommit=0;
/*!40000 ALTER TABLE `categories` ENABLE KEYS */;
UNLOCK TABLES;
commit;

--
-- Table structure for table `category_settings`
--

DROP TABLE IF EXISTS `category_settings`;
/*!40101 SET @saved_cs_client     = @@character_set_client */;
/*!40101 SET character_set_client = utf8mb4 */;
CREATE TABLE `category_settings` (
  `category_id` bigint NOT NULL,
  `locale` varchar(14) NOT NULL DEFAULT '',
  `setting_name` varchar(255) NOT NULL,
  `setting_value` text,
  `setting_type` varchar(6) NOT NULL COMMENT '(bool|int|float|string|object)',
  UNIQUE KEY `category_settings_pkey` (`category_id`,`locale`,`setting_name`)
) ENGINE=InnoDB DEFAULT CHARSET=utf8mb3;
/*!40101 SET character_set_client = @saved_cs_client */;

--
-- Dumping data for table `category_settings`
--

LOCK TABLES `category_settings` WRITE;
/*!40000 ALTER TABLE `category_settings` DISABLE KEYS */;
set autocommit=0;
/*!40000 ALTER TABLE `category_settings` ENABLE KEYS */;
UNLOCK TABLES;
commit;

--
-- Table structure for table `citation_settings`
--

DROP TABLE IF EXISTS `citation_settings`;
/*!40101 SET @saved_cs_client     = @@character_set_client */;
/*!40101 SET character_set_client = utf8mb4 */;
CREATE TABLE `citation_settings` (
  `citation_id` bigint NOT NULL,
  `locale` varchar(14) NOT NULL DEFAULT '',
  `setting_name` varchar(255) NOT NULL,
  `setting_value` text,
  `setting_type` varchar(6) NOT NULL,
  UNIQUE KEY `citation_settings_pkey` (`citation_id`,`locale`,`setting_name`),
  KEY `citation_settings_citation_id` (`citation_id`)
) ENGINE=InnoDB DEFAULT CHARSET=utf8mb3;
/*!40101 SET character_set_client = @saved_cs_client */;

--
-- Dumping data for table `citation_settings`
--

LOCK TABLES `citation_settings` WRITE;
/*!40000 ALTER TABLE `citation_settings` DISABLE KEYS */;
set autocommit=0;
/*!40000 ALTER TABLE `citation_settings` ENABLE KEYS */;
UNLOCK TABLES;
commit;

--
-- Table structure for table `citations`
--

DROP TABLE IF EXISTS `citations`;
/*!40101 SET @saved_cs_client     = @@character_set_client */;
/*!40101 SET character_set_client = utf8mb4 */;
CREATE TABLE `citations` (
  `citation_id` bigint NOT NULL AUTO_INCREMENT,
  `publication_id` bigint NOT NULL DEFAULT '0',
  `raw_citation` text NOT NULL,
  `seq` bigint NOT NULL DEFAULT '0',
  PRIMARY KEY (`citation_id`),
  UNIQUE KEY `citations_publication_seq` (`publication_id`,`seq`),
  KEY `citations_publication` (`publication_id`)
) ENGINE=InnoDB DEFAULT CHARSET=utf8mb3;
/*!40101 SET character_set_client = @saved_cs_client */;

--
-- Dumping data for table `citations`
--

LOCK TABLES `citations` WRITE;
/*!40000 ALTER TABLE `citations` DISABLE KEYS */;
set autocommit=0;
/*!40000 ALTER TABLE `citations` ENABLE KEYS */;
UNLOCK TABLES;
commit;

--
-- Table structure for table `completed_payments`
--

DROP TABLE IF EXISTS `completed_payments`;
/*!40101 SET @saved_cs_client     = @@character_set_client */;
/*!40101 SET character_set_client = utf8mb4 */;
CREATE TABLE `completed_payments` (
  `completed_payment_id` bigint NOT NULL AUTO_INCREMENT,
  `timestamp` datetime NOT NULL,
  `payment_type` bigint NOT NULL,
  `context_id` bigint NOT NULL,
  `user_id` bigint DEFAULT NULL,
  `assoc_id` bigint DEFAULT NULL,
  `amount` double(8,2) NOT NULL,
  `currency_code_alpha` varchar(3) DEFAULT NULL,
  `payment_method_plugin_name` varchar(80) DEFAULT NULL,
  PRIMARY KEY (`completed_payment_id`)
) ENGINE=InnoDB DEFAULT CHARSET=utf8mb3;
/*!40101 SET character_set_client = @saved_cs_client */;

--
-- Dumping data for table `completed_payments`
--

LOCK TABLES `completed_payments` WRITE;
/*!40000 ALTER TABLE `completed_payments` DISABLE KEYS */;
set autocommit=0;
/*!40000 ALTER TABLE `completed_payments` ENABLE KEYS */;
UNLOCK TABLES;
commit;

--
-- Table structure for table `controlled_vocab_entries`
--

DROP TABLE IF EXISTS `controlled_vocab_entries`;
/*!40101 SET @saved_cs_client     = @@character_set_client */;
/*!40101 SET character_set_client = utf8mb4 */;
CREATE TABLE `controlled_vocab_entries` (
  `controlled_vocab_entry_id` bigint NOT NULL AUTO_INCREMENT,
  `controlled_vocab_id` bigint NOT NULL,
  `seq` double(8,2) DEFAULT NULL,
  PRIMARY KEY (`controlled_vocab_entry_id`),
  KEY `controlled_vocab_entries_cv_id` (`controlled_vocab_id`,`seq`)
) ENGINE=InnoDB AUTO_INCREMENT=144 DEFAULT CHARSET=utf8mb3;
/*!40101 SET character_set_client = @saved_cs_client */;

--
-- Dumping data for table `controlled_vocab_entries`
--

LOCK TABLES `controlled_vocab_entries` WRITE;
/*!40000 ALTER TABLE `controlled_vocab_entries` DISABLE KEYS */;
set autocommit=0;
INSERT INTO `controlled_vocab_entries` VALUES
(17,2,1.00),
(18,2,2.00),
(31,7,1.00),
(32,7,2.00),
(35,12,1.00),
(36,12,2.00),
(37,12,3.00),
(38,12,4.00),
(39,17,1.00),
(40,17,2.00),
(41,22,1.00),
(42,22,2.00),
(43,22,3.00),
(44,22,4.00),
(45,22,5.00),
(46,22,6.00),
(47,22,7.00),
(48,37,1.00),
(49,37,2.00),
(50,42,1.00),
(51,42,2.00),
(52,42,3.00),
(53,52,1.00),
(54,57,1.00),
(55,57,2.00),
(56,57,3.00),
(57,57,4.00),
(58,62,1.00),
(59,62,2.00),
(60,67,1.00),
(61,72,1.00),
(62,72,2.00),
(63,72,3.00),
(64,72,4.00),
(65,72,5.00),
(66,72,6.00),
(67,72,7.00),
(68,72,8.00),
(69,72,9.00),
(70,72,10.00),
(71,82,1.00),
(72,82,2.00),
(73,92,1.00),
(74,92,2.00),
(75,92,3.00),
(81,102,1.00),
(94,107,1.00),
(96,112,1.00),
(98,117,1.00),
(100,122,1.00),
(102,127,1.00),
(104,132,1.00),
(106,137,1.00),
(108,142,1.00),
(110,147,1.00),
(114,152,1.00),
(112,157,1.00),
(139,162,1.00),
(142,167,1.00),
(137,172,1.00),
(136,197,1.00),
(135,202,1.00),
(134,207,1.00),
(143,217,1.00);
/*!40000 ALTER TABLE `controlled_vocab_entries` ENABLE KEYS */;
UNLOCK TABLES;
commit;

--
-- Table structure for table `controlled_vocab_entry_settings`
--

DROP TABLE IF EXISTS `controlled_vocab_entry_settings`;
/*!40101 SET @saved_cs_client     = @@character_set_client */;
/*!40101 SET character_set_client = utf8mb4 */;
CREATE TABLE `controlled_vocab_entry_settings` (
  `controlled_vocab_entry_id` bigint NOT NULL,
  `locale` varchar(14) NOT NULL DEFAULT '',
  `setting_name` varchar(255) NOT NULL,
  `setting_value` text,
  `setting_type` varchar(6) NOT NULL,
  UNIQUE KEY `c_v_e_s_pkey` (`controlled_vocab_entry_id`,`locale`,`setting_name`),
  KEY `c_v_e_s_entry_id` (`controlled_vocab_entry_id`)
) ENGINE=InnoDB DEFAULT CHARSET=utf8mb3;
/*!40101 SET character_set_client = @saved_cs_client */;

--
-- Dumping data for table `controlled_vocab_entry_settings`
--

LOCK TABLES `controlled_vocab_entry_settings` WRITE;
/*!40000 ALTER TABLE `controlled_vocab_entry_settings` DISABLE KEYS */;
set autocommit=0;
INSERT INTO `controlled_vocab_entry_settings` VALUES
(17,'en_US','submissionKeyword','Professional Development','string'),
(18,'en_US','submissionKeyword','Social Transformation','string'),
(31,'en_US','submissionKeyword','Professional Development','string'),
(32,'en_US','submissionKeyword','Social Transformation','string'),
(35,'en_US','submissionKeyword','pigs','string'),
(36,'en_US','submissionKeyword','food security','string'),
(37,'en_US','submissionKeyword','Professional Development','string'),
(38,'en_US','submissionKeyword','Social Transformation','string'),
(39,'en_US','submissionKeyword','employees','string'),
(40,'en_US','submissionKeyword','survey','string'),
(41,'en_US','submissionKeyword','Integrating Technology','string'),
(42,'en_US','submissionKeyword','Computer Skills','string'),
(43,'en_US','submissionKeyword','Survey','string'),
(44,'en_US','submissionKeyword','Alberta','string'),
(45,'en_US','submissionKeyword','National','string'),
(46,'en_US','submissionKeyword','Provincial','string'),
(47,'en_US','submissionKeyword','Professional Development','string'),
(48,'en_US','submissionKeyword','education','string'),
(49,'en_US','submissionKeyword','citizenship','string'),
(50,'en_US','submissionKeyword','Common pool resource','string'),
(51,'en_US','submissionKeyword','common property','string'),
(52,'en_US','submissionKeyword','intellectual developments','string'),
(53,'en_US','submissionKeyword','water','string'),
(54,'en_US','submissionKeyword','Development','string'),
(55,'en_US','submissionKeyword','engineering education','string'),
(56,'en_US','submissionKeyword','service learning','string'),
(57,'en_US','submissionKeyword','sustainability','string'),
(58,'en_US','submissionKeyword','pigs','string'),
(59,'en_US','submissionKeyword','food security','string'),
(60,'en_US','submissionKeyword','water','string'),
(61,'en_US','submissionKeyword','21st Century','string'),
(62,'en_US','submissionKeyword','Diversity','string'),
(63,'en_US','submissionKeyword','Multilingual','string'),
(64,'en_US','submissionKeyword','Multiethnic','string'),
(65,'en_US','submissionKeyword','Participatory Pedagogy','string'),
(66,'en_US','submissionKeyword','Language','string'),
(67,'en_US','submissionKeyword','Culture','string'),
(68,'en_US','submissionKeyword','Gender','string'),
(69,'en_US','submissionKeyword','Egalitarianism','string'),
(70,'en_US','submissionKeyword','Social Transformation','string'),
(71,'en_US','submissionKeyword','cattle','string'),
(72,'en_US','submissionKeyword','food security','string'),
(73,'en_US','submissionKeyword','Self-Organization','string'),
(74,'en_US','submissionKeyword','Multi-Level Institutions','string'),
(75,'en_US','submissionKeyword','Goverance','string'),
(81,'en_US','submissionKeyword','KIM','string'),
(94,'en_US','submissionKeyword','UNIMS e-Journals','string'),
(96,'en_US','submissionKeyword','JKI','string'),
(98,'en_US','submissionKeyword','heiJOURNALS','string'),
(100,'en_US','submissionKeyword','DAI AA','string'),
(102,'en_US','submissionKeyword','TIB','string'),
(104,'en_US','submissionKeyword','JOSIS','string'),
(106,'en_US','submissionKeyword','EarthArXiv','string'),
(108,'en_US','submissionKeyword','EvoEcoArXiv','string'),
(110,'en_US','submissionKeyword','ZHB Luzern','string'),
(112,'en_US','submissionKeyword','GEUS Bulletin','string'),
(114,'en_US','submissionKeyword','Volcanica','string'),
(134,'en_US','submissionKeyword','TIB','string'),
(135,'en_US','submissionKeyword','TIB','string'),
(136,'en_US','submissionKeyword','JOSIS','string'),
(137,'en_US','submissionKeyword','heiJOURNALS','string'),
(139,'en_US','submissionKeyword','EarthArXiv','string'),
(142,'en_US','submissionKeyword','UNIMS e-Journals','string'),
(143,'en_US','submissionKeyword','Volcanica','string');
/*!40000 ALTER TABLE `controlled_vocab_entry_settings` ENABLE KEYS */;
UNLOCK TABLES;
commit;

--
-- Table structure for table `controlled_vocabs`
--

DROP TABLE IF EXISTS `controlled_vocabs`;
/*!40101 SET @saved_cs_client     = @@character_set_client */;
/*!40101 SET character_set_client = utf8mb4 */;
CREATE TABLE `controlled_vocabs` (
  `controlled_vocab_id` bigint NOT NULL AUTO_INCREMENT,
  `symbolic` varchar(64) NOT NULL,
  `assoc_type` bigint NOT NULL DEFAULT '0',
  `assoc_id` bigint NOT NULL DEFAULT '0',
  PRIMARY KEY (`controlled_vocab_id`),
  UNIQUE KEY `controlled_vocab_symbolic` (`symbolic`,`assoc_type`,`assoc_id`)
) ENGINE=InnoDB AUTO_INCREMENT=222 DEFAULT CHARSET=utf8mb3;
/*!40101 SET character_set_client = @saved_cs_client */;

--
-- Dumping data for table `controlled_vocabs`
--

LOCK TABLES `controlled_vocabs` WRITE;
/*!40000 ALTER TABLE `controlled_vocabs` DISABLE KEYS */;
set autocommit=0;
INSERT INTO `controlled_vocabs` VALUES
(1,'interest',0,0),
(6,'submissionAgency',1048588,1),
(11,'submissionAgency',1048588,2),
(16,'submissionAgency',1048588,3),
(21,'submissionAgency',1048588,4),
(26,'submissionAgency',1048588,5),
(31,'submissionAgency',1048588,6),
(36,'submissionAgency',1048588,7),
(41,'submissionAgency',1048588,8),
(46,'submissionAgency',1048588,9),
(51,'submissionAgency',1048588,10),
(56,'submissionAgency',1048588,11),
(61,'submissionAgency',1048588,12),
(66,'submissionAgency',1048588,13),
(71,'submissionAgency',1048588,14),
(76,'submissionAgency',1048588,15),
(81,'submissionAgency',1048588,16),
(86,'submissionAgency',1048588,17),
(91,'submissionAgency',1048588,18),
(96,'submissionAgency',1048588,19),
(101,'submissionAgency',1048588,20),
(106,'submissionAgency',1048588,21),
(111,'submissionAgency',1048588,22),
(116,'submissionAgency',1048588,23),
(121,'submissionAgency',1048588,24),
(126,'submissionAgency',1048588,25),
(131,'submissionAgency',1048588,26),
(136,'submissionAgency',1048588,27),
(141,'submissionAgency',1048588,28),
(146,'submissionAgency',1048588,29),
(151,'submissionAgency',1048588,30),
(156,'submissionAgency',1048588,31),
(161,'submissionAgency',1048588,32),
(166,'submissionAgency',1048588,33),
(171,'submissionAgency',1048588,34),
(176,'submissionAgency',1048588,35),
(181,'submissionAgency',1048588,36),
(186,'submissionAgency',1048588,37),
(191,'submissionAgency',1048588,38),
(196,'submissionAgency',1048588,39),
(201,'submissionAgency',1048588,40),
(206,'submissionAgency',1048588,41),
(211,'submissionAgency',1048588,42),
(216,'submissionAgency',1048588,43),
(221,'submissionAgency',1048588,44),
(4,'submissionDiscipline',1048588,1),
(9,'submissionDiscipline',1048588,2),
(14,'submissionDiscipline',1048588,3),
(19,'submissionDiscipline',1048588,4),
(24,'submissionDiscipline',1048588,5),
(29,'submissionDiscipline',1048588,6),
(34,'submissionDiscipline',1048588,7),
(39,'submissionDiscipline',1048588,8),
(44,'submissionDiscipline',1048588,9),
(49,'submissionDiscipline',1048588,10),
(54,'submissionDiscipline',1048588,11),
(59,'submissionDiscipline',1048588,12),
(64,'submissionDiscipline',1048588,13),
(69,'submissionDiscipline',1048588,14),
(74,'submissionDiscipline',1048588,15),
(79,'submissionDiscipline',1048588,16),
(84,'submissionDiscipline',1048588,17),
(89,'submissionDiscipline',1048588,18),
(94,'submissionDiscipline',1048588,19),
(99,'submissionDiscipline',1048588,20),
(104,'submissionDiscipline',1048588,21),
(109,'submissionDiscipline',1048588,22),
(114,'submissionDiscipline',1048588,23),
(119,'submissionDiscipline',1048588,24),
(124,'submissionDiscipline',1048588,25),
(129,'submissionDiscipline',1048588,26),
(134,'submissionDiscipline',1048588,27),
(139,'submissionDiscipline',1048588,28),
(144,'submissionDiscipline',1048588,29),
(149,'submissionDiscipline',1048588,30),
(154,'submissionDiscipline',1048588,31),
(159,'submissionDiscipline',1048588,32),
(164,'submissionDiscipline',1048588,33),
(169,'submissionDiscipline',1048588,34),
(174,'submissionDiscipline',1048588,35),
(179,'submissionDiscipline',1048588,36),
(184,'submissionDiscipline',1048588,37),
(189,'submissionDiscipline',1048588,38),
(194,'submissionDiscipline',1048588,39),
(199,'submissionDiscipline',1048588,40),
(204,'submissionDiscipline',1048588,41),
(209,'submissionDiscipline',1048588,42),
(214,'submissionDiscipline',1048588,43),
(219,'submissionDiscipline',1048588,44),
(2,'submissionKeyword',1048588,1),
(7,'submissionKeyword',1048588,2),
(12,'submissionKeyword',1048588,3),
(17,'submissionKeyword',1048588,4),
(22,'submissionKeyword',1048588,5),
(27,'submissionKeyword',1048588,6),
(32,'submissionKeyword',1048588,7),
(37,'submissionKeyword',1048588,8),
(42,'submissionKeyword',1048588,9),
(47,'submissionKeyword',1048588,10),
(52,'submissionKeyword',1048588,11),
(57,'submissionKeyword',1048588,12),
(62,'submissionKeyword',1048588,13),
(67,'submissionKeyword',1048588,14),
(72,'submissionKeyword',1048588,15),
(77,'submissionKeyword',1048588,16),
(82,'submissionKeyword',1048588,17),
(87,'submissionKeyword',1048588,18),
(92,'submissionKeyword',1048588,19),
(97,'submissionKeyword',1048588,20),
(102,'submissionKeyword',1048588,21),
(107,'submissionKeyword',1048588,22),
(112,'submissionKeyword',1048588,23),
(117,'submissionKeyword',1048588,24),
(122,'submissionKeyword',1048588,25),
(127,'submissionKeyword',1048588,26),
(132,'submissionKeyword',1048588,27),
(137,'submissionKeyword',1048588,28),
(142,'submissionKeyword',1048588,29),
(147,'submissionKeyword',1048588,30),
(152,'submissionKeyword',1048588,31),
(157,'submissionKeyword',1048588,32),
(162,'submissionKeyword',1048588,33),
(167,'submissionKeyword',1048588,34),
(172,'submissionKeyword',1048588,35),
(177,'submissionKeyword',1048588,36),
(182,'submissionKeyword',1048588,37),
(187,'submissionKeyword',1048588,38),
(192,'submissionKeyword',1048588,39),
(197,'submissionKeyword',1048588,40),
(202,'submissionKeyword',1048588,41),
(207,'submissionKeyword',1048588,42),
(212,'submissionKeyword',1048588,43),
(217,'submissionKeyword',1048588,44),
(5,'submissionLanguage',1048588,1),
(10,'submissionLanguage',1048588,2),
(15,'submissionLanguage',1048588,3),
(20,'submissionLanguage',1048588,4),
(25,'submissionLanguage',1048588,5),
(30,'submissionLanguage',1048588,6),
(35,'submissionLanguage',1048588,7),
(40,'submissionLanguage',1048588,8),
(45,'submissionLanguage',1048588,9),
(50,'submissionLanguage',1048588,10),
(55,'submissionLanguage',1048588,11),
(60,'submissionLanguage',1048588,12),
(65,'submissionLanguage',1048588,13),
(70,'submissionLanguage',1048588,14),
(75,'submissionLanguage',1048588,15),
(80,'submissionLanguage',1048588,16),
(85,'submissionLanguage',1048588,17),
(90,'submissionLanguage',1048588,18),
(95,'submissionLanguage',1048588,19),
(100,'submissionLanguage',1048588,20),
(105,'submissionLanguage',1048588,21),
(110,'submissionLanguage',1048588,22),
(115,'submissionLanguage',1048588,23),
(120,'submissionLanguage',1048588,24),
(125,'submissionLanguage',1048588,25),
(130,'submissionLanguage',1048588,26),
(135,'submissionLanguage',1048588,27),
(140,'submissionLanguage',1048588,28),
(145,'submissionLanguage',1048588,29),
(150,'submissionLanguage',1048588,30),
(155,'submissionLanguage',1048588,31),
(160,'submissionLanguage',1048588,32),
(165,'submissionLanguage',1048588,33),
(170,'submissionLanguage',1048588,34),
(175,'submissionLanguage',1048588,35),
(180,'submissionLanguage',1048588,36),
(185,'submissionLanguage',1048588,37),
(190,'submissionLanguage',1048588,38),
(195,'submissionLanguage',1048588,39),
(200,'submissionLanguage',1048588,40),
(205,'submissionLanguage',1048588,41),
(210,'submissionLanguage',1048588,42),
(215,'submissionLanguage',1048588,43),
(220,'submissionLanguage',1048588,44),
(3,'submissionSubject',1048588,1),
(8,'submissionSubject',1048588,2),
(13,'submissionSubject',1048588,3),
(18,'submissionSubject',1048588,4),
(23,'submissionSubject',1048588,5),
(28,'submissionSubject',1048588,6),
(33,'submissionSubject',1048588,7),
(38,'submissionSubject',1048588,8),
(43,'submissionSubject',1048588,9),
(48,'submissionSubject',1048588,10),
(53,'submissionSubject',1048588,11),
(58,'submissionSubject',1048588,12),
(63,'submissionSubject',1048588,13),
(68,'submissionSubject',1048588,14),
(73,'submissionSubject',1048588,15),
(78,'submissionSubject',1048588,16),
(83,'submissionSubject',1048588,17),
(88,'submissionSubject',1048588,18),
(93,'submissionSubject',1048588,19),
(98,'submissionSubject',1048588,20),
(103,'submissionSubject',1048588,21),
(108,'submissionSubject',1048588,22),
(113,'submissionSubject',1048588,23),
(118,'submissionSubject',1048588,24),
(123,'submissionSubject',1048588,25),
(128,'submissionSubject',1048588,26),
(133,'submissionSubject',1048588,27),
(138,'submissionSubject',1048588,28),
(143,'submissionSubject',1048588,29),
(148,'submissionSubject',1048588,30),
(153,'submissionSubject',1048588,31),
(158,'submissionSubject',1048588,32),
(163,'submissionSubject',1048588,33),
(168,'submissionSubject',1048588,34),
(173,'submissionSubject',1048588,35),
(178,'submissionSubject',1048588,36),
(183,'submissionSubject',1048588,37),
(188,'submissionSubject',1048588,38),
(193,'submissionSubject',1048588,39),
(198,'submissionSubject',1048588,40),
(203,'submissionSubject',1048588,41),
(208,'submissionSubject',1048588,42),
(213,'submissionSubject',1048588,43),
(218,'submissionSubject',1048588,44);
/*!40000 ALTER TABLE `controlled_vocabs` ENABLE KEYS */;
UNLOCK TABLES;
commit;

--
-- Table structure for table `custom_issue_orders`
--

DROP TABLE IF EXISTS `custom_issue_orders`;
/*!40101 SET @saved_cs_client     = @@character_set_client */;
/*!40101 SET character_set_client = utf8mb4 */;
CREATE TABLE `custom_issue_orders` (
  `issue_id` bigint NOT NULL,
  `journal_id` bigint NOT NULL,
  `seq` double(8,2) NOT NULL DEFAULT '0.00',
  UNIQUE KEY `custom_issue_orders_pkey` (`issue_id`)
) ENGINE=InnoDB DEFAULT CHARSET=utf8mb3;
/*!40101 SET character_set_client = @saved_cs_client */;

--
-- Dumping data for table `custom_issue_orders`
--

LOCK TABLES `custom_issue_orders` WRITE;
/*!40000 ALTER TABLE `custom_issue_orders` DISABLE KEYS */;
set autocommit=0;
/*!40000 ALTER TABLE `custom_issue_orders` ENABLE KEYS */;
UNLOCK TABLES;
commit;

--
-- Table structure for table `custom_section_orders`
--

DROP TABLE IF EXISTS `custom_section_orders`;
/*!40101 SET @saved_cs_client     = @@character_set_client */;
/*!40101 SET character_set_client = utf8mb4 */;
CREATE TABLE `custom_section_orders` (
  `issue_id` bigint NOT NULL,
  `section_id` bigint NOT NULL,
  `seq` double(8,2) NOT NULL DEFAULT '0.00',
  UNIQUE KEY `custom_section_orders_pkey` (`issue_id`,`section_id`)
) ENGINE=InnoDB DEFAULT CHARSET=utf8mb3;
/*!40101 SET character_set_client = @saved_cs_client */;

--
-- Dumping data for table `custom_section_orders`
--

LOCK TABLES `custom_section_orders` WRITE;
/*!40000 ALTER TABLE `custom_section_orders` DISABLE KEYS */;
set autocommit=0;
/*!40000 ALTER TABLE `custom_section_orders` ENABLE KEYS */;
UNLOCK TABLES;
commit;

--
-- Table structure for table `data_object_tombstone_oai_set_objects`
--

DROP TABLE IF EXISTS `data_object_tombstone_oai_set_objects`;
/*!40101 SET @saved_cs_client     = @@character_set_client */;
/*!40101 SET character_set_client = utf8mb4 */;
CREATE TABLE `data_object_tombstone_oai_set_objects` (
  `object_id` bigint NOT NULL AUTO_INCREMENT,
  `tombstone_id` bigint NOT NULL,
  `assoc_type` bigint NOT NULL,
  `assoc_id` bigint NOT NULL,
  PRIMARY KEY (`object_id`),
  KEY `data_object_tombstone_oai_set_objects_tombstone_id` (`tombstone_id`)
) ENGINE=InnoDB AUTO_INCREMENT=9 DEFAULT CHARSET=utf8mb3;
/*!40101 SET character_set_client = @saved_cs_client */;

--
-- Dumping data for table `data_object_tombstone_oai_set_objects`
--

LOCK TABLES `data_object_tombstone_oai_set_objects` WRITE;
/*!40000 ALTER TABLE `data_object_tombstone_oai_set_objects` DISABLE KEYS */;
set autocommit=0;
/*!40000 ALTER TABLE `data_object_tombstone_oai_set_objects` ENABLE KEYS */;
UNLOCK TABLES;
commit;

--
-- Table structure for table `data_object_tombstone_settings`
--

DROP TABLE IF EXISTS `data_object_tombstone_settings`;
/*!40101 SET @saved_cs_client     = @@character_set_client */;
/*!40101 SET character_set_client = utf8mb4 */;
CREATE TABLE `data_object_tombstone_settings` (
  `tombstone_id` bigint NOT NULL,
  `locale` varchar(14) NOT NULL DEFAULT '',
  `setting_name` varchar(255) NOT NULL,
  `setting_value` text,
  `setting_type` varchar(6) NOT NULL COMMENT '(bool|int|float|string|object)',
  UNIQUE KEY `data_object_tombstone_settings_pkey` (`tombstone_id`,`locale`,`setting_name`),
  KEY `data_object_tombstone_settings_tombstone_id` (`tombstone_id`)
) ENGINE=InnoDB DEFAULT CHARSET=utf8mb3;
/*!40101 SET character_set_client = @saved_cs_client */;

--
-- Dumping data for table `data_object_tombstone_settings`
--

LOCK TABLES `data_object_tombstone_settings` WRITE;
/*!40000 ALTER TABLE `data_object_tombstone_settings` DISABLE KEYS */;
set autocommit=0;
/*!40000 ALTER TABLE `data_object_tombstone_settings` ENABLE KEYS */;
UNLOCK TABLES;
commit;

--
-- Table structure for table `data_object_tombstones`
--

DROP TABLE IF EXISTS `data_object_tombstones`;
/*!40101 SET @saved_cs_client     = @@character_set_client */;
/*!40101 SET character_set_client = utf8mb4 */;
CREATE TABLE `data_object_tombstones` (
  `tombstone_id` bigint NOT NULL AUTO_INCREMENT,
  `data_object_id` bigint NOT NULL,
  `date_deleted` datetime NOT NULL,
  `set_spec` varchar(255) NOT NULL,
  `set_name` varchar(255) NOT NULL,
  `oai_identifier` varchar(255) NOT NULL,
  PRIMARY KEY (`tombstone_id`),
  KEY `data_object_tombstones_data_object_id` (`data_object_id`)
) ENGINE=InnoDB AUTO_INCREMENT=5 DEFAULT CHARSET=utf8mb3;
/*!40101 SET character_set_client = @saved_cs_client */;

--
-- Dumping data for table `data_object_tombstones`
--

LOCK TABLES `data_object_tombstones` WRITE;
/*!40000 ALTER TABLE `data_object_tombstones` DISABLE KEYS */;
set autocommit=0;
/*!40000 ALTER TABLE `data_object_tombstones` ENABLE KEYS */;
UNLOCK TABLES;
commit;

--
-- Table structure for table `edit_decisions`
--

DROP TABLE IF EXISTS `edit_decisions`;
/*!40101 SET @saved_cs_client     = @@character_set_client */;
/*!40101 SET character_set_client = utf8mb4 */;
CREATE TABLE `edit_decisions` (
  `edit_decision_id` bigint NOT NULL AUTO_INCREMENT,
  `submission_id` bigint NOT NULL,
  `review_round_id` bigint NOT NULL,
  `stage_id` bigint DEFAULT NULL,
  `round` smallint NOT NULL,
  `editor_id` bigint NOT NULL,
  `decision` smallint NOT NULL,
  `date_decided` datetime NOT NULL,
  PRIMARY KEY (`edit_decision_id`),
  KEY `edit_decisions_submission_id` (`submission_id`),
  KEY `edit_decisions_editor_id` (`editor_id`)
) ENGINE=InnoDB AUTO_INCREMENT=56 DEFAULT CHARSET=utf8mb3;
/*!40101 SET character_set_client = @saved_cs_client */;

--
-- Dumping data for table `edit_decisions`
--

LOCK TABLES `edit_decisions` WRITE;
/*!40000 ALTER TABLE `edit_decisions` DISABLE KEYS */;
set autocommit=0;
INSERT INTO `edit_decisions` VALUES
(1,1,0,1,0,3,8,'2025-07-11 05:38:19'),
(2,1,1,3,1,3,1,'2025-07-11 05:38:32'),
(3,1,0,4,0,3,7,'2025-07-11 05:38:37'),
(4,2,0,1,0,3,8,'2025-07-11 05:40:16'),
(5,2,2,3,1,6,11,'2025-07-11 05:40:27'),
(6,3,0,1,0,3,8,'2025-07-11 05:40:41'),
(7,3,3,3,1,3,1,'2025-07-11 05:40:50'),
(8,5,0,1,0,3,8,'2025-07-11 05:41:17'),
(9,5,4,3,1,3,1,'2025-07-11 05:41:25'),
(10,5,0,4,0,3,7,'2025-07-11 05:41:30'),
(11,6,0,1,0,3,8,'2025-07-11 05:41:48'),
(12,6,5,3,1,3,1,'2025-07-11 05:41:57'),
(13,6,0,4,0,3,7,'2025-07-11 05:42:02'),
(14,7,0,1,0,3,8,'2025-07-11 05:42:17'),
(15,9,0,1,0,3,8,'2025-07-11 05:42:56'),
(16,9,7,3,1,3,1,'2025-07-11 05:43:06'),
(17,9,0,4,0,3,7,'2025-07-11 05:43:10'),
(18,10,0,1,0,3,8,'2025-07-11 05:43:28'),
(19,12,0,1,0,3,8,'2025-07-11 05:44:12'),
(20,13,0,1,0,3,8,'2025-07-11 05:44:33'),
(21,13,10,3,1,3,2,'2025-07-11 05:45:08'),
(22,15,0,1,0,3,8,'2025-07-11 05:45:30'),
(23,15,11,3,1,3,1,'2025-07-11 05:45:39'),
(24,15,0,4,0,3,7,'2025-07-11 05:45:44'),
(25,17,0,1,0,3,8,'2025-07-11 05:46:10'),
(26,17,12,3,1,3,1,'2025-07-11 05:46:18'),
(27,17,0,4,0,3,7,'2025-07-11 05:46:23'),
(28,18,0,1,0,3,9,'2025-07-11 05:47:22'),
(29,19,0,1,0,3,8,'2025-07-11 05:47:34'),
(30,19,13,3,1,3,1,'2025-07-11 05:47:43'),
(31,20,0,1,0,1,1,'2025-07-14 11:56:29'),
(32,20,0,4,0,1,7,'2025-07-14 11:57:42'),
(33,21,0,1,0,1,1,'2025-07-14 13:05:12'),
(34,21,0,4,0,1,7,'2025-07-14 13:05:21'),
(35,22,0,1,0,1,1,'2025-07-14 13:06:49'),
(36,22,0,4,0,1,7,'2025-07-14 13:06:55'),
(37,23,0,1,0,1,1,'2025-07-14 13:07:24'),
(38,24,0,1,0,1,1,'2025-07-14 13:07:54'),
(39,25,0,1,0,1,1,'2025-07-14 13:08:25'),
(40,26,0,1,0,1,1,'2025-07-14 13:08:57'),
(41,27,0,1,0,1,1,'2025-07-14 13:10:15'),
(42,28,0,1,0,1,1,'2025-07-14 13:11:01'),
(43,29,0,1,0,1,1,'2025-07-14 13:11:44'),
(44,31,0,1,0,1,1,'2025-07-14 13:12:19'),
(45,30,0,1,0,1,1,'2025-07-14 13:12:49'),
(50,32,0,1,0,1,1,'2025-07-14 14:16:42'),
(51,33,0,1,0,1,1,'2025-07-14 14:17:15'),
(52,34,0,1,0,1,1,'2025-07-14 14:17:45'),
(53,39,0,1,0,1,1,'2025-07-14 14:18:27'),
(54,40,0,1,0,1,1,'2025-07-14 14:19:00'),
(55,41,0,1,0,1,1,'2025-07-14 14:19:31');
/*!40000 ALTER TABLE `edit_decisions` ENABLE KEYS */;
UNLOCK TABLES;
commit;

--
-- Table structure for table `email_log`
--

DROP TABLE IF EXISTS `email_log`;
/*!40101 SET @saved_cs_client     = @@character_set_client */;
/*!40101 SET character_set_client = utf8mb4 */;
CREATE TABLE `email_log` (
  `log_id` bigint NOT NULL AUTO_INCREMENT,
  `assoc_type` bigint NOT NULL,
  `assoc_id` bigint NOT NULL,
  `sender_id` bigint NOT NULL,
  `date_sent` datetime NOT NULL,
  `event_type` bigint DEFAULT NULL,
  `from_address` varchar(255) DEFAULT NULL,
  `recipients` text,
  `cc_recipients` text,
  `bcc_recipients` text,
  `subject` varchar(255) DEFAULT NULL,
  `body` text,
  PRIMARY KEY (`log_id`),
  KEY `email_log_assoc` (`assoc_type`,`assoc_id`)
) ENGINE=InnoDB AUTO_INCREMENT=73 DEFAULT CHARSET=utf8mb3;
/*!40101 SET character_set_client = @saved_cs_client */;

--
-- Dumping data for table `email_log`
--

LOCK TABLES `email_log` WRITE;
/*!40000 ALTER TABLE `email_log` DISABLE KEYS */;
set autocommit=0;
INSERT INTO `email_log` VALUES
(1,1048585,1,17,'2025-07-11 05:38:17',NULL,'\"Ramiro Vaca\" <rvaca@mailinator.com>','\"Alan Mwandenga\" <amwandenga@mailinator.com>',NULL,'dbuskins@mailinator.com, sberardo@mailinator.com','[JPKJPK] Submission Acknowledgement','Alan Mwandenga:<br />\n<br />\nThank you for submitting the manuscript, &quot;Signalling Theory Dividends: A Review Of The Literature And Empirical Evidence&quot; to Journal of Public Knowledge. With the online journal management system that we are using, you will be able to track its progress through the editorial process by logging in to the journal web site:<br />\n<br />\nSubmission URL: <a href=\'http://localhost/index.php/publicknowledge/authorDashboard/submission/1\' class=\'submissionUrl-style-class\'>http://localhost/index.php/publicknowledge/authorDashboard/submission/1</a><br />\nUsername: amwandenga<br />\n<br />\nIf you have any questions, please contact me. Thank you for considering this journal as a venue for your work.<br />\n<br />\nRamiro Vaca<br/><br/>\n________________________________________________________________________<br/>\n<a href=\"http://localhost/index.php/publicknowledge\">Journal of Public Knowledge</a>'),
(2,1048585,1,3,'2025-07-11 05:38:24',NULL,'\"Daniel Barnes\" <dbarnes@mailinator.com>','\"Julie Janssen\" <jjanssen@mailinator.com>',NULL,NULL,'[JPKJPK] Article Review Request','<p>Julie Janssen:<br><br>I believe that you would serve as an excellent reviewer of the manuscript, \"Signalling Theory Dividends: A Review Of The Literature And Empirical Evidence,\" which has been submitted to Journal of Public Knowledge. The submission\'s abstract is inserted below, and I hope that you will consider undertaking this important task for us.<br><br>Please log into the journal web site by 2025-08-08 to indicate whether you will undertake the review or not, as well as to access the submission and to record your review and recommendation. The web site is <a class=\"contextUrl-style-class\" href=\"http://localhost/index.php/publicknowledge\">http://localhost/index.php/publicknowledge</a><br><br>The review itself is due 2025-08-08.<br><br>If you do not have your username and password for the journal\'s web site, you can use this link to reset your password (which will then be emailed to you along with your username). <a class=\"passwordResetUrl-style-class\" href=\"http://localhost/index.php/publicknowledge/login/lostPassword\">http://localhost/index.php/publicknowledge/login/lostPassword</a><br><br>Submission URL: <a href=\'http://localhost/index.php/publicknowledge/reviewer/submission?submissionId=1\' class=\'submissionReviewUrl-style-class\'>http://localhost/index.php/publicknowledge/reviewer/submission?submissionId=1</a><br><br>Thank you for considering this request.<br><br>Daniel Barnes<br>University of Melbourne<br>dbarnes@mailinator.com<br><br>\"Signalling Theory Dividends: A Review Of The Literature And Empirical Evidence\"<br><br></p>\r\n<p>The signaling theory suggests that dividends signal future prospects of a firm. However, recent empirical evidence from the US and the Uk does not offer a conclusive evidence on this issue. There are conflicting policy implications among financial economists so much that there is no practical dividend policy guidance to management, existing and potential investors in shareholding. Since corporate investment, financing and distribution decisions are a continuous function of management, the dividend decisions seem to rely on intuitive evaluation.</p><br/><br/>\n________________________________________________________________________<br/>\n<a href=\"http://localhost/index.php/publicknowledge\">Journal of Public Knowledge</a>'),
(3,1048585,1,3,'2025-07-11 05:38:27',NULL,'\"Daniel Barnes\" <dbarnes@mailinator.com>','\"Aisla McCrae\" <amccrae@mailinator.com>',NULL,NULL,'[JPKJPK] Article Review Request','<p>Aisla McCrae:<br><br>I believe that you would serve as an excellent reviewer of the manuscript, \"Signalling Theory Dividends: A Review Of The Literature And Empirical Evidence,\" which has been submitted to Journal of Public Knowledge. The submission\'s abstract is inserted below, and I hope that you will consider undertaking this important task for us.<br><br>Please log into the journal web site by 2025-08-08 to indicate whether you will undertake the review or not, as well as to access the submission and to record your review and recommendation. The web site is <a class=\"contextUrl-style-class\" href=\"http://localhost/index.php/publicknowledge\">http://localhost/index.php/publicknowledge</a><br><br>The review itself is due 2025-08-08.<br><br>If you do not have your username and password for the journal\'s web site, you can use this link to reset your password (which will then be emailed to you along with your username). <a class=\"passwordResetUrl-style-class\" href=\"http://localhost/index.php/publicknowledge/login/lostPassword\">http://localhost/index.php/publicknowledge/login/lostPassword</a><br><br>Submission URL: <a href=\'http://localhost/index.php/publicknowledge/reviewer/submission?submissionId=1\' class=\'submissionReviewUrl-style-class\'>http://localhost/index.php/publicknowledge/reviewer/submission?submissionId=1</a><br><br>Thank you for considering this request.<br><br>Daniel Barnes<br>University of Melbourne<br>dbarnes@mailinator.com<br><br>\"Signalling Theory Dividends: A Review Of The Literature And Empirical Evidence\"<br><br></p>\r\n<p>The signaling theory suggests that dividends signal future prospects of a firm. However, recent empirical evidence from the US and the Uk does not offer a conclusive evidence on this issue. There are conflicting policy implications among financial economists so much that there is no practical dividend policy guidance to management, existing and potential investors in shareholding. Since corporate investment, financing and distribution decisions are a continuous function of management, the dividend decisions seem to rely on intuitive evaluation.</p><br/><br/>\n________________________________________________________________________<br/>\n<a href=\"http://localhost/index.php/publicknowledge\">Journal of Public Knowledge</a>'),
(4,1048585,1,3,'2025-07-11 05:38:31',NULL,'\"Daniel Barnes\" <dbarnes@mailinator.com>','\"Adela Gallego\" <agallego@mailinator.com>',NULL,NULL,'[JPKJPK] Article Review Request','<p>Adela Gallego:<br><br>I believe that you would serve as an excellent reviewer of the manuscript, \"Signalling Theory Dividends: A Review Of The Literature And Empirical Evidence,\" which has been submitted to Journal of Public Knowledge. The submission\'s abstract is inserted below, and I hope that you will consider undertaking this important task for us.<br><br>Please log into the journal web site by 2025-08-08 to indicate whether you will undertake the review or not, as well as to access the submission and to record your review and recommendation. The web site is <a class=\"contextUrl-style-class\" href=\"http://localhost/index.php/publicknowledge\">http://localhost/index.php/publicknowledge</a><br><br>The review itself is due 2025-08-08.<br><br>If you do not have your username and password for the journal\'s web site, you can use this link to reset your password (which will then be emailed to you along with your username). <a class=\"passwordResetUrl-style-class\" href=\"http://localhost/index.php/publicknowledge/login/lostPassword\">http://localhost/index.php/publicknowledge/login/lostPassword</a><br><br>Submission URL: <a href=\'http://localhost/index.php/publicknowledge/reviewer/submission?submissionId=1\' class=\'submissionReviewUrl-style-class\'>http://localhost/index.php/publicknowledge/reviewer/submission?submissionId=1</a><br><br>Thank you for considering this request.<br><br>Daniel Barnes<br>University of Melbourne<br>dbarnes@mailinator.com<br><br>\"Signalling Theory Dividends: A Review Of The Literature And Empirical Evidence\"<br><br></p>\r\n<p>The signaling theory suggests that dividends signal future prospects of a firm. However, recent empirical evidence from the US and the Uk does not offer a conclusive evidence on this issue. There are conflicting policy implications among financial economists so much that there is no practical dividend policy guidance to management, existing and potential investors in shareholding. Since corporate investment, financing and distribution decisions are a continuous function of management, the dividend decisions seem to rely on intuitive evaluation.</p><br/><br/>\n________________________________________________________________________<br/>\n<a href=\"http://localhost/index.php/publicknowledge\">Journal of Public Knowledge</a>'),
(5,1048585,1,3,'2025-07-11 05:38:32',805306369,'\"Daniel Barnes\" <dbarnes@mailinator.com>','\"Alan Mwandenga\" <amwandenga@mailinator.com>',NULL,NULL,'[JPKJPK] Editor Decision','<p>Alan Mwandenga:<br><br>We have reached a decision regarding your submission to Journal of Public Knowledge, \"Signalling Theory Dividends: A Review Of The Literature And Empirical Evidence\".<br><br>Our decision is to: Accept Submission</p><br/><br/>\n________________________________________________________________________<br/>\n<a href=\"http://localhost/index.php/publicknowledge\">Journal of Public Knowledge</a>'),
(6,1048585,1,3,'2025-07-11 05:38:37',805306369,'\"Daniel Barnes\" <dbarnes@mailinator.com>','\"Alan Mwandenga\" <amwandenga@mailinator.com>',NULL,NULL,'[JPKJPK] Editor Decision','<p>Alan Mwandenga:<br><br>The editing of your submission, \"Signalling Theory Dividends: A Review Of The Literature And Empirical Evidence,\" is complete. We are now sending it to production.<br><br>Submission URL: <a class=\"submissionUrl-style-class\" href=\"http://localhost/index.php/publicknowledge/authorDashboard/submission/1\">http://localhost/index.php/publicknowledge/authorDashboard/submission/1</a></p><br/><br/>\n________________________________________________________________________<br/>\n<a href=\"http://localhost/index.php/publicknowledge\">Journal of Public Knowledge</a>'),
(7,1048585,2,18,'2025-07-11 05:40:13',NULL,'\"Ramiro Vaca\" <rvaca@mailinator.com>','\"Carlo Corino\" <ccorino@mailinator.com>',NULL,'dbuskins@mailinator.com, sberardo@mailinator.com','[JPKJPK] Submission Acknowledgement','Carlo Corino:<br />\n<br />\nThank you for submitting the manuscript, &quot;The influence of lactation on the quantity and quality of cashmere production&quot; to Journal of Public Knowledge. With the online journal management system that we are using, you will be able to track its progress through the editorial process by logging in to the journal web site:<br />\n<br />\nSubmission URL: <a href=\'http://localhost/index.php/publicknowledge/authorDashboard/submission/2\' class=\'submissionUrl-style-class\'>http://localhost/index.php/publicknowledge/authorDashboard/submission/2</a><br />\nUsername: ccorino<br />\n<br />\nIf you have any questions, please contact me. Thank you for considering this journal as a venue for your work.<br />\n<br />\nRamiro Vaca<br/><br/>\n________________________________________________________________________<br/>\n<a href=\"http://localhost/index.php/publicknowledge\">Journal of Public Knowledge</a>'),
(8,1048585,2,6,'2025-07-11 05:40:27',805306372,'\"Minoti Inoue\" <minoue@mailinator.com>','\"Daniel Barnes\" <dbarnes@mailinator.com>, \"David Buskins\" <dbuskins@mailinator.com>, \"Stephanie Berardo\" <sberardo@mailinator.com>',NULL,NULL,'[JPKJPK] Editor Recommendation','<p>Daniel Barnes, David Buskins, Stephanie Berardo:<br><br>The recommendation regarding the submission to Journal of Public Knowledge, \"The influence of lactation on the quantity and quality of cashmere production\" is: Accept Submission</p><br/><br/>\n________________________________________________________________________<br/>\n<a href=\"http://localhost/index.php/publicknowledge\">Journal of Public Knowledge</a>'),
(9,1048585,3,19,'2025-07-11 05:40:39',NULL,'\"Ramiro Vaca\" <rvaca@mailinator.com>','\"Catherine Kwantes\" <ckwantes@mailinator.com>',NULL,'dbuskins@mailinator.com, sberardo@mailinator.com','[JPKJPK] Submission Acknowledgement','Catherine Kwantes:<br />\n<br />\nThank you for submitting the manuscript, &quot;The Facets Of Job Satisfaction: A Nine-Nation Comparative Study Of Construct Equivalence&quot; to Journal of Public Knowledge. With the online journal management system that we are using, you will be able to track its progress through the editorial process by logging in to the journal web site:<br />\n<br />\nSubmission URL: <a href=\'http://localhost/index.php/publicknowledge/authorDashboard/submission/3\' class=\'submissionUrl-style-class\'>http://localhost/index.php/publicknowledge/authorDashboard/submission/3</a><br />\nUsername: ckwantes<br />\n<br />\nIf you have any questions, please contact me. Thank you for considering this journal as a venue for your work.<br />\n<br />\nRamiro Vaca<br/><br/>\n________________________________________________________________________<br/>\n<a href=\"http://localhost/index.php/publicknowledge\">Journal of Public Knowledge</a>'),
(10,1048585,3,3,'2025-07-11 05:40:46',NULL,'\"Daniel Barnes\" <dbarnes@mailinator.com>','\"Aisla McCrae\" <amccrae@mailinator.com>',NULL,NULL,'[JPKJPK] Article Review Request','<p>Aisla McCrae:<br><br>I believe that you would serve as an excellent reviewer of the manuscript, \"The Facets Of Job Satisfaction: A Nine-Nation Comparative Study Of Construct Equivalence,\" which has been submitted to Journal of Public Knowledge. The submission\'s abstract is inserted below, and I hope that you will consider undertaking this important task for us.<br><br>Please log into the journal web site by 2025-08-08 to indicate whether you will undertake the review or not, as well as to access the submission and to record your review and recommendation. The web site is <a class=\"contextUrl-style-class\" href=\"http://localhost/index.php/publicknowledge\">http://localhost/index.php/publicknowledge</a><br><br>The review itself is due 2025-08-08.<br><br>If you do not have your username and password for the journal\'s web site, you can use this link to reset your password (which will then be emailed to you along with your username). <a class=\"passwordResetUrl-style-class\" href=\"http://localhost/index.php/publicknowledge/login/lostPassword\">http://localhost/index.php/publicknowledge/login/lostPassword</a><br><br>Submission URL: <a href=\'http://localhost/index.php/publicknowledge/reviewer/submission?submissionId=3\' class=\'submissionReviewUrl-style-class\'>http://localhost/index.php/publicknowledge/reviewer/submission?submissionId=3</a><br><br>Thank you for considering this request.<br><br>Daniel Barnes<br>University of Melbourne<br>dbarnes@mailinator.com<br><br>\"The Facets Of Job Satisfaction: A Nine-Nation Comparative Study Of Construct Equivalence\"<br><br></p>\r\n<p>Archival data from an attitude survey of employees in a single multinational organization were used to examine the degree to which national culture affects the nature of job satisfaction. Responses from nine countries were compiled to create a benchmark against which nations could be individually compared. Factor analysis revealed four factors: Organizational Communication, Organizational Efficiency/Effectiveness, Organizational Support, and Personal Benefit. Comparisons of factor structures indicated that Organizational Communication exhibited the most construct equivalence, and Personal Benefit the least. The most satisfied employees were those from China, and the least satisfied from Brazil, consistent with previous findings that individuals in collectivistic nations report higher satisfaction. The research findings suggest that national cultural context exerts an effect on the nature of job satisfaction.</p><br/><br/>\n________________________________________________________________________<br/>\n<a href=\"http://localhost/index.php/publicknowledge\">Journal of Public Knowledge</a>'),
(11,1048585,3,3,'2025-07-11 05:40:49',NULL,'\"Daniel Barnes\" <dbarnes@mailinator.com>','\"Adela Gallego\" <agallego@mailinator.com>',NULL,NULL,'[JPKJPK] Article Review Request','<p>Adela Gallego:<br><br>I believe that you would serve as an excellent reviewer of the manuscript, \"The Facets Of Job Satisfaction: A Nine-Nation Comparative Study Of Construct Equivalence,\" which has been submitted to Journal of Public Knowledge. The submission\'s abstract is inserted below, and I hope that you will consider undertaking this important task for us.<br><br>Please log into the journal web site by 2025-08-08 to indicate whether you will undertake the review or not, as well as to access the submission and to record your review and recommendation. The web site is <a class=\"contextUrl-style-class\" href=\"http://localhost/index.php/publicknowledge\">http://localhost/index.php/publicknowledge</a><br><br>The review itself is due 2025-08-08.<br><br>If you do not have your username and password for the journal\'s web site, you can use this link to reset your password (which will then be emailed to you along with your username). <a class=\"passwordResetUrl-style-class\" href=\"http://localhost/index.php/publicknowledge/login/lostPassword\">http://localhost/index.php/publicknowledge/login/lostPassword</a><br><br>Submission URL: <a href=\'http://localhost/index.php/publicknowledge/reviewer/submission?submissionId=3\' class=\'submissionReviewUrl-style-class\'>http://localhost/index.php/publicknowledge/reviewer/submission?submissionId=3</a><br><br>Thank you for considering this request.<br><br>Daniel Barnes<br>University of Melbourne<br>dbarnes@mailinator.com<br><br>\"The Facets Of Job Satisfaction: A Nine-Nation Comparative Study Of Construct Equivalence\"<br><br></p>\r\n<p>Archival data from an attitude survey of employees in a single multinational organization were used to examine the degree to which national culture affects the nature of job satisfaction. Responses from nine countries were compiled to create a benchmark against which nations could be individually compared. Factor analysis revealed four factors: Organizational Communication, Organizational Efficiency/Effectiveness, Organizational Support, and Personal Benefit. Comparisons of factor structures indicated that Organizational Communication exhibited the most construct equivalence, and Personal Benefit the least. The most satisfied employees were those from China, and the least satisfied from Brazil, consistent with previous findings that individuals in collectivistic nations report higher satisfaction. The research findings suggest that national cultural context exerts an effect on the nature of job satisfaction.</p><br/><br/>\n________________________________________________________________________<br/>\n<a href=\"http://localhost/index.php/publicknowledge\">Journal of Public Knowledge</a>'),
(12,1048585,3,3,'2025-07-11 05:40:50',805306369,'\"Daniel Barnes\" <dbarnes@mailinator.com>','\"Catherine Kwantes\" <ckwantes@mailinator.com>',NULL,NULL,'[JPKJPK] Editor Decision','<p>Catherine Kwantes:<br><br>We have reached a decision regarding your submission to Journal of Public Knowledge, \"The Facets Of Job Satisfaction: A Nine-Nation Comparative Study Of Construct Equivalence\".<br><br>Our decision is to: Accept Submission</p><br/><br/>\n________________________________________________________________________<br/>\n<a href=\"http://localhost/index.php/publicknowledge\">Journal of Public Knowledge</a>'),
(13,1048585,4,20,'2025-07-11 05:41:05',NULL,'\"Ramiro Vaca\" <rvaca@mailinator.com>','\"Craig Montgomerie\" <cmontgomerie@mailinator.com>',NULL,'dbuskins@mailinator.com, sberardo@mailinator.com','[JPKJPK] Submission Acknowledgement','Craig Montgomerie:<br />\n<br />\nThank you for submitting the manuscript, &quot;Computer Skill Requirements for New and Existing Teachers: Implications for Policy and Practice&quot; to Journal of Public Knowledge. With the online journal management system that we are using, you will be able to track its progress through the editorial process by logging in to the journal web site:<br />\n<br />\nSubmission URL: <a href=\'http://localhost/index.php/publicknowledge/authorDashboard/submission/4\' class=\'submissionUrl-style-class\'>http://localhost/index.php/publicknowledge/authorDashboard/submission/4</a><br />\nUsername: cmontgomerie<br />\n<br />\nIf you have any questions, please contact me. Thank you for considering this journal as a venue for your work.<br />\n<br />\nRamiro Vaca<br/><br/>\n________________________________________________________________________<br/>\n<a href=\"http://localhost/index.php/publicknowledge\">Journal of Public Knowledge</a>'),
(14,1048585,4,20,'2025-07-11 05:41:06',NULL,'\"Ramiro Vaca\" <rvaca@mailinator.com>','\"Mark Irvine\" <mirvine@mailinator.com>',NULL,NULL,'[JPKJPK] Submission Acknowledgement','Hello,<br />\n<br />\nCraig Montgomerie has submitted the manuscript, &quot;Computer Skill Requirements for New and Existing Teachers: Implications for Policy and Practice&quot; to Journal of Public Knowledge. <br />\n<br />\nIf you have any questions, please contact me. Thank you for considering this journal as a venue for your work.<br />\n<br />\nRamiro Vaca<br/><br/>\n________________________________________________________________________<br/>\n<a href=\"http://localhost/index.php/publicknowledge\">Journal of Public Knowledge</a>'),
(15,1048585,5,21,'2025-07-11 05:41:14',NULL,'\"Ramiro Vaca\" <rvaca@mailinator.com>','\"Diaga Diouf\" <ddiouf@mailinator.com>',NULL,'dbuskins@mailinator.com, sberardo@mailinator.com','[JPKJPK] Submission Acknowledgement','Diaga Diouf:<br />\n<br />\nThank you for submitting the manuscript, &quot;Genetic transformation of forest trees&quot; to Journal of Public Knowledge. With the online journal management system that we are using, you will be able to track its progress through the editorial process by logging in to the journal web site:<br />\n<br />\nSubmission URL: <a href=\'http://localhost/index.php/publicknowledge/authorDashboard/submission/5\' class=\'submissionUrl-style-class\'>http://localhost/index.php/publicknowledge/authorDashboard/submission/5</a><br />\nUsername: ddiouf<br />\n<br />\nIf you have any questions, please contact me. Thank you for considering this journal as a venue for your work.<br />\n<br />\nRamiro Vaca<br/><br/>\n________________________________________________________________________<br/>\n<a href=\"http://localhost/index.php/publicknowledge\">Journal of Public Knowledge</a>'),
(16,1048585,5,3,'2025-07-11 05:41:21',NULL,'\"Daniel Barnes\" <dbarnes@mailinator.com>','\"Paul Hudson\" <phudson@mailinator.com>',NULL,NULL,'[JPKJPK] Article Review Request','<p>Paul Hudson:<br><br>I believe that you would serve as an excellent reviewer of the manuscript, \"Genetic transformation of forest trees,\" which has been submitted to Journal of Public Knowledge. The submission\'s abstract is inserted below, and I hope that you will consider undertaking this important task for us.<br><br>Please log into the journal web site by 2025-08-08 to indicate whether you will undertake the review or not, as well as to access the submission and to record your review and recommendation. The web site is <a class=\"contextUrl-style-class\" href=\"http://localhost/index.php/publicknowledge\">http://localhost/index.php/publicknowledge</a><br><br>The review itself is due 2025-08-08.<br><br>If you do not have your username and password for the journal\'s web site, you can use this link to reset your password (which will then be emailed to you along with your username). <a class=\"passwordResetUrl-style-class\" href=\"http://localhost/index.php/publicknowledge/login/lostPassword\">http://localhost/index.php/publicknowledge/login/lostPassword</a><br><br>Submission URL: <a href=\'http://localhost/index.php/publicknowledge/reviewer/submission?submissionId=5\' class=\'submissionReviewUrl-style-class\'>http://localhost/index.php/publicknowledge/reviewer/submission?submissionId=5</a><br><br>Thank you for considering this request.<br><br>Daniel Barnes<br>University of Melbourne<br>dbarnes@mailinator.com<br><br>\"Genetic transformation of forest trees\"<br><br></p>\r\n<p>In this review, the recent progress on genetic transformation of forest trees were discussed. Its described also, different applications of genetic engineering for improving forest trees or understanding the mechanisms governing genes expression in woody plants.</p><br/><br/>\n________________________________________________________________________<br/>\n<a href=\"http://localhost/index.php/publicknowledge\">Journal of Public Knowledge</a>'),
(17,1048585,5,3,'2025-07-11 05:41:24',NULL,'\"Daniel Barnes\" <dbarnes@mailinator.com>','\"Adela Gallego\" <agallego@mailinator.com>',NULL,NULL,'[JPKJPK] Article Review Request','<p>Adela Gallego:<br><br>I believe that you would serve as an excellent reviewer of the manuscript, \"Genetic transformation of forest trees,\" which has been submitted to Journal of Public Knowledge. The submission\'s abstract is inserted below, and I hope that you will consider undertaking this important task for us.<br><br>Please log into the journal web site by 2025-08-08 to indicate whether you will undertake the review or not, as well as to access the submission and to record your review and recommendation. The web site is <a class=\"contextUrl-style-class\" href=\"http://localhost/index.php/publicknowledge\">http://localhost/index.php/publicknowledge</a><br><br>The review itself is due 2025-08-08.<br><br>If you do not have your username and password for the journal\'s web site, you can use this link to reset your password (which will then be emailed to you along with your username). <a class=\"passwordResetUrl-style-class\" href=\"http://localhost/index.php/publicknowledge/login/lostPassword\">http://localhost/index.php/publicknowledge/login/lostPassword</a><br><br>Submission URL: <a href=\'http://localhost/index.php/publicknowledge/reviewer/submission?submissionId=5\' class=\'submissionReviewUrl-style-class\'>http://localhost/index.php/publicknowledge/reviewer/submission?submissionId=5</a><br><br>Thank you for considering this request.<br><br>Daniel Barnes<br>University of Melbourne<br>dbarnes@mailinator.com<br><br>\"Genetic transformation of forest trees\"<br><br></p>\r\n<p>In this review, the recent progress on genetic transformation of forest trees were discussed. Its described also, different applications of genetic engineering for improving forest trees or understanding the mechanisms governing genes expression in woody plants.</p><br/><br/>\n________________________________________________________________________<br/>\n<a href=\"http://localhost/index.php/publicknowledge\">Journal of Public Knowledge</a>'),
(18,1048585,5,3,'2025-07-11 05:41:25',805306369,'\"Daniel Barnes\" <dbarnes@mailinator.com>','\"Diaga Diouf\" <ddiouf@mailinator.com>',NULL,NULL,'[JPKJPK] Editor Decision','<p>Diaga Diouf:<br><br>We have reached a decision regarding your submission to Journal of Public Knowledge, \"Genetic transformation of forest trees\".<br><br>Our decision is to: Accept Submission</p><br/><br/>\n________________________________________________________________________<br/>\n<a href=\"http://localhost/index.php/publicknowledge\">Journal of Public Knowledge</a>'),
(19,1048585,5,3,'2025-07-11 05:41:30',805306369,'\"Daniel Barnes\" <dbarnes@mailinator.com>','\"Diaga Diouf\" <ddiouf@mailinator.com>',NULL,NULL,'[JPKJPK] Editor Decision','<p>Diaga Diouf:<br><br>The editing of your submission, \"Genetic transformation of forest trees,\" is complete. We are now sending it to production.<br><br>Submission URL: <a class=\"submissionUrl-style-class\" href=\"http://localhost/index.php/publicknowledge/authorDashboard/submission/5\">http://localhost/index.php/publicknowledge/authorDashboard/submission/5</a></p><br/><br/>\n________________________________________________________________________<br/>\n<a href=\"http://localhost/index.php/publicknowledge\">Journal of Public Knowledge</a>'),
(20,1048585,6,22,'2025-07-11 05:41:45',NULL,'\"Ramiro Vaca\" <rvaca@mailinator.com>','\"Dana Phillips\" <dphillips@mailinator.com>',NULL,'dbuskins@mailinator.com, sberardo@mailinator.com','[JPKJPK] Submission Acknowledgement','Dana Phillips:<br />\n<br />\nThank you for submitting the manuscript, &quot;Investigating the Shared Background Required for Argument: A Critique of Fogelin\'s Thesis on Deep Disagreement&quot; to Journal of Public Knowledge. With the online journal management system that we are using, you will be able to track its progress through the editorial process by logging in to the journal web site:<br />\n<br />\nSubmission URL: <a href=\'http://localhost/index.php/publicknowledge/authorDashboard/submission/6\' class=\'submissionUrl-style-class\'>http://localhost/index.php/publicknowledge/authorDashboard/submission/6</a><br />\nUsername: dphillips<br />\n<br />\nIf you have any questions, please contact me. Thank you for considering this journal as a venue for your work.<br />\n<br />\nRamiro Vaca<br/><br/>\n________________________________________________________________________<br/>\n<a href=\"http://localhost/index.php/publicknowledge\">Journal of Public Knowledge</a>'),
(21,1048585,6,3,'2025-07-11 05:41:52',NULL,'\"Daniel Barnes\" <dbarnes@mailinator.com>','\"Julie Janssen\" <jjanssen@mailinator.com>',NULL,NULL,'[JPKJPK] Article Review Request','<p>Julie Janssen:<br><br>I believe that you would serve as an excellent reviewer of the manuscript, \"Investigating the Shared Background Required for Argument: A Critique of Fogelin\'s Thesis on Deep Disagreement,\" which has been submitted to Journal of Public Knowledge. The submission\'s abstract is inserted below, and I hope that you will consider undertaking this important task for us.<br><br>Please log into the journal web site by 2025-08-08 to indicate whether you will undertake the review or not, as well as to access the submission and to record your review and recommendation. The web site is <a class=\"contextUrl-style-class\" href=\"http://localhost/index.php/publicknowledge\">http://localhost/index.php/publicknowledge</a><br><br>The review itself is due 2025-08-08.<br><br>If you do not have your username and password for the journal\'s web site, you can use this link to reset your password (which will then be emailed to you along with your username). <a class=\"passwordResetUrl-style-class\" href=\"http://localhost/index.php/publicknowledge/login/lostPassword\">http://localhost/index.php/publicknowledge/login/lostPassword</a><br><br>Submission URL: <a href=\'http://localhost/index.php/publicknowledge/reviewer/submission?submissionId=6\' class=\'submissionReviewUrl-style-class\'>http://localhost/index.php/publicknowledge/reviewer/submission?submissionId=6</a><br><br>Thank you for considering this request.<br><br>Daniel Barnes<br>University of Melbourne<br>dbarnes@mailinator.com<br><br>\"Investigating the Shared Background Required for Argument: A Critique of Fogelin\'s Thesis on Deep Disagreement\"<br><br></p>\r\n<p>Robert Fogelin claims that interlocutors must share a framework of background beliefs and commitments in order to fruitfully pursue argument. I refute Fogelin’s claim by investigating more thoroughly the shared background required for productive argument. I find that this background consists not in any common beliefs regarding the topic at hand, but rather in certain shared pro-cedural commitments and competencies. I suggest that Fogelin and his supporters mistakenly view shared beliefs as part of the required background for productive argument because these procedural com-mitments become more difficult to uphold when people’s beliefs diverge widely regarding the topic at hand.</p><br/><br/>\n________________________________________________________________________<br/>\n<a href=\"http://localhost/index.php/publicknowledge\">Journal of Public Knowledge</a>'),
(22,1048585,6,3,'2025-07-11 05:41:56',NULL,'\"Daniel Barnes\" <dbarnes@mailinator.com>','\"Adela Gallego\" <agallego@mailinator.com>',NULL,NULL,'[JPKJPK] Article Review Request','<p>Adela Gallego:<br><br>I believe that you would serve as an excellent reviewer of the manuscript, \"Investigating the Shared Background Required for Argument: A Critique of Fogelin\'s Thesis on Deep Disagreement,\" which has been submitted to Journal of Public Knowledge. The submission\'s abstract is inserted below, and I hope that you will consider undertaking this important task for us.<br><br>Please log into the journal web site by 2025-08-08 to indicate whether you will undertake the review or not, as well as to access the submission and to record your review and recommendation. The web site is <a class=\"contextUrl-style-class\" href=\"http://localhost/index.php/publicknowledge\">http://localhost/index.php/publicknowledge</a><br><br>The review itself is due 2025-08-08.<br><br>If you do not have your username and password for the journal\'s web site, you can use this link to reset your password (which will then be emailed to you along with your username). <a class=\"passwordResetUrl-style-class\" href=\"http://localhost/index.php/publicknowledge/login/lostPassword\">http://localhost/index.php/publicknowledge/login/lostPassword</a><br><br>Submission URL: <a href=\'http://localhost/index.php/publicknowledge/reviewer/submission?submissionId=6\' class=\'submissionReviewUrl-style-class\'>http://localhost/index.php/publicknowledge/reviewer/submission?submissionId=6</a><br><br>Thank you for considering this request.<br><br>Daniel Barnes<br>University of Melbourne<br>dbarnes@mailinator.com<br><br>\"Investigating the Shared Background Required for Argument: A Critique of Fogelin\'s Thesis on Deep Disagreement\"<br><br></p>\r\n<p>Robert Fogelin claims that interlocutors must share a framework of background beliefs and commitments in order to fruitfully pursue argument. I refute Fogelin’s claim by investigating more thoroughly the shared background required for productive argument. I find that this background consists not in any common beliefs regarding the topic at hand, but rather in certain shared pro-cedural commitments and competencies. I suggest that Fogelin and his supporters mistakenly view shared beliefs as part of the required background for productive argument because these procedural com-mitments become more difficult to uphold when people’s beliefs diverge widely regarding the topic at hand.</p><br/><br/>\n________________________________________________________________________<br/>\n<a href=\"http://localhost/index.php/publicknowledge\">Journal of Public Knowledge</a>'),
(23,1048585,6,3,'2025-07-11 05:41:57',805306369,'\"Daniel Barnes\" <dbarnes@mailinator.com>','\"Dana Phillips\" <dphillips@mailinator.com>',NULL,NULL,'[JPKJPK] Editor Decision','<p>Dana Phillips:<br><br>We have reached a decision regarding your submission to Journal of Public Knowledge, \"Investigating the Shared Background Required for Argument: A Critique of Fogelin\'s Thesis on Deep Disagreement\".<br><br>Our decision is to: Accept Submission</p><br/><br/>\n________________________________________________________________________<br/>\n<a href=\"http://localhost/index.php/publicknowledge\">Journal of Public Knowledge</a>'),
(24,1048585,6,3,'2025-07-11 05:42:02',805306369,'\"Daniel Barnes\" <dbarnes@mailinator.com>','\"Dana Phillips\" <dphillips@mailinator.com>',NULL,NULL,'[JPKJPK] Editor Decision','<p>Dana Phillips:<br><br>The editing of your submission, \"Investigating the Shared Background Required for Argument: A Critique of Fogelin\'s Thesis on Deep Disagreement,\" is complete. We are now sending it to production.<br><br>Submission URL: <a class=\"submissionUrl-style-class\" href=\"http://localhost/index.php/publicknowledge/authorDashboard/submission/6\">http://localhost/index.php/publicknowledge/authorDashboard/submission/6</a></p><br/><br/>\n________________________________________________________________________<br/>\n<a href=\"http://localhost/index.php/publicknowledge\">Journal of Public Knowledge</a>'),
(25,1048585,7,23,'2025-07-11 05:42:14',NULL,'\"Ramiro Vaca\" <rvaca@mailinator.com>','\"Domatilia Sokoloff\" <dsokoloff@mailinator.com>',NULL,'dbuskins@mailinator.com, sberardo@mailinator.com','[JPKJPK] Submission Acknowledgement','Domatilia Sokoloff:<br />\n<br />\nThank you for submitting the manuscript, &quot;Developing efficacy beliefs in the classroom&quot; to Journal of Public Knowledge. With the online journal management system that we are using, you will be able to track its progress through the editorial process by logging in to the journal web site:<br />\n<br />\nSubmission URL: <a href=\'http://localhost/index.php/publicknowledge/authorDashboard/submission/7\' class=\'submissionUrl-style-class\'>http://localhost/index.php/publicknowledge/authorDashboard/submission/7</a><br />\nUsername: dsokoloff<br />\n<br />\nIf you have any questions, please contact me. Thank you for considering this journal as a venue for your work.<br />\n<br />\nRamiro Vaca<br/><br/>\n________________________________________________________________________<br/>\n<a href=\"http://localhost/index.php/publicknowledge\">Journal of Public Knowledge</a>'),
(26,1048585,7,3,'2025-07-11 05:42:21',NULL,'\"Daniel Barnes\" <dbarnes@mailinator.com>','\"Paul Hudson\" <phudson@mailinator.com>',NULL,NULL,'[JPKJPK] Article Review Request','<p>Paul Hudson:<br><br>I believe that you would serve as an excellent reviewer of the manuscript, \"Developing efficacy beliefs in the classroom,\" which has been submitted to Journal of Public Knowledge. The submission\'s abstract is inserted below, and I hope that you will consider undertaking this important task for us.<br><br>Please log into the journal web site by 2025-08-08 to indicate whether you will undertake the review or not, as well as to access the submission and to record your review and recommendation. The web site is <a class=\"contextUrl-style-class\" href=\"http://localhost/index.php/publicknowledge\">http://localhost/index.php/publicknowledge</a><br><br>The review itself is due 2025-08-08.<br><br>If you do not have your username and password for the journal\'s web site, you can use this link to reset your password (which will then be emailed to you along with your username). <a class=\"passwordResetUrl-style-class\" href=\"http://localhost/index.php/publicknowledge/login/lostPassword\">http://localhost/index.php/publicknowledge/login/lostPassword</a><br><br>Submission URL: <a href=\'http://localhost/index.php/publicknowledge/reviewer/submission?submissionId=7\' class=\'submissionReviewUrl-style-class\'>http://localhost/index.php/publicknowledge/reviewer/submission?submissionId=7</a><br><br>Thank you for considering this request.<br><br>Daniel Barnes<br>University of Melbourne<br>dbarnes@mailinator.com<br><br>\"Developing efficacy beliefs in the classroom\"<br><br></p>\r\n<p>A major goal of education is to equip children with the knowledge, skills and self-belief to be confident and informed citizens - citizens who continue to see themselves as learners beyond graduation. This paper looks at the key role of nurturing efficacy beliefs in order to learn and participate in school and society. Research findings conducted within a social studies context are presented, showing how strategy instruction can enhance self-efficacy for learning. As part of this research, Creative Problem Solving (CPS) was taught to children as a means to motivate and support learning. It is shown that the use of CPS can have positive effects on self-efficacy for learning, and be a valuable framework to involve children in decision-making that leads to social action. Implications for enhancing self-efficacy and motivation to learn in the classroom are discussed.</p><br/><br/>\n________________________________________________________________________<br/>\n<a href=\"http://localhost/index.php/publicknowledge\">Journal of Public Knowledge</a>'),
(27,1048585,7,3,'2025-07-11 05:42:24',NULL,'\"Daniel Barnes\" <dbarnes@mailinator.com>','\"Aisla McCrae\" <amccrae@mailinator.com>',NULL,NULL,'[JPKJPK] Article Review Request','<p>Aisla McCrae:<br><br>I believe that you would serve as an excellent reviewer of the manuscript, \"Developing efficacy beliefs in the classroom,\" which has been submitted to Journal of Public Knowledge. The submission\'s abstract is inserted below, and I hope that you will consider undertaking this important task for us.<br><br>Please log into the journal web site by 2025-08-08 to indicate whether you will undertake the review or not, as well as to access the submission and to record your review and recommendation. The web site is <a class=\"contextUrl-style-class\" href=\"http://localhost/index.php/publicknowledge\">http://localhost/index.php/publicknowledge</a><br><br>The review itself is due 2025-08-08.<br><br>If you do not have your username and password for the journal\'s web site, you can use this link to reset your password (which will then be emailed to you along with your username). <a class=\"passwordResetUrl-style-class\" href=\"http://localhost/index.php/publicknowledge/login/lostPassword\">http://localhost/index.php/publicknowledge/login/lostPassword</a><br><br>Submission URL: <a href=\'http://localhost/index.php/publicknowledge/reviewer/submission?submissionId=7\' class=\'submissionReviewUrl-style-class\'>http://localhost/index.php/publicknowledge/reviewer/submission?submissionId=7</a><br><br>Thank you for considering this request.<br><br>Daniel Barnes<br>University of Melbourne<br>dbarnes@mailinator.com<br><br>\"Developing efficacy beliefs in the classroom\"<br><br></p>\r\n<p>A major goal of education is to equip children with the knowledge, skills and self-belief to be confident and informed citizens - citizens who continue to see themselves as learners beyond graduation. This paper looks at the key role of nurturing efficacy beliefs in order to learn and participate in school and society. Research findings conducted within a social studies context are presented, showing how strategy instruction can enhance self-efficacy for learning. As part of this research, Creative Problem Solving (CPS) was taught to children as a means to motivate and support learning. It is shown that the use of CPS can have positive effects on self-efficacy for learning, and be a valuable framework to involve children in decision-making that leads to social action. Implications for enhancing self-efficacy and motivation to learn in the classroom are discussed.</p><br/><br/>\n________________________________________________________________________<br/>\n<a href=\"http://localhost/index.php/publicknowledge\">Journal of Public Knowledge</a>'),
(28,1048585,7,3,'2025-07-11 05:42:28',NULL,'\"Daniel Barnes\" <dbarnes@mailinator.com>','\"Adela Gallego\" <agallego@mailinator.com>',NULL,NULL,'[JPKJPK] Article Review Request','<p>Adela Gallego:<br><br>I believe that you would serve as an excellent reviewer of the manuscript, \"Developing efficacy beliefs in the classroom,\" which has been submitted to Journal of Public Knowledge. The submission\'s abstract is inserted below, and I hope that you will consider undertaking this important task for us.<br><br>Please log into the journal web site by 2025-08-08 to indicate whether you will undertake the review or not, as well as to access the submission and to record your review and recommendation. The web site is <a class=\"contextUrl-style-class\" href=\"http://localhost/index.php/publicknowledge\">http://localhost/index.php/publicknowledge</a><br><br>The review itself is due 2025-08-08.<br><br>If you do not have your username and password for the journal\'s web site, you can use this link to reset your password (which will then be emailed to you along with your username). <a class=\"passwordResetUrl-style-class\" href=\"http://localhost/index.php/publicknowledge/login/lostPassword\">http://localhost/index.php/publicknowledge/login/lostPassword</a><br><br>Submission URL: <a href=\'http://localhost/index.php/publicknowledge/reviewer/submission?submissionId=7\' class=\'submissionReviewUrl-style-class\'>http://localhost/index.php/publicknowledge/reviewer/submission?submissionId=7</a><br><br>Thank you for considering this request.<br><br>Daniel Barnes<br>University of Melbourne<br>dbarnes@mailinator.com<br><br>\"Developing efficacy beliefs in the classroom\"<br><br></p>\r\n<p>A major goal of education is to equip children with the knowledge, skills and self-belief to be confident and informed citizens - citizens who continue to see themselves as learners beyond graduation. This paper looks at the key role of nurturing efficacy beliefs in order to learn and participate in school and society. Research findings conducted within a social studies context are presented, showing how strategy instruction can enhance self-efficacy for learning. As part of this research, Creative Problem Solving (CPS) was taught to children as a means to motivate and support learning. It is shown that the use of CPS can have positive effects on self-efficacy for learning, and be a valuable framework to involve children in decision-making that leads to social action. Implications for enhancing self-efficacy and motivation to learn in the classroom are discussed.</p><br/><br/>\n________________________________________________________________________<br/>\n<a href=\"http://localhost/index.php/publicknowledge\">Journal of Public Knowledge</a>'),
(29,1048585,7,8,'2025-07-11 05:42:30',1073741829,'\"Paul Hudson\" <phudson@mailinator.com>','\"Daniel Barnes\" <dbarnes@mailinator.com>, \"David Buskins\" <dbuskins@mailinator.com>, \"Stephanie Berardo\" <sberardo@mailinator.com>',NULL,NULL,'[JPKJPK] Able to Review','Editors:<br />\n<br />\nI am able and willing to review the submission, &quot;Developing efficacy beliefs in the classroom,&quot; for Journal of Public Knowledge. Thank you for thinking of me, and I plan to have the review completed by its due date, 2025-08-08, if not before.<br />\n<br />\nPaul Hudson<br/><br/>\n________________________________________________________________________<br/>\n<a href=\"http://localhost/index.php/publicknowledge\">Journal of Public Knowledge</a>'),
(30,1048585,8,24,'2025-07-11 05:42:45',NULL,'\"Ramiro Vaca\" <rvaca@mailinator.com>','\"Elinor Ostrom\" <eostrom@mailinator.com>',NULL,'dbuskins@mailinator.com, sberardo@mailinator.com','[JPKJPK] Submission Acknowledgement','Elinor Ostrom:<br />\n<br />\nThank you for submitting the manuscript, &quot;Traditions and Trends in the Study of the Commons&quot; to Journal of Public Knowledge. With the online journal management system that we are using, you will be able to track its progress through the editorial process by logging in to the journal web site:<br />\n<br />\nSubmission URL: <a href=\'http://localhost/index.php/publicknowledge/authorDashboard/submission/8\' class=\'submissionUrl-style-class\'>http://localhost/index.php/publicknowledge/authorDashboard/submission/8</a><br />\nUsername: eostrom<br />\n<br />\nIf you have any questions, please contact me. Thank you for considering this journal as a venue for your work.<br />\n<br />\nRamiro Vaca<br/><br/>\n________________________________________________________________________<br/>\n<a href=\"http://localhost/index.php/publicknowledge\">Journal of Public Knowledge</a>'),
(31,1048585,8,24,'2025-07-11 05:42:45',NULL,'\"Ramiro Vaca\" <rvaca@mailinator.com>','\"Frank van Laerhoven\" <fvanlaerhoven@mailinator.com>',NULL,NULL,'[JPKJPK] Submission Acknowledgement','Hello,<br />\n<br />\nElinor Ostrom has submitted the manuscript, &quot;Traditions and Trends in the Study of the Commons&quot; to Journal of Public Knowledge. <br />\n<br />\nIf you have any questions, please contact me. Thank you for considering this journal as a venue for your work.<br />\n<br />\nRamiro Vaca<br/><br/>\n________________________________________________________________________<br/>\n<a href=\"http://localhost/index.php/publicknowledge\">Journal of Public Knowledge</a>'),
(32,1048585,9,25,'2025-07-11 05:42:53',NULL,'\"Ramiro Vaca\" <rvaca@mailinator.com>','\"Fabio Paglieri\" <fpaglieri@mailinator.com>',NULL,'minoue@mailinator.com','[JPKJPK] Submission Acknowledgement','Fabio Paglieri:<br />\n<br />\nThank you for submitting the manuscript, &quot;Hansen &amp; Pinto: Reason Reclaimed&quot; to Journal of Public Knowledge. With the online journal management system that we are using, you will be able to track its progress through the editorial process by logging in to the journal web site:<br />\n<br />\nSubmission URL: <a href=\'http://localhost/index.php/publicknowledge/authorDashboard/submission/9\' class=\'submissionUrl-style-class\'>http://localhost/index.php/publicknowledge/authorDashboard/submission/9</a><br />\nUsername: fpaglieri<br />\n<br />\nIf you have any questions, please contact me. Thank you for considering this journal as a venue for your work.<br />\n<br />\nRamiro Vaca<br/><br/>\n________________________________________________________________________<br/>\n<a href=\"http://localhost/index.php/publicknowledge\">Journal of Public Knowledge</a>'),
(33,1048585,9,3,'2025-07-11 05:43:01',NULL,'\"Daniel Barnes\" <dbarnes@mailinator.com>','\"Julie Janssen\" <jjanssen@mailinator.com>',NULL,NULL,'[JPKJPK] Article Review Request','<p>Julie Janssen:<br><br>I believe that you would serve as an excellent reviewer of the manuscript, \"Hansen &amp; Pinto: Reason Reclaimed,\" which has been submitted to Journal of Public Knowledge. The submission\'s abstract is inserted below, and I hope that you will consider undertaking this important task for us.<br><br>Please log into the journal web site by 2025-08-08 to indicate whether you will undertake the review or not, as well as to access the submission and to record your review and recommendation. The web site is <a class=\"contextUrl-style-class\" href=\"http://localhost/index.php/publicknowledge\">http://localhost/index.php/publicknowledge</a><br><br>The review itself is due 2025-08-08.<br><br>If you do not have your username and password for the journal\'s web site, you can use this link to reset your password (which will then be emailed to you along with your username). <a class=\"passwordResetUrl-style-class\" href=\"http://localhost/index.php/publicknowledge/login/lostPassword\">http://localhost/index.php/publicknowledge/login/lostPassword</a><br><br>Submission URL: <a href=\'http://localhost/index.php/publicknowledge/reviewer/submission?submissionId=9\' class=\'submissionReviewUrl-style-class\'>http://localhost/index.php/publicknowledge/reviewer/submission?submissionId=9</a><br><br>Thank you for considering this request.<br><br>Daniel Barnes<br>University of Melbourne<br>dbarnes@mailinator.com<br><br>\"Hansen &amp; Pinto: Reason Reclaimed\"<br><br></p>\r\n<p>None.</p><br/><br/>\n________________________________________________________________________<br/>\n<a href=\"http://localhost/index.php/publicknowledge\">Journal of Public Knowledge</a>'),
(34,1048585,9,3,'2025-07-11 05:43:04',NULL,'\"Daniel Barnes\" <dbarnes@mailinator.com>','\"Adela Gallego\" <agallego@mailinator.com>',NULL,NULL,'[JPKJPK] Article Review Request','<p>Adela Gallego:<br><br>I believe that you would serve as an excellent reviewer of the manuscript, \"Hansen &amp; Pinto: Reason Reclaimed,\" which has been submitted to Journal of Public Knowledge. The submission\'s abstract is inserted below, and I hope that you will consider undertaking this important task for us.<br><br>Please log into the journal web site by 2025-08-08 to indicate whether you will undertake the review or not, as well as to access the submission and to record your review and recommendation. The web site is <a class=\"contextUrl-style-class\" href=\"http://localhost/index.php/publicknowledge\">http://localhost/index.php/publicknowledge</a><br><br>The review itself is due 2025-08-08.<br><br>If you do not have your username and password for the journal\'s web site, you can use this link to reset your password (which will then be emailed to you along with your username). <a class=\"passwordResetUrl-style-class\" href=\"http://localhost/index.php/publicknowledge/login/lostPassword\">http://localhost/index.php/publicknowledge/login/lostPassword</a><br><br>Submission URL: <a href=\'http://localhost/index.php/publicknowledge/reviewer/submission?submissionId=9\' class=\'submissionReviewUrl-style-class\'>http://localhost/index.php/publicknowledge/reviewer/submission?submissionId=9</a><br><br>Thank you for considering this request.<br><br>Daniel Barnes<br>University of Melbourne<br>dbarnes@mailinator.com<br><br>\"Hansen &amp; Pinto: Reason Reclaimed\"<br><br></p>\r\n<p>None.</p><br/><br/>\n________________________________________________________________________<br/>\n<a href=\"http://localhost/index.php/publicknowledge\">Journal of Public Knowledge</a>'),
(35,1048585,9,3,'2025-07-11 05:43:06',805306369,'\"Daniel Barnes\" <dbarnes@mailinator.com>','\"Fabio Paglieri\" <fpaglieri@mailinator.com>',NULL,NULL,'[JPKJPK] Editor Decision','<p>Fabio Paglieri:<br><br>We have reached a decision regarding your submission to Journal of Public Knowledge, \"Hansen &amp; Pinto: Reason Reclaimed\".<br><br>Our decision is to: Accept Submission</p><br/><br/>\n________________________________________________________________________<br/>\n<a href=\"http://localhost/index.php/publicknowledge\">Journal of Public Knowledge</a>'),
(36,1048585,9,3,'2025-07-11 05:43:10',805306369,'\"Daniel Barnes\" <dbarnes@mailinator.com>','\"Fabio Paglieri\" <fpaglieri@mailinator.com>',NULL,NULL,'[JPKJPK] Editor Decision','<p>Fabio Paglieri:<br><br>The editing of your submission, \"Hansen &amp; Pinto: Reason Reclaimed,\" is complete. We are now sending it to production.<br><br>Submission URL: <a class=\"submissionUrl-style-class\" href=\"http://localhost/index.php/publicknowledge/authorDashboard/submission/9\">http://localhost/index.php/publicknowledge/authorDashboard/submission/9</a></p><br/><br/>\n________________________________________________________________________<br/>\n<a href=\"http://localhost/index.php/publicknowledge\">Journal of Public Knowledge</a>'),
(37,1048585,10,26,'2025-07-11 05:43:25',NULL,'\"Ramiro Vaca\" <rvaca@mailinator.com>','\"John Novak\" <jnovak@mailinator.com>',NULL,'dbuskins@mailinator.com, sberardo@mailinator.com','[JPKJPK] Submission Acknowledgement','John Novak:<br />\n<br />\nThank you for submitting the manuscript, &quot;Condensing Water Availability Models to Focus on Specific Water Management Systems&quot; to Journal of Public Knowledge. With the online journal management system that we are using, you will be able to track its progress through the editorial process by logging in to the journal web site:<br />\n<br />\nSubmission URL: <a href=\'http://localhost/index.php/publicknowledge/authorDashboard/submission/10\' class=\'submissionUrl-style-class\'>http://localhost/index.php/publicknowledge/authorDashboard/submission/10</a><br />\nUsername: jnovak<br />\n<br />\nIf you have any questions, please contact me. Thank you for considering this journal as a venue for your work.<br />\n<br />\nRamiro Vaca<br/><br/>\n________________________________________________________________________<br/>\n<a href=\"http://localhost/index.php/publicknowledge\">Journal of Public Knowledge</a>'),
(38,1048585,10,3,'2025-07-11 05:43:33',NULL,'\"Daniel Barnes\" <dbarnes@mailinator.com>','\"Aisla McCrae\" <amccrae@mailinator.com>',NULL,NULL,'[JPKJPK] Article Review Request','<p>Aisla McCrae:<br><br>I believe that you would serve as an excellent reviewer of the manuscript, \"Condensing Water Availability Models to Focus on Specific Water Management Systems,\" which has been submitted to Journal of Public Knowledge. The submission\'s abstract is inserted below, and I hope that you will consider undertaking this important task for us.<br><br>Please log into the journal web site by 2025-08-08 to indicate whether you will undertake the review or not, as well as to access the submission and to record your review and recommendation. The web site is <a class=\"contextUrl-style-class\" href=\"http://localhost/index.php/publicknowledge\">http://localhost/index.php/publicknowledge</a><br><br>The review itself is due 2025-08-08.<br><br>If you do not have your username and password for the journal\'s web site, you can use this link to reset your password (which will then be emailed to you along with your username). <a class=\"passwordResetUrl-style-class\" href=\"http://localhost/index.php/publicknowledge/login/lostPassword\">http://localhost/index.php/publicknowledge/login/lostPassword</a><br><br>Submission URL: <a href=\'http://localhost/index.php/publicknowledge/reviewer/submission?submissionId=10\' class=\'submissionReviewUrl-style-class\'>http://localhost/index.php/publicknowledge/reviewer/submission?submissionId=10</a><br><br>Thank you for considering this request.<br><br>Daniel Barnes<br>University of Melbourne<br>dbarnes@mailinator.com<br><br>\"Condensing Water Availability Models to Focus on Specific Water Management Systems\"<br><br></p>\r\n<p>The Texas Water Availability Modeling System is routinely applied in administration of the water rights permit system, regional and statewide planning, and an expanding variety of other endeavors. Modeling water management in the 23 river basins of the state reflects about 8,000 water right permits and 3,400 reservoirs. Datasets are necessarily large and complex to provide the decision-support capabilities for which the modeling system was developed. New modeling features are being added, and the different types of applications are growing. Certain applications are enhanced by simplifying the simulation input datasets to focus on particular water management systems. A methodology is presented for developing a condensed dataset for a selected reservoir system that reflects the impacts of all the water rights and accompanying reservoirs removed from the original complete dataset. A set of streamflows is developed that represents flows available to the selected system considering the effects of all the other water rights in the river basin contained in the original complete model input dataset that are not included in the condensed dataset. The methodology is applied to develop a condensed model of the Brazos River Authority reservoir system based on modifying the Texas Water Availability Modeling System dataset for the Brazos River Basin.</p><br/><br/>\n________________________________________________________________________<br/>\n<a href=\"http://localhost/index.php/publicknowledge\">Journal of Public Knowledge</a>'),
(39,1048585,10,3,'2025-07-11 05:43:36',NULL,'\"Daniel Barnes\" <dbarnes@mailinator.com>','\"Adela Gallego\" <agallego@mailinator.com>',NULL,NULL,'[JPKJPK] Article Review Request','<p>Adela Gallego:<br><br>I believe that you would serve as an excellent reviewer of the manuscript, \"Condensing Water Availability Models to Focus on Specific Water Management Systems,\" which has been submitted to Journal of Public Knowledge. The submission\'s abstract is inserted below, and I hope that you will consider undertaking this important task for us.<br><br>Please log into the journal web site by 2025-08-08 to indicate whether you will undertake the review or not, as well as to access the submission and to record your review and recommendation. The web site is <a class=\"contextUrl-style-class\" href=\"http://localhost/index.php/publicknowledge\">http://localhost/index.php/publicknowledge</a><br><br>The review itself is due 2025-08-08.<br><br>If you do not have your username and password for the journal\'s web site, you can use this link to reset your password (which will then be emailed to you along with your username). <a class=\"passwordResetUrl-style-class\" href=\"http://localhost/index.php/publicknowledge/login/lostPassword\">http://localhost/index.php/publicknowledge/login/lostPassword</a><br><br>Submission URL: <a href=\'http://localhost/index.php/publicknowledge/reviewer/submission?submissionId=10\' class=\'submissionReviewUrl-style-class\'>http://localhost/index.php/publicknowledge/reviewer/submission?submissionId=10</a><br><br>Thank you for considering this request.<br><br>Daniel Barnes<br>University of Melbourne<br>dbarnes@mailinator.com<br><br>\"Condensing Water Availability Models to Focus on Specific Water Management Systems\"<br><br></p>\r\n<p>The Texas Water Availability Modeling System is routinely applied in administration of the water rights permit system, regional and statewide planning, and an expanding variety of other endeavors. Modeling water management in the 23 river basins of the state reflects about 8,000 water right permits and 3,400 reservoirs. Datasets are necessarily large and complex to provide the decision-support capabilities for which the modeling system was developed. New modeling features are being added, and the different types of applications are growing. Certain applications are enhanced by simplifying the simulation input datasets to focus on particular water management systems. A methodology is presented for developing a condensed dataset for a selected reservoir system that reflects the impacts of all the water rights and accompanying reservoirs removed from the original complete dataset. A set of streamflows is developed that represents flows available to the selected system considering the effects of all the other water rights in the river basin contained in the original complete model input dataset that are not included in the condensed dataset. The methodology is applied to develop a condensed model of the Brazos River Authority reservoir system based on modifying the Texas Water Availability Modeling System dataset for the Brazos River Basin.</p><br/><br/>\n________________________________________________________________________<br/>\n<a href=\"http://localhost/index.php/publicknowledge\">Journal of Public Knowledge</a>'),
(40,1048585,10,9,'2025-07-11 05:43:39',1073741829,'\"Aisla McCrae\" <amccrae@mailinator.com>','\"Daniel Barnes\" <dbarnes@mailinator.com>, \"David Buskins\" <dbuskins@mailinator.com>, \"Stephanie Berardo\" <sberardo@mailinator.com>',NULL,NULL,'[JPKJPK] Able to Review','Editors:<br />\n<br />\nI am able and willing to review the submission, &quot;Condensing Water Availability Models to Focus on Specific Water Management Systems,&quot; for Journal of Public Knowledge. Thank you for thinking of me, and I plan to have the review completed by its due date, 2025-08-08, if not before.<br />\n<br />\nAisla McCrae<br/><br/>\n________________________________________________________________________<br/>\n<a href=\"http://localhost/index.php/publicknowledge\">Journal of Public Knowledge</a>'),
(41,1048585,10,10,'2025-07-11 05:43:44',1073741829,'\"Adela Gallego\" <agallego@mailinator.com>','\"Daniel Barnes\" <dbarnes@mailinator.com>, \"David Buskins\" <dbuskins@mailinator.com>, \"Stephanie Berardo\" <sberardo@mailinator.com>',NULL,NULL,'[JPKJPK] Able to Review','Editors:<br />\n<br />\nI am able and willing to review the submission, &quot;Condensing Water Availability Models to Focus on Specific Water Management Systems,&quot; for Journal of Public Knowledge. Thank you for thinking of me, and I plan to have the review completed by its due date, 2025-08-08, if not before.<br />\n<br />\nAdela Gallego<br/><br/>\n________________________________________________________________________<br/>\n<a href=\"http://localhost/index.php/publicknowledge\">Journal of Public Knowledge</a>'),
(42,1048585,11,27,'2025-07-11 05:43:59',NULL,'\"Ramiro Vaca\" <rvaca@mailinator.com>','\"Karim Al-Khafaji\" <kalkhafaji@mailinator.com>',NULL,'dbuskins@mailinator.com, sberardo@mailinator.com','[JPKJPK] Submission Acknowledgement','Karim Al-Khafaji:<br />\n<br />\nThank you for submitting the manuscript, &quot;Learning Sustainable Design through Service&quot; to Journal of Public Knowledge. With the online journal management system that we are using, you will be able to track its progress through the editorial process by logging in to the journal web site:<br />\n<br />\nSubmission URL: <a href=\'http://localhost/index.php/publicknowledge/authorDashboard/submission/11\' class=\'submissionUrl-style-class\'>http://localhost/index.php/publicknowledge/authorDashboard/submission/11</a><br />\nUsername: kalkhafaji<br />\n<br />\nIf you have any questions, please contact me. Thank you for considering this journal as a venue for your work.<br />\n<br />\nRamiro Vaca<br/><br/>\n________________________________________________________________________<br/>\n<a href=\"http://localhost/index.php/publicknowledge\">Journal of Public Knowledge</a>'),
(43,1048585,11,27,'2025-07-11 05:43:59',NULL,'\"Ramiro Vaca\" <rvaca@mailinator.com>','\"Margaret Morse\" <mmorse@mailinator.com>',NULL,NULL,'[JPKJPK] Submission Acknowledgement','Hello,<br />\n<br />\nKarim Al-Khafaji has submitted the manuscript, &quot;Learning Sustainable Design through Service&quot; to Journal of Public Knowledge. <br />\n<br />\nIf you have any questions, please contact me. Thank you for considering this journal as a venue for your work.<br />\n<br />\nRamiro Vaca<br/><br/>\n________________________________________________________________________<br/>\n<a href=\"http://localhost/index.php/publicknowledge\">Journal of Public Knowledge</a>'),
(44,1048585,12,28,'2025-07-11 05:44:08',NULL,'\"Ramiro Vaca\" <rvaca@mailinator.com>','\"Leo Christopher\" <lchristopher@mailinator.com>',NULL,'dbuskins@mailinator.com, sberardo@mailinator.com','[JPKJPK] Submission Acknowledgement','Leo Christopher:<br />\n<br />\nThank you for submitting the manuscript, &quot;Sodium butyrate improves growth performance of weaned piglets during the first period after weaning&quot; to Journal of Public Knowledge. With the online journal management system that we are using, you will be able to track its progress through the editorial process by logging in to the journal web site:<br />\n<br />\nSubmission URL: <a href=\'http://localhost/index.php/publicknowledge/authorDashboard/submission/12\' class=\'submissionUrl-style-class\'>http://localhost/index.php/publicknowledge/authorDashboard/submission/12</a><br />\nUsername: lchristopher<br />\n<br />\nIf you have any questions, please contact me. Thank you for considering this journal as a venue for your work.<br />\n<br />\nRamiro Vaca<br/><br/>\n________________________________________________________________________<br/>\n<a href=\"http://localhost/index.php/publicknowledge\">Journal of Public Knowledge</a>'),
(45,1048585,12,3,'2025-07-11 05:44:16',NULL,'\"Daniel Barnes\" <dbarnes@mailinator.com>','\"Julie Janssen\" <jjanssen@mailinator.com>',NULL,NULL,'[JPKJPK] Article Review Request','<p>Julie Janssen:<br><br>I believe that you would serve as an excellent reviewer of the manuscript, \"Sodium butyrate improves growth performance of weaned piglets during the first period after weaning,\" which has been submitted to Journal of Public Knowledge. The submission\'s abstract is inserted below, and I hope that you will consider undertaking this important task for us.<br><br>Please log into the journal web site by 2025-08-08 to indicate whether you will undertake the review or not, as well as to access the submission and to record your review and recommendation. The web site is <a class=\"contextUrl-style-class\" href=\"http://localhost/index.php/publicknowledge\">http://localhost/index.php/publicknowledge</a><br><br>The review itself is due 2025-08-08.<br><br>If you do not have your username and password for the journal\'s web site, you can use this link to reset your password (which will then be emailed to you along with your username). <a class=\"passwordResetUrl-style-class\" href=\"http://localhost/index.php/publicknowledge/login/lostPassword\">http://localhost/index.php/publicknowledge/login/lostPassword</a><br><br>Submission URL: <a href=\'http://localhost/index.php/publicknowledge/reviewer/submission?submissionId=12\' class=\'submissionReviewUrl-style-class\'>http://localhost/index.php/publicknowledge/reviewer/submission?submissionId=12</a><br><br>Thank you for considering this request.<br><br>Daniel Barnes<br>University of Melbourne<br>dbarnes@mailinator.com<br><br>\"Sodium butyrate improves growth performance of weaned piglets during the first period after weaning\"<br><br></p>\r\n<p>The aim of this study was to assess the influence of long-term fat supplementation on the fatty acid profile of heavy pig adipose tissue. Fifty-four Large White barrows, averaging 25 kg LW, were randomized (matched weights) to one of three isoenergetic diets supplemented with either tallow (TA), maize oil (MO), or rapeseed oil (RO). The fats were supplement- ed at 3% as fed from 25 to 110 kg LW, and at 2.5 % from 110 kg to slaughtering. Following slaughter at about 160 kg LW, backfat samples were collected from ten animals per treatment and analyzed. Fatty acid composition of backfat close- ly reflected the fatty acid composition of the supplemented fats. The backfat of pigs fed TA had the highest saturated fatty acid content (SFA) (P&lt;0.01); those fed MO had the highest content in polyunsaturated fatty acid (PUFA) and the lowest in monounsaturated fatty acid (MUFA) content; those fed RO had the highest content of linolenic acid (C18:3) and cis 11- ecosenoic acid (C20:1). Only MO treatment had an effect on linoleic acid levels and the iodine value (IV) of backfat, result- ing in levels higher than those (IV = 70; C18:2 = 15%) accepted by the Parma Consortium for dry-cured ham. The IV and unsaturation index in both layers of subcutaneous backfat tissue differed significantly between treatments. These results show that long-term dietary supplementation with different fats changes the fatty acid profile of heavy pig adipose tissue. Supplementation with rapeseed oil increases the proportion of “healthy” fatty acids in pig fat, thereby improving the nutritional quality, however the effects on the technological quality of the fat must be carefully assessed.</p><br/><br/>\n________________________________________________________________________<br/>\n<a href=\"http://localhost/index.php/publicknowledge\">Journal of Public Knowledge</a>'),
(46,1048585,12,3,'2025-07-11 05:44:20',NULL,'\"Daniel Barnes\" <dbarnes@mailinator.com>','\"Paul Hudson\" <phudson@mailinator.com>',NULL,NULL,'[JPKJPK] Article Review Request','<p>Paul Hudson:<br><br>I believe that you would serve as an excellent reviewer of the manuscript, \"Sodium butyrate improves growth performance of weaned piglets during the first period after weaning,\" which has been submitted to Journal of Public Knowledge. The submission\'s abstract is inserted below, and I hope that you will consider undertaking this important task for us.<br><br>Please log into the journal web site by 2025-08-08 to indicate whether you will undertake the review or not, as well as to access the submission and to record your review and recommendation. The web site is <a class=\"contextUrl-style-class\" href=\"http://localhost/index.php/publicknowledge\">http://localhost/index.php/publicknowledge</a><br><br>The review itself is due 2025-08-08.<br><br>If you do not have your username and password for the journal\'s web site, you can use this link to reset your password (which will then be emailed to you along with your username). <a class=\"passwordResetUrl-style-class\" href=\"http://localhost/index.php/publicknowledge/login/lostPassword\">http://localhost/index.php/publicknowledge/login/lostPassword</a><br><br>Submission URL: <a href=\'http://localhost/index.php/publicknowledge/reviewer/submission?submissionId=12\' class=\'submissionReviewUrl-style-class\'>http://localhost/index.php/publicknowledge/reviewer/submission?submissionId=12</a><br><br>Thank you for considering this request.<br><br>Daniel Barnes<br>University of Melbourne<br>dbarnes@mailinator.com<br><br>\"Sodium butyrate improves growth performance of weaned piglets during the first period after weaning\"<br><br></p>\r\n<p>The aim of this study was to assess the influence of long-term fat supplementation on the fatty acid profile of heavy pig adipose tissue. Fifty-four Large White barrows, averaging 25 kg LW, were randomized (matched weights) to one of three isoenergetic diets supplemented with either tallow (TA), maize oil (MO), or rapeseed oil (RO). The fats were supplement- ed at 3% as fed from 25 to 110 kg LW, and at 2.5 % from 110 kg to slaughtering. Following slaughter at about 160 kg LW, backfat samples were collected from ten animals per treatment and analyzed. Fatty acid composition of backfat close- ly reflected the fatty acid composition of the supplemented fats. The backfat of pigs fed TA had the highest saturated fatty acid content (SFA) (P&lt;0.01); those fed MO had the highest content in polyunsaturated fatty acid (PUFA) and the lowest in monounsaturated fatty acid (MUFA) content; those fed RO had the highest content of linolenic acid (C18:3) and cis 11- ecosenoic acid (C20:1). Only MO treatment had an effect on linoleic acid levels and the iodine value (IV) of backfat, result- ing in levels higher than those (IV = 70; C18:2 = 15%) accepted by the Parma Consortium for dry-cured ham. The IV and unsaturation index in both layers of subcutaneous backfat tissue differed significantly between treatments. These results show that long-term dietary supplementation with different fats changes the fatty acid profile of heavy pig adipose tissue. Supplementation with rapeseed oil increases the proportion of “healthy” fatty acids in pig fat, thereby improving the nutritional quality, however the effects on the technological quality of the fat must be carefully assessed.</p><br/><br/>\n________________________________________________________________________<br/>\n<a href=\"http://localhost/index.php/publicknowledge\">Journal of Public Knowledge</a>'),
(47,1048585,13,29,'2025-07-11 05:44:29',NULL,'\"Ramiro Vaca\" <rvaca@mailinator.com>','\"Lise Kumiega\" <lkumiega@mailinator.com>',NULL,'dbuskins@mailinator.com, sberardo@mailinator.com','[JPKJPK] Submission Acknowledgement','Lise Kumiega:<br />\n<br />\nThank you for submitting the manuscript, &quot;Hydrologic Connectivity in the Edwards Aquifer between San Marcos Springs and Barton Springs during 2009 Drought Conditions&quot; to Journal of Public Knowledge. With the online journal management system that we are using, you will be able to track its progress through the editorial process by logging in to the journal web site:<br />\n<br />\nSubmission URL: <a href=\'http://localhost/index.php/publicknowledge/authorDashboard/submission/13\' class=\'submissionUrl-style-class\'>http://localhost/index.php/publicknowledge/authorDashboard/submission/13</a><br />\nUsername: lkumiega<br />\n<br />\nIf you have any questions, please contact me. Thank you for considering this journal as a venue for your work.<br />\n<br />\nRamiro Vaca<br/><br/>\n________________________________________________________________________<br/>\n<a href=\"http://localhost/index.php/publicknowledge\">Journal of Public Knowledge</a>'),
(48,1048585,13,3,'2025-07-11 05:44:37',NULL,'\"Daniel Barnes\" <dbarnes@mailinator.com>','\"Julie Janssen\" <jjanssen@mailinator.com>',NULL,NULL,'[JPKJPK] Article Review Request','<p>Julie Janssen:<br><br>I believe that you would serve as an excellent reviewer of the manuscript, \"Hydrologic Connectivity in the Edwards Aquifer between San Marcos Springs and Barton Springs during 2009 Drought Conditions,\" which has been submitted to Journal of Public Knowledge. The submission\'s abstract is inserted below, and I hope that you will consider undertaking this important task for us.<br><br>Please log into the journal web site by 2025-08-08 to indicate whether you will undertake the review or not, as well as to access the submission and to record your review and recommendation. The web site is <a class=\"contextUrl-style-class\" href=\"http://localhost/index.php/publicknowledge\">http://localhost/index.php/publicknowledge</a><br><br>The review itself is due 2025-08-08.<br><br>If you do not have your username and password for the journal\'s web site, you can use this link to reset your password (which will then be emailed to you along with your username). <a class=\"passwordResetUrl-style-class\" href=\"http://localhost/index.php/publicknowledge/login/lostPassword\">http://localhost/index.php/publicknowledge/login/lostPassword</a><br><br>Submission URL: <a href=\'http://localhost/index.php/publicknowledge/reviewer/submission?submissionId=13\' class=\'submissionReviewUrl-style-class\'>http://localhost/index.php/publicknowledge/reviewer/submission?submissionId=13</a><br><br>Thank you for considering this request.<br><br>Daniel Barnes<br>University of Melbourne<br>dbarnes@mailinator.com<br><br>\"Hydrologic Connectivity in the Edwards Aquifer between San Marcos Springs and Barton Springs during 2009 Drought Conditions\"<br><br></p>\r\n<p>The Edwards Aquifer serves as the primary water supply in South-Central Texas and is the source for several major springs. In developing a plan to protect endangered species immediately downstream of San Marcos Springs, questions have been raised regarding the established concept of a hydrologic divide between the San Antonio and Barton Springs segments of the Edwards Aquifer during drought conditions. To address these questions, a water-level data collection program and a hydrogeologic study was conducted. An analysis of groundwater-level data indicate that a groundwater divide exists in the vicinity of the surface drainage divide between Onion Creek and Blanco River during wet and normal hydrologic conditions. However, analysis of data collected during the 2009 drought suggests that the groundwater divide dissipated and no longer hydrologically separated the two segments. As a result, there is potential for groundwater to flow past San Marcos Springs toward Barton Springs during major droughts. The implications for this have bearings on the management and availability of groundwater in the Edwards Aquifer. Assessments of simulations from a numerical model suggest 5 cfs could be flowing past San Marcos toward Barton springs under drought conditions. The groundwater divide appears to be influenced by recharge along Onion Creek and Blanco River and appears to be vulnerable to extended periods of little or no recharge and extensive pumping in the vicinity of Kyle and Buda. The 2009 data set shows a very low gradient in the potentiometric surface between San Marcos Springs and Kyle with very little variation in levels between drought and non-drought periods. From Kyle toward Barton Springs, the potentiometric surface slopes significantly to the north and has dramatic changes in levels between drought and non-drought periods. The source and nature of the discontinuity of the change in potentiometric gradients and dynamic water level response at Kyle is unknown. Structural influences or hydraulic properties inherent in the aquifer could be the cause of this discontinuity and may also influence the degree of hydrologic connection between San Marcos and Barton Springs. Rapid population growth and increased water demands in the Kyle and Buda areas necessitates a continual groundwater level monitoring program between San Marcos Springs and Buda to provide data for future hydrogeologic and trend analyses.</p><br/><br/>\n________________________________________________________________________<br/>\n<a href=\"http://localhost/index.php/publicknowledge\">Journal of Public Knowledge</a>'),
(49,1048585,13,3,'2025-07-11 05:44:41',NULL,'\"Daniel Barnes\" <dbarnes@mailinator.com>','\"Aisla McCrae\" <amccrae@mailinator.com>',NULL,NULL,'[JPKJPK] Article Review Request','<p>Aisla McCrae:<br><br>I believe that you would serve as an excellent reviewer of the manuscript, \"Hydrologic Connectivity in the Edwards Aquifer between San Marcos Springs and Barton Springs during 2009 Drought Conditions,\" which has been submitted to Journal of Public Knowledge. The submission\'s abstract is inserted below, and I hope that you will consider undertaking this important task for us.<br><br>Please log into the journal web site by 2025-08-08 to indicate whether you will undertake the review or not, as well as to access the submission and to record your review and recommendation. The web site is <a class=\"contextUrl-style-class\" href=\"http://localhost/index.php/publicknowledge\">http://localhost/index.php/publicknowledge</a><br><br>The review itself is due 2025-08-08.<br><br>If you do not have your username and password for the journal\'s web site, you can use this link to reset your password (which will then be emailed to you along with your username). <a class=\"passwordResetUrl-style-class\" href=\"http://localhost/index.php/publicknowledge/login/lostPassword\">http://localhost/index.php/publicknowledge/login/lostPassword</a><br><br>Submission URL: <a href=\'http://localhost/index.php/publicknowledge/reviewer/submission?submissionId=13\' class=\'submissionReviewUrl-style-class\'>http://localhost/index.php/publicknowledge/reviewer/submission?submissionId=13</a><br><br>Thank you for considering this request.<br><br>Daniel Barnes<br>University of Melbourne<br>dbarnes@mailinator.com<br><br>\"Hydrologic Connectivity in the Edwards Aquifer between San Marcos Springs and Barton Springs during 2009 Drought Conditions\"<br><br></p>\r\n<p>The Edwards Aquifer serves as the primary water supply in South-Central Texas and is the source for several major springs. In developing a plan to protect endangered species immediately downstream of San Marcos Springs, questions have been raised regarding the established concept of a hydrologic divide between the San Antonio and Barton Springs segments of the Edwards Aquifer during drought conditions. To address these questions, a water-level data collection program and a hydrogeologic study was conducted. An analysis of groundwater-level data indicate that a groundwater divide exists in the vicinity of the surface drainage divide between Onion Creek and Blanco River during wet and normal hydrologic conditions. However, analysis of data collected during the 2009 drought suggests that the groundwater divide dissipated and no longer hydrologically separated the two segments. As a result, there is potential for groundwater to flow past San Marcos Springs toward Barton Springs during major droughts. The implications for this have bearings on the management and availability of groundwater in the Edwards Aquifer. Assessments of simulations from a numerical model suggest 5 cfs could be flowing past San Marcos toward Barton springs under drought conditions. The groundwater divide appears to be influenced by recharge along Onion Creek and Blanco River and appears to be vulnerable to extended periods of little or no recharge and extensive pumping in the vicinity of Kyle and Buda. The 2009 data set shows a very low gradient in the potentiometric surface between San Marcos Springs and Kyle with very little variation in levels between drought and non-drought periods. From Kyle toward Barton Springs, the potentiometric surface slopes significantly to the north and has dramatic changes in levels between drought and non-drought periods. The source and nature of the discontinuity of the change in potentiometric gradients and dynamic water level response at Kyle is unknown. Structural influences or hydraulic properties inherent in the aquifer could be the cause of this discontinuity and may also influence the degree of hydrologic connection between San Marcos and Barton Springs. Rapid population growth and increased water demands in the Kyle and Buda areas necessitates a continual groundwater level monitoring program between San Marcos Springs and Buda to provide data for future hydrogeologic and trend analyses.</p><br/><br/>\n________________________________________________________________________<br/>\n<a href=\"http://localhost/index.php/publicknowledge\">Journal of Public Knowledge</a>'),
(50,1048585,13,3,'2025-07-11 05:44:44',NULL,'\"Daniel Barnes\" <dbarnes@mailinator.com>','\"Adela Gallego\" <agallego@mailinator.com>',NULL,NULL,'[JPKJPK] Article Review Request','<p>Adela Gallego:<br><br>I believe that you would serve as an excellent reviewer of the manuscript, \"Hydrologic Connectivity in the Edwards Aquifer between San Marcos Springs and Barton Springs during 2009 Drought Conditions,\" which has been submitted to Journal of Public Knowledge. The submission\'s abstract is inserted below, and I hope that you will consider undertaking this important task for us.<br><br>Please log into the journal web site by 2025-08-08 to indicate whether you will undertake the review or not, as well as to access the submission and to record your review and recommendation. The web site is <a class=\"contextUrl-style-class\" href=\"http://localhost/index.php/publicknowledge\">http://localhost/index.php/publicknowledge</a><br><br>The review itself is due 2025-08-08.<br><br>If you do not have your username and password for the journal\'s web site, you can use this link to reset your password (which will then be emailed to you along with your username). <a class=\"passwordResetUrl-style-class\" href=\"http://localhost/index.php/publicknowledge/login/lostPassword\">http://localhost/index.php/publicknowledge/login/lostPassword</a><br><br>Submission URL: <a href=\'http://localhost/index.php/publicknowledge/reviewer/submission?submissionId=13\' class=\'submissionReviewUrl-style-class\'>http://localhost/index.php/publicknowledge/reviewer/submission?submissionId=13</a><br><br>Thank you for considering this request.<br><br>Daniel Barnes<br>University of Melbourne<br>dbarnes@mailinator.com<br><br>\"Hydrologic Connectivity in the Edwards Aquifer between San Marcos Springs and Barton Springs during 2009 Drought Conditions\"<br><br></p>\r\n<p>The Edwards Aquifer serves as the primary water supply in South-Central Texas and is the source for several major springs. In developing a plan to protect endangered species immediately downstream of San Marcos Springs, questions have been raised regarding the established concept of a hydrologic divide between the San Antonio and Barton Springs segments of the Edwards Aquifer during drought conditions. To address these questions, a water-level data collection program and a hydrogeologic study was conducted. An analysis of groundwater-level data indicate that a groundwater divide exists in the vicinity of the surface drainage divide between Onion Creek and Blanco River during wet and normal hydrologic conditions. However, analysis of data collected during the 2009 drought suggests that the groundwater divide dissipated and no longer hydrologically separated the two segments. As a result, there is potential for groundwater to flow past San Marcos Springs toward Barton Springs during major droughts. The implications for this have bearings on the management and availability of groundwater in the Edwards Aquifer. Assessments of simulations from a numerical model suggest 5 cfs could be flowing past San Marcos toward Barton springs under drought conditions. The groundwater divide appears to be influenced by recharge along Onion Creek and Blanco River and appears to be vulnerable to extended periods of little or no recharge and extensive pumping in the vicinity of Kyle and Buda. The 2009 data set shows a very low gradient in the potentiometric surface between San Marcos Springs and Kyle with very little variation in levels between drought and non-drought periods. From Kyle toward Barton Springs, the potentiometric surface slopes significantly to the north and has dramatic changes in levels between drought and non-drought periods. The source and nature of the discontinuity of the change in potentiometric gradients and dynamic water level response at Kyle is unknown. Structural influences or hydraulic properties inherent in the aquifer could be the cause of this discontinuity and may also influence the degree of hydrologic connection between San Marcos and Barton Springs. Rapid population growth and increased water demands in the Kyle and Buda areas necessitates a continual groundwater level monitoring program between San Marcos Springs and Buda to provide data for future hydrogeologic and trend analyses.</p><br/><br/>\n________________________________________________________________________<br/>\n<a href=\"http://localhost/index.php/publicknowledge\">Journal of Public Knowledge</a>'),
(51,1048585,13,7,'2025-07-11 05:44:47',1073741829,'\"Julie Janssen\" <jjanssen@mailinator.com>','\"Daniel Barnes\" <dbarnes@mailinator.com>, \"David Buskins\" <dbuskins@mailinator.com>, \"Stephanie Berardo\" <sberardo@mailinator.com>',NULL,NULL,'[JPKJPK] Able to Review','Editors:<br />\n<br />\nI am able and willing to review the submission, &quot;Hydrologic Connectivity in the Edwards Aquifer between San Marcos Springs and Barton Springs during 2009 Drought Conditions,&quot; for Journal of Public Knowledge. Thank you for thinking of me, and I plan to have the review completed by its due date, 2025-08-08, if not before.<br />\n<br />\nJulie Janssen<br/><br/>\n________________________________________________________________________<br/>\n<a href=\"http://localhost/index.php/publicknowledge\">Journal of Public Knowledge</a>'),
(52,1048585,13,9,'2025-07-11 05:44:52',1073741829,'\"Aisla McCrae\" <amccrae@mailinator.com>','\"Daniel Barnes\" <dbarnes@mailinator.com>, \"David Buskins\" <dbuskins@mailinator.com>, \"Stephanie Berardo\" <sberardo@mailinator.com>',NULL,NULL,'[JPKJPK] Able to Review','Editors:<br />\n<br />\nI am able and willing to review the submission, &quot;Hydrologic Connectivity in the Edwards Aquifer between San Marcos Springs and Barton Springs during 2009 Drought Conditions,&quot; for Journal of Public Knowledge. Thank you for thinking of me, and I plan to have the review completed by its due date, 2025-08-08, if not before.<br />\n<br />\nAisla McCrae<br/><br/>\n________________________________________________________________________<br/>\n<a href=\"http://localhost/index.php/publicknowledge\">Journal of Public Knowledge</a>'),
(53,1048585,13,10,'2025-07-11 05:44:59',1073741829,'\"Adela Gallego\" <agallego@mailinator.com>','\"Daniel Barnes\" <dbarnes@mailinator.com>, \"David Buskins\" <dbuskins@mailinator.com>, \"Stephanie Berardo\" <sberardo@mailinator.com>',NULL,NULL,'[JPKJPK] Able to Review','Editors:<br />\n<br />\nI am able and willing to review the submission, &quot;Hydrologic Connectivity in the Edwards Aquifer between San Marcos Springs and Barton Springs during 2009 Drought Conditions,&quot; for Journal of Public Knowledge. Thank you for thinking of me, and I plan to have the review completed by its due date, 2025-08-08, if not before.<br />\n<br />\nAdela Gallego<br/><br/>\n________________________________________________________________________<br/>\n<a href=\"http://localhost/index.php/publicknowledge\">Journal of Public Knowledge</a>'),
(54,1048585,13,3,'2025-07-11 05:45:08',805306369,'\"Daniel Barnes\" <dbarnes@mailinator.com>','\"Lise Kumiega\" <lkumiega@mailinator.com>',NULL,NULL,'[JPKJPK] Editor Decision','Lise Kumiega:<br />\r\n<br />\r\nWe have reached a decision regarding your submission to Journal of Public Knowledge, &quot;Hydrologic Connectivity in the Edwards Aquifer between San Marcos Springs and Barton Springs during 2009 Drought Conditions&quot;.<br />\r\n<br />\r\nOur decision is: Revisions Required<br/><br/>\n________________________________________________________________________<br/>\n<a href=\"http://localhost/index.php/publicknowledge\">Journal of Public Knowledge</a>'),
(55,1048585,14,30,'2025-07-11 05:45:17',NULL,'\"Ramiro Vaca\" <rvaca@mailinator.com>','\"Patricia Daniel\" <pdaniel@mailinator.com>',NULL,'dbuskins@mailinator.com, sberardo@mailinator.com','[JPKJPK] Submission Acknowledgement','Patricia Daniel:<br />\n<br />\nThank you for submitting the manuscript, &quot;Towards Designing an Intercultural Curriculum: A Case Study from the Atlantic Coast of Nicaragua&quot; to Journal of Public Knowledge. With the online journal management system that we are using, you will be able to track its progress through the editorial process by logging in to the journal web site:<br />\n<br />\nSubmission URL: <a href=\'http://localhost/index.php/publicknowledge/authorDashboard/submission/14\' class=\'submissionUrl-style-class\'>http://localhost/index.php/publicknowledge/authorDashboard/submission/14</a><br />\nUsername: pdaniel<br />\n<br />\nIf you have any questions, please contact me. Thank you for considering this journal as a venue for your work.<br />\n<br />\nRamiro Vaca<br/><br/>\n________________________________________________________________________<br/>\n<a href=\"http://localhost/index.php/publicknowledge\">Journal of Public Knowledge</a>'),
(56,1048585,15,31,'2025-07-11 05:45:26',NULL,'\"Ramiro Vaca\" <rvaca@mailinator.com>','\"Rana Baiyewu\" <rbaiyewu@mailinator.com>',NULL,'dbuskins@mailinator.com, sberardo@mailinator.com','[JPKJPK] Submission Acknowledgement','Rana Baiyewu:<br />\n<br />\nThank you for submitting the manuscript, &quot;Yam diseases and its management in Nigeria&quot; to Journal of Public Knowledge. With the online journal management system that we are using, you will be able to track its progress through the editorial process by logging in to the journal web site:<br />\n<br />\nSubmission URL: <a href=\'http://localhost/index.php/publicknowledge/authorDashboard/submission/15\' class=\'submissionUrl-style-class\'>http://localhost/index.php/publicknowledge/authorDashboard/submission/15</a><br />\nUsername: rbaiyewu<br />\n<br />\nIf you have any questions, please contact me. Thank you for considering this journal as a venue for your work.<br />\n<br />\nRamiro Vaca<br/><br/>\n________________________________________________________________________<br/>\n<a href=\"http://localhost/index.php/publicknowledge\">Journal of Public Knowledge</a>'),
(57,1048585,15,3,'2025-07-11 05:45:34',NULL,'\"Daniel Barnes\" <dbarnes@mailinator.com>','\"Paul Hudson\" <phudson@mailinator.com>',NULL,NULL,'[JPKJPK] Article Review Request','<p>Paul Hudson:<br><br>I believe that you would serve as an excellent reviewer of the manuscript, \"Yam diseases and its management in Nigeria,\" which has been submitted to Journal of Public Knowledge. The submission\'s abstract is inserted below, and I hope that you will consider undertaking this important task for us.<br><br>Please log into the journal web site by 2025-08-08 to indicate whether you will undertake the review or not, as well as to access the submission and to record your review and recommendation. The web site is <a class=\"contextUrl-style-class\" href=\"http://localhost/index.php/publicknowledge\">http://localhost/index.php/publicknowledge</a><br><br>The review itself is due 2025-08-08.<br><br>If you do not have your username and password for the journal\'s web site, you can use this link to reset your password (which will then be emailed to you along with your username). <a class=\"passwordResetUrl-style-class\" href=\"http://localhost/index.php/publicknowledge/login/lostPassword\">http://localhost/index.php/publicknowledge/login/lostPassword</a><br><br>Submission URL: <a href=\'http://localhost/index.php/publicknowledge/reviewer/submission?submissionId=15\' class=\'submissionReviewUrl-style-class\'>http://localhost/index.php/publicknowledge/reviewer/submission?submissionId=15</a><br><br>Thank you for considering this request.<br><br>Daniel Barnes<br>University of Melbourne<br>dbarnes@mailinator.com<br><br>\"Yam diseases and its management in Nigeria\"<br><br></p>\r\n<p>This review presents different diseases associated with yam and the management strategies employed in combating its menace in Nigeria. The field and storage diseases are presented, anthracnose is regarded as the most widely spread of all the field diseases, while yam mosaic virus disease is considered to cause the most severe losses in yams. Dry rot is considered as the most devastating of all the storage diseases of yam. Dry rot of yams alone causes a marked reduction in the quantity, marketable value and edible portions of tubers and those reductions are more severe in stored yams. The management strategies adopted and advocated for combating the field diseases includes the use of crop rotation, fallowing, planting of healthy material, the destruction of infected crop cultivars and the use of resistant cultivars. With regards to the storage diseases, the use of Tecto (Thiabendazole), locally made dry gins or wood ash before storage has been found to protect yam tubers against fungal infection in storage. Finally, processing of yam tubers into chips or cubes increases its shelf live for a period of between 6 months and one year.</p><br/><br/>\n________________________________________________________________________<br/>\n<a href=\"http://localhost/index.php/publicknowledge\">Journal of Public Knowledge</a>'),
(58,1048585,15,3,'2025-07-11 05:45:38',NULL,'\"Daniel Barnes\" <dbarnes@mailinator.com>','\"Aisla McCrae\" <amccrae@mailinator.com>',NULL,NULL,'[JPKJPK] Article Review Request','<p>Aisla McCrae:<br><br>I believe that you would serve as an excellent reviewer of the manuscript, \"Yam diseases and its management in Nigeria,\" which has been submitted to Journal of Public Knowledge. The submission\'s abstract is inserted below, and I hope that you will consider undertaking this important task for us.<br><br>Please log into the journal web site by 2025-08-08 to indicate whether you will undertake the review or not, as well as to access the submission and to record your review and recommendation. The web site is <a class=\"contextUrl-style-class\" href=\"http://localhost/index.php/publicknowledge\">http://localhost/index.php/publicknowledge</a><br><br>The review itself is due 2025-08-08.<br><br>If you do not have your username and password for the journal\'s web site, you can use this link to reset your password (which will then be emailed to you along with your username). <a class=\"passwordResetUrl-style-class\" href=\"http://localhost/index.php/publicknowledge/login/lostPassword\">http://localhost/index.php/publicknowledge/login/lostPassword</a><br><br>Submission URL: <a href=\'http://localhost/index.php/publicknowledge/reviewer/submission?submissionId=15\' class=\'submissionReviewUrl-style-class\'>http://localhost/index.php/publicknowledge/reviewer/submission?submissionId=15</a><br><br>Thank you for considering this request.<br><br>Daniel Barnes<br>University of Melbourne<br>dbarnes@mailinator.com<br><br>\"Yam diseases and its management in Nigeria\"<br><br></p>\r\n<p>This review presents different diseases associated with yam and the management strategies employed in combating its menace in Nigeria. The field and storage diseases are presented, anthracnose is regarded as the most widely spread of all the field diseases, while yam mosaic virus disease is considered to cause the most severe losses in yams. Dry rot is considered as the most devastating of all the storage diseases of yam. Dry rot of yams alone causes a marked reduction in the quantity, marketable value and edible portions of tubers and those reductions are more severe in stored yams. The management strategies adopted and advocated for combating the field diseases includes the use of crop rotation, fallowing, planting of healthy material, the destruction of infected crop cultivars and the use of resistant cultivars. With regards to the storage diseases, the use of Tecto (Thiabendazole), locally made dry gins or wood ash before storage has been found to protect yam tubers against fungal infection in storage. Finally, processing of yam tubers into chips or cubes increases its shelf live for a period of between 6 months and one year.</p><br/><br/>\n________________________________________________________________________<br/>\n<a href=\"http://localhost/index.php/publicknowledge\">Journal of Public Knowledge</a>'),
(59,1048585,15,3,'2025-07-11 05:45:39',805306369,'\"Daniel Barnes\" <dbarnes@mailinator.com>','\"Rana Baiyewu\" <rbaiyewu@mailinator.com>',NULL,NULL,'[JPKJPK] Editor Decision','<p>Rana Baiyewu:<br><br>We have reached a decision regarding your submission to Journal of Public Knowledge, \"Yam diseases and its management in Nigeria\".<br><br>Our decision is to: Accept Submission</p><br/><br/>\n________________________________________________________________________<br/>\n<a href=\"http://localhost/index.php/publicknowledge\">Journal of Public Knowledge</a>'),
(60,1048585,15,3,'2025-07-11 05:45:44',805306369,'\"Daniel Barnes\" <dbarnes@mailinator.com>','\"Rana Baiyewu\" <rbaiyewu@mailinator.com>',NULL,NULL,'[JPKJPK] Editor Decision','<p>Rana Baiyewu:<br><br>The editing of your submission, \"Yam diseases and its management in Nigeria,\" is complete. We are now sending it to production.<br><br>Submission URL: <a class=\"submissionUrl-style-class\" href=\"http://localhost/index.php/publicknowledge/authorDashboard/submission/15\">http://localhost/index.php/publicknowledge/authorDashboard/submission/15</a></p><br/><br/>\n________________________________________________________________________<br/>\n<a href=\"http://localhost/index.php/publicknowledge\">Journal of Public Knowledge</a>'),
(61,1048585,16,32,'2025-07-11 05:45:56',NULL,'\"Ramiro Vaca\" <rvaca@mailinator.com>','\"Rosanna Rossi\" <rrossi@mailinator.com>',NULL,'dbuskins@mailinator.com, sberardo@mailinator.com','[JPKJPK] Submission Acknowledgement','Rosanna Rossi:<br />\n<br />\nThank you for submitting the manuscript, &quot;Influence of long-term nutrition with different dietary fats on fatty acid composition of heavy pigs backfat&quot; to Journal of Public Knowledge. With the online journal management system that we are using, you will be able to track its progress through the editorial process by logging in to the journal web site:<br />\n<br />\nSubmission URL: <a href=\'http://localhost/index.php/publicknowledge/authorDashboard/submission/16\' class=\'submissionUrl-style-class\'>http://localhost/index.php/publicknowledge/authorDashboard/submission/16</a><br />\nUsername: rrossi<br />\n<br />\nIf you have any questions, please contact me. Thank you for considering this journal as a venue for your work.<br />\n<br />\nRamiro Vaca<br/><br/>\n________________________________________________________________________<br/>\n<a href=\"http://localhost/index.php/publicknowledge\">Journal of Public Knowledge</a>'),
(62,1048585,17,33,'2025-07-11 05:46:05',NULL,'\"Ramiro Vaca\" <rvaca@mailinator.com>','\"Vajiheh Karbasizaed\" <vkarbasizaed@mailinator.com>',NULL,'dbuskins@mailinator.com, sberardo@mailinator.com','[JPKJPK] Submission Acknowledgement','Vajiheh Karbasizaed:<br />\n<br />\nThank you for submitting the manuscript, &quot;Antimicrobial, heavy metal resistance and plasmid profile of coliforms isolated from nosocomial infections in a hospital in Isfahan, Iran&quot; to Journal of Public Knowledge. With the online journal management system that we are using, you will be able to track its progress through the editorial process by logging in to the journal web site:<br />\n<br />\nSubmission URL: <a href=\'http://localhost/index.php/publicknowledge/authorDashboard/submission/17\' class=\'submissionUrl-style-class\'>http://localhost/index.php/publicknowledge/authorDashboard/submission/17</a><br />\nUsername: vkarbasizaed<br />\n<br />\nIf you have any questions, please contact me. Thank you for considering this journal as a venue for your work.<br />\n<br />\nRamiro Vaca<br/><br/>\n________________________________________________________________________<br/>\n<a href=\"http://localhost/index.php/publicknowledge\">Journal of Public Knowledge</a>'),
(63,1048585,17,3,'2025-07-11 05:46:14',NULL,'\"Daniel Barnes\" <dbarnes@mailinator.com>','\"Julie Janssen\" <jjanssen@mailinator.com>',NULL,NULL,'[JPKJPK] Article Review Request','<p>Julie Janssen:<br><br>I believe that you would serve as an excellent reviewer of the manuscript, \"Antimicrobial, heavy metal resistance and plasmid profile of coliforms isolated from nosocomial infections in a hospital in Isfahan, Iran,\" which has been submitted to Journal of Public Knowledge. The submission\'s abstract is inserted below, and I hope that you will consider undertaking this important task for us.<br><br>Please log into the journal web site by 2025-08-08 to indicate whether you will undertake the review or not, as well as to access the submission and to record your review and recommendation. The web site is <a class=\"contextUrl-style-class\" href=\"http://localhost/index.php/publicknowledge\">http://localhost/index.php/publicknowledge</a><br><br>The review itself is due 2025-08-08.<br><br>If you do not have your username and password for the journal\'s web site, you can use this link to reset your password (which will then be emailed to you along with your username). <a class=\"passwordResetUrl-style-class\" href=\"http://localhost/index.php/publicknowledge/login/lostPassword\">http://localhost/index.php/publicknowledge/login/lostPassword</a><br><br>Submission URL: <a href=\'http://localhost/index.php/publicknowledge/reviewer/submission?submissionId=17\' class=\'submissionReviewUrl-style-class\'>http://localhost/index.php/publicknowledge/reviewer/submission?submissionId=17</a><br><br>Thank you for considering this request.<br><br>Daniel Barnes<br>University of Melbourne<br>dbarnes@mailinator.com<br><br>\"Antimicrobial, heavy metal resistance and plasmid profile of coliforms isolated from nosocomial infections in a hospital in Isfahan, Iran\"<br><br></p>\r\n<p>The antimicrobial, heavy metal resistance patterns and plasmid profiles of Coliforms (Enterobacteriacea) isolated from nosocomial infections and healthy human faeces were compared. Fifteen of the 25 isolates from nosocomial infections were identified as Escherichia coli, and remaining as Kelebsiella pneumoniae. Seventy two percent of the strains isolated from nosocomial infections possess multiple resistance to antibiotics compared to 45% of strains from healthy human faeces. The difference between minimal inhibitory concentration (MIC) values of strains from clinical cases and from faeces for four heavy metals (Hg, Cu, Pb, Cd) was not significant. However most strains isolated from hospital were more tolerant to heavy metal than those from healthy persons. There was no consistent relationship between plasmid profile group and antimicrobial resistance pattern, although a conjugative plasmid (&gt;56.4 kb) encoding resistance to heavy metals and antibiotics was recovered from eight of the strains isolated from nosocomial infections. The results indicate multidrug-resistance coliforms as a potential cause of nosocomial infection in this region.</p><br/><br/>\n________________________________________________________________________<br/>\n<a href=\"http://localhost/index.php/publicknowledge\">Journal of Public Knowledge</a>'),
(64,1048585,17,3,'2025-07-11 05:46:17',NULL,'\"Daniel Barnes\" <dbarnes@mailinator.com>','\"Paul Hudson\" <phudson@mailinator.com>',NULL,NULL,'[JPKJPK] Article Review Request','<p>Paul Hudson:<br><br>I believe that you would serve as an excellent reviewer of the manuscript, \"Antimicrobial, heavy metal resistance and plasmid profile of coliforms isolated from nosocomial infections in a hospital in Isfahan, Iran,\" which has been submitted to Journal of Public Knowledge. The submission\'s abstract is inserted below, and I hope that you will consider undertaking this important task for us.<br><br>Please log into the journal web site by 2025-08-08 to indicate whether you will undertake the review or not, as well as to access the submission and to record your review and recommendation. The web site is <a class=\"contextUrl-style-class\" href=\"http://localhost/index.php/publicknowledge\">http://localhost/index.php/publicknowledge</a><br><br>The review itself is due 2025-08-08.<br><br>If you do not have your username and password for the journal\'s web site, you can use this link to reset your password (which will then be emailed to you along with your username). <a class=\"passwordResetUrl-style-class\" href=\"http://localhost/index.php/publicknowledge/login/lostPassword\">http://localhost/index.php/publicknowledge/login/lostPassword</a><br><br>Submission URL: <a href=\'http://localhost/index.php/publicknowledge/reviewer/submission?submissionId=17\' class=\'submissionReviewUrl-style-class\'>http://localhost/index.php/publicknowledge/reviewer/submission?submissionId=17</a><br><br>Thank you for considering this request.<br><br>Daniel Barnes<br>University of Melbourne<br>dbarnes@mailinator.com<br><br>\"Antimicrobial, heavy metal resistance and plasmid profile of coliforms isolated from nosocomial infections in a hospital in Isfahan, Iran\"<br><br></p>\r\n<p>The antimicrobial, heavy metal resistance patterns and plasmid profiles of Coliforms (Enterobacteriacea) isolated from nosocomial infections and healthy human faeces were compared. Fifteen of the 25 isolates from nosocomial infections were identified as Escherichia coli, and remaining as Kelebsiella pneumoniae. Seventy two percent of the strains isolated from nosocomial infections possess multiple resistance to antibiotics compared to 45% of strains from healthy human faeces. The difference between minimal inhibitory concentration (MIC) values of strains from clinical cases and from faeces for four heavy metals (Hg, Cu, Pb, Cd) was not significant. However most strains isolated from hospital were more tolerant to heavy metal than those from healthy persons. There was no consistent relationship between plasmid profile group and antimicrobial resistance pattern, although a conjugative plasmid (&gt;56.4 kb) encoding resistance to heavy metals and antibiotics was recovered from eight of the strains isolated from nosocomial infections. The results indicate multidrug-resistance coliforms as a potential cause of nosocomial infection in this region.</p><br/><br/>\n________________________________________________________________________<br/>\n<a href=\"http://localhost/index.php/publicknowledge\">Journal of Public Knowledge</a>'),
(65,1048585,17,3,'2025-07-11 05:46:18',805306369,'\"Daniel Barnes\" <dbarnes@mailinator.com>','\"Vajiheh Karbasizaed\" <vkarbasizaed@mailinator.com>',NULL,NULL,'[JPKJPK] Editor Decision','<p>Vajiheh Karbasizaed:<br><br>We have reached a decision regarding your submission to Journal of Public Knowledge, \"Antimicrobial, heavy metal resistance and plasmid profile of coliforms isolated from nosocomial infections in a hospital in Isfahan, Iran\".<br><br>Our decision is to: Accept Submission</p><br/><br/>\n________________________________________________________________________<br/>\n<a href=\"http://localhost/index.php/publicknowledge\">Journal of Public Knowledge</a>'),
(66,1048585,17,3,'2025-07-11 05:46:23',805306369,'\"Daniel Barnes\" <dbarnes@mailinator.com>','\"Vajiheh Karbasizaed\" <vkarbasizaed@mailinator.com>',NULL,NULL,'[JPKJPK] Editor Decision','<p>Vajiheh Karbasizaed:<br><br>The editing of your submission, \"Antimicrobial, heavy metal resistance and plasmid profile of coliforms isolated from nosocomial infections in a hospital in Isfahan, Iran,\" is complete. We are now sending it to production.<br><br>Submission URL: <a class=\"submissionUrl-style-class\" href=\"http://localhost/index.php/publicknowledge/authorDashboard/submission/17\">http://localhost/index.php/publicknowledge/authorDashboard/submission/17</a></p><br/><br/>\n________________________________________________________________________<br/>\n<a href=\"http://localhost/index.php/publicknowledge\">Journal of Public Knowledge</a>'),
(67,1048585,18,34,'2025-07-11 05:47:18',NULL,'\"Ramiro Vaca\" <rvaca@mailinator.com>','\"Valerie Williamson\" <vwilliamson@mailinator.com>',NULL,'dbuskins@mailinator.com, sberardo@mailinator.com','[JPKJPK] Submission Acknowledgement','Valerie Williamson:<br />\n<br />\nThank you for submitting the manuscript, &quot;Self-Organization in Multi-Level Institutions in Networked Environments&quot; to Journal of Public Knowledge. With the online journal management system that we are using, you will be able to track its progress through the editorial process by logging in to the journal web site:<br />\n<br />\nSubmission URL: <a href=\'http://localhost/index.php/publicknowledge/authorDashboard/submission/18\' class=\'submissionUrl-style-class\'>http://localhost/index.php/publicknowledge/authorDashboard/submission/18</a><br />\nUsername: vwilliamson<br />\n<br />\nIf you have any questions, please contact me. Thank you for considering this journal as a venue for your work.<br />\n<br />\nRamiro Vaca<br/><br/>\n________________________________________________________________________<br/>\n<a href=\"http://localhost/index.php/publicknowledge\">Journal of Public Knowledge</a>'),
(68,1048585,18,3,'2025-07-11 05:47:22',805306369,'\"Daniel Barnes\" <dbarnes@mailinator.com>','\"Valerie Williamson\" <vwilliamson@mailinator.com>',NULL,NULL,'[JPKJPK] Editor Decision','Valerie Williamson:<br />\r\n<br />\r\nWe have reached a decision regarding your submission to Journal of Public Knowledge, &quot;Self-Organization in Multi-Level Institutions in Networked Environments&quot;.<br />\r\n<br />\r\nOur decision is to: Decline Submission<br/><br/>\n________________________________________________________________________<br/>\n<a href=\"http://localhost/index.php/publicknowledge\">Journal of Public Knowledge</a>'),
(69,1048585,19,35,'2025-07-11 05:47:30',NULL,'\"Ramiro Vaca\" <rvaca@mailinator.com>','\"Zita Woods\" <zwoods@mailinator.com>',NULL,'minoue@mailinator.com','[JPKJPK] Submission Acknowledgement','Zita Woods:<br />\n<br />\nThank you for submitting the manuscript, &quot;Finocchiaro: Arguments About Arguments&quot; to Journal of Public Knowledge. With the online journal management system that we are using, you will be able to track its progress through the editorial process by logging in to the journal web site:<br />\n<br />\nSubmission URL: <a href=\'http://localhost/index.php/publicknowledge/authorDashboard/submission/19\' class=\'submissionUrl-style-class\'>http://localhost/index.php/publicknowledge/authorDashboard/submission/19</a><br />\nUsername: zwoods<br />\n<br />\nIf you have any questions, please contact me. Thank you for considering this journal as a venue for your work.<br />\n<br />\nRamiro Vaca<br/><br/>\n________________________________________________________________________<br/>\n<a href=\"http://localhost/index.php/publicknowledge\">Journal of Public Knowledge</a>'),
(70,1048585,19,3,'2025-07-11 05:47:39',NULL,'\"Daniel Barnes\" <dbarnes@mailinator.com>','\"Paul Hudson\" <phudson@mailinator.com>',NULL,NULL,'[JPKJPK] Article Review Request','<p>Paul Hudson:<br><br>I believe that you would serve as an excellent reviewer of the manuscript, \"Finocchiaro: Arguments About Arguments,\" which has been submitted to Journal of Public Knowledge. The submission\'s abstract is inserted below, and I hope that you will consider undertaking this important task for us.<br><br>Please log into the journal web site by 2025-08-08 to indicate whether you will undertake the review or not, as well as to access the submission and to record your review and recommendation. The web site is <a class=\"contextUrl-style-class\" href=\"http://localhost/index.php/publicknowledge\">http://localhost/index.php/publicknowledge</a><br><br>The review itself is due 2025-08-08.<br><br>If you do not have your username and password for the journal\'s web site, you can use this link to reset your password (which will then be emailed to you along with your username). <a class=\"passwordResetUrl-style-class\" href=\"http://localhost/index.php/publicknowledge/login/lostPassword\">http://localhost/index.php/publicknowledge/login/lostPassword</a><br><br>Submission URL: <a href=\'http://localhost/index.php/publicknowledge/reviewer/submission?submissionId=19\' class=\'submissionReviewUrl-style-class\'>http://localhost/index.php/publicknowledge/reviewer/submission?submissionId=19</a><br><br>Thank you for considering this request.<br><br>Daniel Barnes<br>University of Melbourne<br>dbarnes@mailinator.com<br><br>\"Finocchiaro: Arguments About Arguments\"<br><br></p>\r\n<p>None.</p><br/><br/>\n________________________________________________________________________<br/>\n<a href=\"http://localhost/index.php/publicknowledge\">Journal of Public Knowledge</a>'),
(71,1048585,19,3,'2025-07-11 05:47:42',NULL,'\"Daniel Barnes\" <dbarnes@mailinator.com>','\"Aisla McCrae\" <amccrae@mailinator.com>',NULL,NULL,'[JPKJPK] Article Review Request','<p>Aisla McCrae:<br><br>I believe that you would serve as an excellent reviewer of the manuscript, \"Finocchiaro: Arguments About Arguments,\" which has been submitted to Journal of Public Knowledge. The submission\'s abstract is inserted below, and I hope that you will consider undertaking this important task for us.<br><br>Please log into the journal web site by 2025-08-08 to indicate whether you will undertake the review or not, as well as to access the submission and to record your review and recommendation. The web site is <a class=\"contextUrl-style-class\" href=\"http://localhost/index.php/publicknowledge\">http://localhost/index.php/publicknowledge</a><br><br>The review itself is due 2025-08-08.<br><br>If you do not have your username and password for the journal\'s web site, you can use this link to reset your password (which will then be emailed to you along with your username). <a class=\"passwordResetUrl-style-class\" href=\"http://localhost/index.php/publicknowledge/login/lostPassword\">http://localhost/index.php/publicknowledge/login/lostPassword</a><br><br>Submission URL: <a href=\'http://localhost/index.php/publicknowledge/reviewer/submission?submissionId=19\' class=\'submissionReviewUrl-style-class\'>http://localhost/index.php/publicknowledge/reviewer/submission?submissionId=19</a><br><br>Thank you for considering this request.<br><br>Daniel Barnes<br>University of Melbourne<br>dbarnes@mailinator.com<br><br>\"Finocchiaro: Arguments About Arguments\"<br><br></p>\r\n<p>None.</p><br/><br/>\n________________________________________________________________________<br/>\n<a href=\"http://localhost/index.php/publicknowledge\">Journal of Public Knowledge</a>'),
(72,1048585,19,3,'2025-07-11 05:47:43',805306369,'\"Daniel Barnes\" <dbarnes@mailinator.com>','\"Zita Woods\" <zwoods@mailinator.com>',NULL,NULL,'[JPKJPK] Editor Decision','<p>Zita Woods:<br><br>We have reached a decision regarding your submission to Journal of Public Knowledge, \"Finocchiaro: Arguments About Arguments\".<br><br>Our decision is to: Accept Submission</p><br/><br/>\n________________________________________________________________________<br/>\n<a href=\"http://localhost/index.php/publicknowledge\">Journal of Public Knowledge</a>');
/*!40000 ALTER TABLE `email_log` ENABLE KEYS */;
UNLOCK TABLES;
commit;

--
-- Table structure for table `email_log_users`
--

DROP TABLE IF EXISTS `email_log_users`;
/*!40101 SET @saved_cs_client     = @@character_set_client */;
/*!40101 SET character_set_client = utf8mb4 */;
CREATE TABLE `email_log_users` (
  `email_log_id` bigint NOT NULL,
  `user_id` bigint NOT NULL,
  UNIQUE KEY `email_log_user_id` (`email_log_id`,`user_id`)
) ENGINE=InnoDB DEFAULT CHARSET=utf8mb3;
/*!40101 SET character_set_client = @saved_cs_client */;

--
-- Dumping data for table `email_log_users`
--

LOCK TABLES `email_log_users` WRITE;
/*!40000 ALTER TABLE `email_log_users` DISABLE KEYS */;
set autocommit=0;
INSERT INTO `email_log_users` VALUES
(1,17),
(2,7),
(3,9),
(4,10),
(5,17),
(6,17),
(7,18),
(8,3),
(8,4),
(8,5),
(9,19),
(10,9),
(11,10),
(12,19),
(13,20),
(15,21),
(16,8),
(17,10),
(18,21),
(19,21),
(20,22),
(21,7),
(22,10),
(23,22),
(24,22),
(25,23),
(26,8),
(27,9),
(28,10),
(29,3),
(29,4),
(29,5),
(30,24),
(32,25),
(33,7),
(34,10),
(35,25),
(36,25),
(37,26),
(38,9),
(39,10),
(40,3),
(40,4),
(40,5),
(41,3),
(41,4),
(41,5),
(42,27),
(44,28),
(45,7),
(46,8),
(47,29),
(48,7),
(49,9),
(50,10),
(51,3),
(51,4),
(51,5),
(52,3),
(52,4),
(52,5),
(53,3),
(53,4),
(53,5),
(54,29),
(55,30),
(56,31),
(57,8),
(58,9),
(59,31),
(60,31),
(61,32),
(62,33),
(63,7),
(64,8),
(65,33),
(66,33),
(67,34),
(68,34),
(69,35),
(70,8),
(71,9),
(72,35);
/*!40000 ALTER TABLE `email_log_users` ENABLE KEYS */;
UNLOCK TABLES;
commit;

--
-- Table structure for table `email_templates`
--

DROP TABLE IF EXISTS `email_templates`;
/*!40101 SET @saved_cs_client     = @@character_set_client */;
/*!40101 SET character_set_client = utf8mb4 */;
CREATE TABLE `email_templates` (
  `email_id` bigint NOT NULL AUTO_INCREMENT,
  `email_key` varchar(64) NOT NULL COMMENT 'Unique identifier for this email.',
  `context_id` bigint NOT NULL,
  `enabled` smallint NOT NULL DEFAULT '1',
  PRIMARY KEY (`email_id`),
  UNIQUE KEY `email_templates_email_key` (`email_key`,`context_id`)
) ENGINE=InnoDB DEFAULT CHARSET=utf8mb3;
/*!40101 SET character_set_client = @saved_cs_client */;

--
-- Dumping data for table `email_templates`
--

LOCK TABLES `email_templates` WRITE;
/*!40000 ALTER TABLE `email_templates` DISABLE KEYS */;
set autocommit=0;
/*!40000 ALTER TABLE `email_templates` ENABLE KEYS */;
UNLOCK TABLES;
commit;

--
-- Table structure for table `email_templates_default`
--

DROP TABLE IF EXISTS `email_templates_default`;
/*!40101 SET @saved_cs_client     = @@character_set_client */;
/*!40101 SET character_set_client = utf8mb4 */;
CREATE TABLE `email_templates_default` (
  `email_id` bigint NOT NULL AUTO_INCREMENT,
  `email_key` varchar(64) NOT NULL COMMENT 'Unique identifier for this email.',
  `can_disable` smallint NOT NULL DEFAULT '0',
  `can_edit` smallint NOT NULL DEFAULT '0',
  `from_role_id` bigint DEFAULT NULL,
  `to_role_id` bigint DEFAULT NULL,
  `stage_id` bigint DEFAULT NULL,
  PRIMARY KEY (`email_id`),
  KEY `email_templates_default_email_key` (`email_key`)
) ENGINE=InnoDB AUTO_INCREMENT=59 DEFAULT CHARSET=utf8mb3;
/*!40101 SET character_set_client = @saved_cs_client */;

--
-- Dumping data for table `email_templates_default`
--

LOCK TABLES `email_templates_default` WRITE;
/*!40000 ALTER TABLE `email_templates_default` DISABLE KEYS */;
set autocommit=0;
INSERT INTO `email_templates_default` VALUES
(1,'NOTIFICATION',0,1,NULL,NULL,NULL),
(2,'NOTIFICATION_CENTER_DEFAULT',0,1,NULL,NULL,NULL),
(3,'PASSWORD_RESET_CONFIRM',0,1,NULL,NULL,NULL),
(4,'USER_REGISTER',0,1,NULL,NULL,NULL),
(5,'USER_VALIDATE',0,1,NULL,NULL,NULL),
(6,'REVIEWER_REGISTER',0,1,NULL,NULL,NULL),
(7,'PUBLISH_NOTIFY',0,1,NULL,NULL,NULL),
(8,'LOCKSS_EXISTING_ARCHIVE',0,1,NULL,NULL,NULL),
(9,'LOCKSS_NEW_ARCHIVE',0,1,NULL,NULL,NULL),
(10,'SUBMISSION_ACK',1,1,NULL,65536,1),
(11,'SUBMISSION_ACK_NOT_USER',1,1,NULL,65536,1),
(12,'EDITOR_ASSIGN',1,1,16,16,1),
(13,'REVIEW_CANCEL',1,1,16,4096,3),
(14,'REVIEW_REINSTATE',1,1,16,4096,3),
(15,'REVIEW_REQUEST',1,1,16,4096,3),
(16,'REVIEW_REQUEST_SUBSEQUENT',1,1,16,4096,3),
(17,'REVIEW_REQUEST_ONECLICK',1,1,16,4096,3),
(18,'REVIEW_REQUEST_ONECLICK_SUBSEQUENT',1,1,16,4096,3),
(19,'REVIEW_REQUEST_ATTACHED',0,1,16,4096,3),
(20,'REVIEW_REQUEST_ATTACHED_SUBSEQUENT',0,1,16,4096,3),
(21,'REVIEW_REQUEST_REMIND_AUTO',0,1,NULL,4096,3),
(22,'REVIEW_REQUEST_REMIND_AUTO_ONECLICK',0,1,NULL,4096,3),
(23,'REVIEW_CONFIRM',1,1,4096,16,3),
(24,'REVIEW_DECLINE',1,1,4096,16,3),
(25,'REVIEW_ACK',1,1,16,4096,3),
(26,'REVIEW_REMIND',0,1,16,4096,3),
(27,'REVIEW_REMIND_AUTO',0,1,NULL,4096,3),
(28,'REVIEW_REMIND_ONECLICK',0,1,16,4096,3),
(29,'REVIEW_REMIND_AUTO_ONECLICK',0,1,NULL,4096,3),
(30,'EDITOR_DECISION_ACCEPT',0,1,16,65536,3),
(31,'EDITOR_DECISION_SEND_TO_EXTERNAL',0,1,16,65536,3),
(32,'EDITOR_DECISION_SEND_TO_PRODUCTION',0,1,16,65536,5),
(33,'EDITOR_DECISION_REVISIONS',0,1,16,65536,3),
(34,'EDITOR_DECISION_RESUBMIT',0,1,16,65536,3),
(35,'EDITOR_DECISION_DECLINE',0,1,16,65536,3),
(36,'EDITOR_DECISION_INITIAL_DECLINE',0,1,16,65536,1),
(37,'EDITOR_RECOMMENDATION',0,1,16,16,3),
(38,'COPYEDIT_REQUEST',1,1,16,4097,4),
(39,'LAYOUT_REQUEST',1,1,16,4097,5),
(40,'LAYOUT_COMPLETE',1,1,4097,16,5),
(41,'EMAIL_LINK',0,1,1048576,NULL,NULL),
(42,'SUBSCRIPTION_NOTIFY',0,1,NULL,1048576,NULL),
(43,'OPEN_ACCESS_NOTIFY',0,1,NULL,1048576,NULL),
(44,'SUBSCRIPTION_BEFORE_EXPIRY',0,1,NULL,1048576,NULL),
(45,'SUBSCRIPTION_AFTER_EXPIRY',0,1,NULL,1048576,NULL),
(46,'SUBSCRIPTION_AFTER_EXPIRY_LAST',0,1,NULL,1048576,NULL),
(47,'SUBSCRIPTION_PURCHASE_INDL',0,1,NULL,2097152,NULL),
(48,'SUBSCRIPTION_PURCHASE_INSTL',0,1,NULL,2097152,NULL),
(49,'SUBSCRIPTION_RENEW_INDL',0,1,NULL,2097152,NULL),
(50,'SUBSCRIPTION_RENEW_INSTL',0,1,NULL,2097152,NULL),
(51,'CITATION_EDITOR_AUTHOR_QUERY',0,1,NULL,NULL,4),
(52,'REVISED_VERSION_NOTIFY',0,1,NULL,16,3),
(53,'STATISTICS_REPORT_NOTIFICATION',1,1,16,17,NULL),
(54,'ANNOUNCEMENT',0,1,16,1048576,NULL),
(55,'ORCID_COLLECT_AUTHOR_ID',0,1,NULL,NULL,NULL),
(56,'ORCID_REQUEST_AUTHOR_AUTHORIZATION',0,1,NULL,NULL,NULL),
(57,'PAYPAL_INVESTIGATE_PAYMENT',0,1,NULL,NULL,NULL),
(58,'MANUAL_PAYMENT_NOTIFICATION',0,1,NULL,NULL,NULL);
/*!40000 ALTER TABLE `email_templates_default` ENABLE KEYS */;
UNLOCK TABLES;
commit;

--
-- Table structure for table `email_templates_default_data`
--

DROP TABLE IF EXISTS `email_templates_default_data`;
/*!40101 SET @saved_cs_client     = @@character_set_client */;
/*!40101 SET character_set_client = utf8mb4 */;
CREATE TABLE `email_templates_default_data` (
  `email_key` varchar(64) NOT NULL COMMENT 'Unique identifier for this email.',
  `locale` varchar(14) NOT NULL DEFAULT 'en_US',
  `subject` varchar(120) NOT NULL,
  `body` text,
  `description` text,
  UNIQUE KEY `email_templates_default_data_pkey` (`email_key`,`locale`)
) ENGINE=InnoDB DEFAULT CHARSET=utf8mb3;
/*!40101 SET character_set_client = @saved_cs_client */;

--
-- Dumping data for table `email_templates_default_data`
--

LOCK TABLES `email_templates_default_data` WRITE;
/*!40000 ALTER TABLE `email_templates_default_data` DISABLE KEYS */;
set autocommit=0;
INSERT INTO `email_templates_default_data` VALUES
('ANNOUNCEMENT','en_US','{$title}','<b>{$title}</b><br />\n<br />\n{$summary}<br />\n<br />\nVisit our website to read the <a href=\"{$url}\">full announcement</a>.','This email is sent when a new announcement is created.'),
('ANNOUNCEMENT','fr_CA','{$title}','<b>{$title}</b><br />\n<br />\n{$summary}<br />\n<br />\nVisiter notre site Web pour consulter <a href=\"{$url}\">l\'annonce complète</a>.','Ce courriel est envoyé lorsqu\'une nouvelle annonce est créée.'),
('CITATION_EDITOR_AUTHOR_QUERY','en_US','Citation Editing','{$authorFirstName},<br />\n<br />\nCould you please verify or provide us with the proper citation for the following reference from your article, {$submissionTitle}:<br />\n<br />\n{$rawCitation}<br />\n<br />\nThanks!<br />\n<br />\n{$userFirstName}<br />\nCopy-Editor, {$contextName}<br />\n','This email allows copyeditors to request additional information about references from authors.'),
('CITATION_EDITOR_AUTHOR_QUERY','fr_CA','Modification des références bibliographiques','{$authorFirstName},<br />\n<br />\nPourriez-vous vérifier ou nous fournir la référence bibliographique complète pour la référence suivante, provenant de votre article « {$submissionTitle} »  :<br />\n<br />\n{$rawCitation}<br />\n<br />\nMerci!<br />\n<br />\n{$userFirstName}<br />\nRéviseur-e, revue {$contextName}<br />\n','Ce courriel permet aux réviseurs-es de demander des renseignements additionnels à propos des références bibliographiques citées par les auteurs-es.'),
('COPYEDIT_REQUEST','en_US','Copyediting Request','{$participantName}:<br />\n<br />\nI would ask that you undertake the copyediting of &quot;{$submissionTitle}&quot; for {$contextName} by following these steps.<br />\n1. Click on the Submission URL below.<br />\n2. Open any files available under Draft Files and do your copyediting, while adding any Copyediting Discussions as needed.<br />\n3. Save copyedited file(s), and upload to Copyedited panel.<br />\n4. Notify the Editor that all files have been prepared, and that the Production process may begin.<br />\n<br />\n{$contextName} URL: {$contextUrl}<br />\nSubmission URL: {$submissionUrl}<br />\nUsername: {$participantUsername}','This email is sent by a Section Editor to a submission\'s Copyeditor to request that they begin the copyediting process. It provides information about the submission and how to access it.'),
('COPYEDIT_REQUEST','fr_CA','Demande de révision d\'une soumission','{$participantName},<br />\n<br />\nJ\'aimerais que vous effectuiez la révision du manuscrit intitulé « {$submissionTitle} » pour la revue {$contextName} à l\'aide des étapes suivantes.<br />\n1. Cliquer sur l\'URL de la soumission ci-dessous.<br />\n2. Ouvrir le(s) fichier(s) disponible(s) sous Fichiers des ébauches finales et effectuer votre révision, tout en ajoutant des discussions sur la révision, le cas échéant.<br />\n3. Enregistrer le(s) fichier(s) révisé(s) et le(s) téléverser dans la section Version(s) révisée(s).<br />\n4. Informer le,la rédacteur-trice que tous les fichiers ont été révisés et que l\'étape de production peut débuter.<br />\n<br />\nURL de la revue {$contextName} : {$contextUrl}<br />\nURL de la soumission : {$submissionUrl}<br />\nNom d\'utilisateur-trice : {$participantUsername}','Ce courriel du, de la rédacteur-trice de rubrique à un-e réviseur-e lui demande de procéder à la révision. Il fournit les renseignements sur la soumission et comment accéder à celle-ci.'),
('EDITOR_ASSIGN','en_US','Editorial Assignment','{$editorialContactName}:<br />\n<br />\nThe submission, &quot;{$submissionTitle},&quot; to {$contextName} has been assigned to you to see through the editorial process in your role as Section Editor.<br />\n<br />\nSubmission URL: {$submissionUrl}<br />\nUsername: {$editorUsername}<br />\n<br />\nThank you.','This email notifies a Section Editor that the Editor has assigned them the task of overseeing a submission through the editing process. It provides information about the submission and how to access the journal site.'),
('EDITOR_ASSIGN','fr_CA','Assignation d\'un-e rédacteur-trice','{$editorialContactName},<br />\n<br />\nLa soumission intitulée « {$submissionTitle} » pour la revue {$contextName} vous a été attribuée. Vous êtes responsable, en tant que rédacteur-trice de rubrique, de la faire cheminer à travers le processus éditorial.<br />\n<br />\nURL de la soumission : {$submissionUrl}<br />\nNom d\'utilisateur-trice : {$editorUsername}<br />\n<br />\nMerci.','Ce courriel avise un,une rédacteur-trice de rubrique que le,la rédacteur-trice lui a assigné la tâche de suivre une soumission durant le processus éditorial. Il fournit des renseignements sur la soumission, et comment accéder au site Web de la revue.'),
('EDITOR_DECISION_ACCEPT','en_US','Editor Decision','{$authorName}:<br />\n<br />\nWe have reached a decision regarding your submission to {$contextName}, &quot;{$submissionTitle}&quot;.<br />\n<br />\nOur decision is to: Accept Submission','This email from the Editor or Section Editor to an Author notifies them of a final \"accept submission\" decision regarding their submission.'),
('EDITOR_DECISION_ACCEPT','fr_CA','Décision du rédacteur','{$authorName},<br />\n<br />\nNous avons pris une décision concernant votre soumission « {$submissionTitle} » à la revue {$contextName}.<br />\n<br />\nNotre décision est d\'accepter votre soumission.','Ce courriel du,de la rédacteur-trice ou du,de la rédacteur-trice de rubrique à un-e auteur-e le,la notifie de la décision finale concernant sa soumission, soit d\'accepter sa soumission.'),
('EDITOR_DECISION_DECLINE','en_US','Editor Decision','{$authorName}:<br />\n<br />\nWe have reached a decision regarding your submission to {$contextName}, &quot;{$submissionTitle}&quot;.<br />\n<br />\nOur decision is to: Decline Submission','This email from the Editor or Section Editor to an Author notifies them of a final \"decline\" decision regarding their submission.'),
('EDITOR_DECISION_DECLINE','fr_CA','Décision du rédacteur','{$authorName}:<br />\n<br />\nNous avons pris une décision concernant votre soumission « {$submissionTitle} » à la revue {$contextName}.<br />\n<br />\nNotre décision est de refuser votre soumission.','Ce courriel du,de la rédacteur-trice ou du,de la rédacteur-trice de rubrique à un-e auteur-e le,la notifie de la décision concernant sa soumission, soit de refuser la soumission.'),
('EDITOR_DECISION_INITIAL_DECLINE','en_US','Editor Decision','\n			{$authorName}:<br />\n<br />\nWe have reached a decision regarding your submission to {$contextName}, &quot;{$submissionTitle}&quot;.<br />\n<br />\nOur decision is to: Decline Submission','This email is sent to the author if the editor declines their submission initially, before the review stage'),
('EDITOR_DECISION_INITIAL_DECLINE','fr_CA','Décision du rédacteur','\n			{$authorName},<br />\n<br />\nNous avons pris une décision concernant votre soumission « {$submissionTitle} » à  la revue {$contextName}.<br />\n<br />\nNotre décision est de refuser votre soumission.','Cet courriel est envoyé à l\'auteur-e si la soumission est refusée avant même l\'étape d\'évaluation'),
('EDITOR_DECISION_RESUBMIT','en_US','Editor Decision','{$authorName}:<br />\n<br />\nWe have reached a decision regarding your submission to {$contextName}, &quot;{$submissionTitle}&quot;.<br />\n<br />\nOur decision is to: Resubmit for Review','This email from the Editor or Section Editor to an Author notifies them of a final \"resubmit\" decision regarding their submission.'),
('EDITOR_DECISION_RESUBMIT','fr_CA','Décision du rédacteur','{$authorName},<br />\n<br />\nNous avons pris une décision concernant votre soumission « {$submissionTitle} » à la revue {$contextName}.<br />\n<br />\nNotre décision est de vous demander d\'apporter des révisions à votre soumission et de la soumettre à nouveau.','Ce courriel du,de la rédacteur-trice ou du,de la rédacteur-trice de rubrique un-e auteur-e le,la notifie de la décision finale concernant sa soumission, soit de demander d\'y apporter des révisions et la soumettre à nouveau.'),
('EDITOR_DECISION_REVISIONS','en_US','Editor Decision','{$authorName}:<br />\n<br />\nWe have reached a decision regarding your submission to {$contextName}, &quot;{$submissionTitle}&quot;.<br />\n<br />\nOur decision is: Revisions Required','This email from the Editor or Section Editor to an Author notifies them of a final \"revisions required\" decision regarding their submission.'),
('EDITOR_DECISION_REVISIONS','fr_CA','Décision du rédacteur','{$authorName},<br />\n<br />\nNous avons pris une décision concernant votre soumission « {$submissionTitle} » à la revue {$contextName}.<br />\n<br />\nNotre décision est de vous demander d\'apporter des révisions à votre soumission.','Ce courriel du,de la rédacteur-trice ou du,de la rédacteur-trice de rubrique à un-e auteur-e le,la notifie de la décision finale concernant sa soumission, soit de demander d\'y apporter des révisions.'),
('EDITOR_DECISION_SEND_TO_EXTERNAL','en_US','Editor Decision','{$authorName}:<br />\n<br />\nWe have reached a decision regarding your submission to {$contextName}, &quot;{$submissionTitle}&quot;.<br />\n<br />\nOur decision is to: Send to Review<br />\n<br />\nSubmission URL: {$submissionUrl}','This email from the Editor or Section Editor to an Author notifies them that their submission is being sent to an external review.'),
('EDITOR_DECISION_SEND_TO_EXTERNAL','fr_CA','Décision du rédacteur','{$authorName},<br />\n<br />\nNous avons pris une décision concernant votre soumission « {$submissionTitle} » à la revue {$contextName}.<br />\n<br />\nNotre décision est d\'envoyer votre soumission en évaluation.<br />\n<br />\nURL de la soumission : {$submissionUrl}','Ce courriel du,de la rédacteur-trice ou du,de la rédacteur-trice de rubrique à un-e auteur-e le,la notifie de la décision concernant sa soumission, soit d\'envoyer sa soumission en évaluation externe.'),
('EDITOR_DECISION_SEND_TO_PRODUCTION','en_US','Editor Decision','{$authorName}:<br />\n<br />\nThe editing of your submission, &quot;{$submissionTitle},&quot; is complete.  We are now sending it to production.<br />\n<br />\nSubmission URL: {$submissionUrl}','This email from the Editor or Section Editor to an Author notifies them that their submission is being sent to production.'),
('EDITOR_DECISION_SEND_TO_PRODUCTION','fr_CA','Décision du rédacteur','{$authorName},<br />\n<br />\nL\'édition de votre soumission « {$submissionTitle} » est complétée. Nous l\'envoyons maintenant en production.<br />\n<br />\nURL de la soumission : {$submissionUrl}','Ce courriel du,de la rédacteur-trice ou du,de la rédacteur-trice de rubrique à un-e auteur-e le,la notifie de la décision concernant sa soumission, soit d\'envoyer sa soumission en production.'),
('EDITOR_RECOMMENDATION','en_US','Editor Recommendation','{$editors}:<br />\n<br />\nThe recommendation regarding the submission to {$contextName}, &quot;{$submissionTitle}&quot; is: {$recommendation}','This email from the recommending Editor or Section Editor to the decision making Editors or Section Editors notifies them of a final recommendation regarding the submission.'),
('EDITOR_RECOMMENDATION','fr_CA','Recommandation du rédacteur','{$editors},<br />\n<br />\nLa recommandation concernant la soumission « {$submissionTitle} » à la revue {$contextName} est de : {$recommendation}','Ce courriel envoyé par le,la rédacteur-trice ou le,la rédacteur-trice de rubrique en charge de la recommandation au,à la rédacteur-trice ou au,à la rédacteur-trice de rubrique en charge de la prise de décisions l\'informe d\'une recommandation finale concernant la soumission.'),
('EMAIL_LINK','en_US','Article of Possible Interest','Thought you might be interested in seeing &quot;{$submissionTitle}&quot; by {$authorName} published in Vol {$volume}, No {$number} ({$year}) of {$contextName} at &quot;{$articleUrl}&quot;.','This email template provides a registered reader with the opportunity to send information about an article to somebody who may be interested. It is available via the Reading Tools and must be enabled by the Journal Manager in the Reading Tools Administration page.'),
('EMAIL_LINK','fr_CA','Article potentiellement intéressant','Je pense que l\'article suivant pourrait vous intéresser : « {$submissionTitle} » par {$authorName}, publié dans le volume {$volume}, numéro {$number} de ({$year}) de la revue {$contextName}, à l\'adresse suivante : {$articleUrl}.','Ce modèle de courriel fournit à un,une lecteur-trice inscrit-e l\'occasion d\'envoyer de l\'information à quelqu\'un qui peut être intéressé par un article en particulier. Il est disponible via Outils de lecture et doit être activé par le,la directeur-trice de la revue à la page Gestion des outils de lecture.'),
('LAYOUT_COMPLETE','en_US','Galleys Complete','{$editorialContactName}:<br />\n<br />\nGalleys have now been prepared for the manuscript, &quot;{$submissionTitle},&quot; for {$contextName} and are ready for proofreading.<br />\n<br />\nIf you have any questions, please contact me.<br />\n<br />\n{$participantName}','This email from the Layout Editor to the Section Editor notifies them that the layout process has been completed.'),
('LAYOUT_COMPLETE','fr_CA','Mise en page des épreuves terminée','{$editorialContactName},<br />\n<br />\nLes épreuves du manuscrit intitulé « {$submissionTitle} » pour la revue {$contextName} sont maintenant prêtes pour la relecture.<br />\n<br />\nSi vous avez des questions, n\'hésitez pas à communiquer avec moi.<br />\n<br />\n{$participantName}','Ce courriel du,de la responsable de la mise en page au,à la rédacteur-trice de rubrique l\'avise que l\'étape de mise en page est complétée.'),
('LAYOUT_REQUEST','en_US','Request Galleys','{$participantName}:<br />\n<br />\nThe submission &quot;{$submissionTitle}&quot; to {$contextName} now needs galleys laid out by following these steps.<br />\n1. Click on the Submission URL below.<br />\n2. Log into the journal and use the Production Ready files to create the galleys according to the journal\'s standards.<br />\n3. Upload the galleys to the Galley Files section.<br />\n4. Notify the Editor using Production Discussions that the galleys are uploaded and ready.<br />\n<br />\n{$contextName} URL: {$contextUrl}<br />\nSubmission URL: {$submissionUrl}<br />\nUsername: {$participantUsername}<br />\n<br />\nIf you are unable to undertake this work at this time or have any questions, please contact me. Thank you for your contribution to this journal.','This email from the Section Editor to the Layout Editor notifies them that they have been assigned the task of performing layout editing on a submission. It provides information about the submission and how to access it.'),
('LAYOUT_REQUEST','fr_CA','Demande de mise en page des épreuves','{$participantName},<br />\n<br />\nJ\'aimerais que vous prépariez les épreuves du manuscrit intitulé « {$submissionTitle} » pour la revue {$contextName} à l\'aide des étapes suivantes.<br />\n1. Cliquer sur l\'URL de la soumission ci-dessous.<br />\n2. Se connecter au site Web de la revue et utiliser les fichiers disponibles sous Fichiers prêts pour la production pour créer les épreuves en fonction des normes de la revue.<br />\n3. Téléverser les épreuves dans la section Épreuves.<br />\n4. Informer le,la rédacteur-trice, via une discussion sur la production, que les épreuves ont été téléversées et qu\'elles sont prêtes.<br />\n<br />\nURL de la revue {$contextName} : {$contextUrl}<br />\nURL du manuscrit : {$submissionUrl}<br />\nNom d\'utilisateur-trice : {$participantUsername}<br />\n<br />\nSi vous ne pouvez pas effectuer ce travail pour le moment ou si vous avez des questions, veuillez communiquer avec moi. Je vous remercie de votre collaboration.','Ce courriel du,de la rédacteur-trice de rubrique au, à la responsable de la mise en page l\'avise qu\'il ou elle a été assigné-e à la réalisation de la mise en page de la soumission. Il fournit les renseignements sur la soumission et comment accéder à celle-ci.'),
('LOCKSS_EXISTING_ARCHIVE','en_US','Archiving Request for {$contextName}','Dear [University Librarian]<br />\n<br />\n{$contextName} &amp;lt;{$contextUrl}&amp;gt;, is a journal for which a member of your faculty, [name of member], serves as a [title of position]. The journal is seeking to establish a LOCKSS (Lots of Copies Keep Stuff Safe) compliant archive with this and other university libraries.<br />\n<br />\n[Brief description of journal]<br />\n<br />\nThe URL to the LOCKSS Publisher Manifest for our journal is: {$contextUrl}/gateway/lockss<br />\n<br />\nWe understand that you are already participating in LOCKSS. If we can provide any additional metadata for purposes of registering our journal with your version of LOCKSS, we would be happy to provide it.<br />\n<br />\nThank you,<br />\n{$principalContactSignature}','This email requests the keeper of a LOCKSS archive to consider including this journal in their archive. It provides the URL to the journal\'s LOCKSS Publisher Manifest.'),
('LOCKSS_EXISTING_ARCHIVE','fr_CA','Demande d\'archivage pour la revue {$contextName}','Cher,Chère [Bibliothécaire universitaire],<br />\n<br />\n{$contextName} &lt;{$contextUrl}&gt; est une revue pour laquelle un membre de votre faculté, [nom du membre], agit à titre de [titre de la position occupée]. La revue désire mettre en place un système d\'archivage conforme LOCKSS (Lots of Copies Keep Stuff Safe - Plusieurs exemplaires assurent la sécurité) avec votre bibliothèque ainsi que celles d\'autres universités.<br />\n<br />\n[Brève description de la revue]<br />\n<br />\nL\'adresse URL pour le LOCKSS Publisher Manifest pour notre revue est : {$contextUrl}/gateway/lockss<br />\n<br />\nNous croyons savoir que vous participez déjà à LOCKSS. Si nous pouvons vous fournir des métadonnées supplémentaires afin d\'inscrire notre revue avec votre version de LOCKSS, il nous fera plaisir de vous les fournir.<br />\n<br />\nMerci,<br />\n{$principalContactSignature}','Ce courriel demande à un-e conservateur,trice d\'archives LOCKSS d\'envisager d\'inclure cette revue dans leur archive. Il fournit l\'adresse URL du LOCKSS Publisher Manifest de la revue.'),
('LOCKSS_NEW_ARCHIVE','en_US','Archiving Request for {$contextName}','Dear [University Librarian]<br />\n<br />\n{$contextName} &amp;lt;{$contextUrl}&amp;gt;, is a journal for which a member of your faculty, [name of member] serves as a [title of position]. The journal is seeking to establish a LOCKSS (Lots of Copies Keep Stuff Safe) compliant archive with this and other university libraries.<br />\n<br />\n[Brief description of journal]<br />\n<br />\nThe LOCKSS Program &amp;lt;http://lockss.org/&amp;gt;, an international library/publisher initiative, is a working example of a distributed preservation and archiving repository, additional details are below. The software, which runs on an ordinary personal computer is free; the system is easily brought on-line; very little ongoing maintenance is required.<br />\n<br />\nTo assist in the archiving of our journal, we invite you to become a member of the LOCKSS community, to help collect and preserve titles produced by your faculty and by other scholars worldwide. To do so, please have someone on your staff visit the LOCKSS site for information on how this system operates. I look forward to hearing from you on the feasibility of providing this archiving support for this journal.<br />\n<br />\nThank you,<br />\n{$principalContactSignature}','This email encourages the recipient to participate in the LOCKSS initiative and include this journal in the archive. It provides information about the LOCKSS initiative and ways to become involved.'),
('LOCKSS_NEW_ARCHIVE','fr_CA','Demande d\'archivage pour la revue {$contextName}','Cher,Chère [Bibliothécaire universitaire],<br />\n<br />\n{$contextName} &lt;{$contextUrl}&gt;, est une revue pour laquelle un membre de votre faculté, [nom du membre], agit à titre de [titre de la fonction occupée]. La revue désire mettre en place un système d\'archivage conforme LOCKSS (Lots of Copies Keep Stuff Safe) avec votre bibliothèque et celles d\'autres universités.<br />\n<br />\n[Brève description de la revue]<br />\n<br />\nLe programme LOCKSS &lt;http://lockss.org/&gt;, une initiative de bibliothécaires et d\'éditeurs internationaux, est une belle démonstration d\'un dépôt d\'archives assurant la préservation des documents. Voir les détails ci-dessous. Le logiciel est gratuit et fonctionne sur tout ordinateur personnel. Il est facile de le mettre en ligne et ne requiert que très peu de maintenance.<br />\n<br />\nPour nous aider dans le processus d\'archivage de notre revue, nous vous invitons à devenir membre de la communauté LOCKSS, pour aider à recueillir et préserver des titres produits par votre faculté et par d\'autres chercheurs à travers le monde. Pour ce faire, veuillez demander à quelqu\'un de votre personnel de visiter le site Internet de LOCKSS pour voir les informations sur le fonctionnement du système. Nous attendons de vos nouvelles sur la faisabilité, pour vous, de fournir un support d\'archivage pour cette revue.<br />\n<br />\nMerci,<br />\n{$principalContactSignature}','Ce courriel encourage le ou la destinaire à participer à l\'initiative LOCKSS et à inclure cette revue dans leur archives. Il fournit de l\'information au sujet de LOCKSS et des façons de s\'impliquer dans le projet.'),
('MANUAL_PAYMENT_NOTIFICATION','en_US','Manual Payment Notification','A manual payment needs to be processed for the journal {$contextName} and the user {$userFullName} (username &quot;{$userName}&quot;).<br />\n<br />\nThe item being paid for is &quot;{$itemName}&quot;.<br />\nThe cost is {$itemCost} ({$itemCurrencyCode}).<br />\n<br />\nThis email was generated by Open Journal Systems\' Manual Payment plugin.','This email template is used to notify a journal manager contact that a manual payment was requested.'),
('MANUAL_PAYMENT_NOTIFICATION','fr_CA','Avis de paiement manuel','Un paiement manuel doit être traité pour la revue {$contextName} et l\'utilisateur {$userFullName} (nom d\'utilisateur &quot;{$userName}&quot;).<br />\n<br />\nL\'élément facturé est &quot;{$itemName}&quot;.<br />\nLe coût est de {$itemCost} ({$itemCurrencyCode}).<br />\n<br />\nCe courriel a été généré par le plugiciel de paiement manuel du Open Journal Systems.','Ce modèle de courriel est utilisé pour aviser un directeur de revue que le paiement manuel a été demandé.'),
('NOTIFICATION','en_US','New notification from {$siteTitle}','You have a new notification from {$siteTitle}:<br />\n<br />\n{$notificationContents}<br />\n<br />\nLink: {$url}<br />\n<br />\n{$principalContactSignature}','The email is sent to registered users that have selected to have this type of notification emailed to them.'),
('NOTIFICATION','fr_CA','Nouvel avis de {$siteTitle}','Vous avez un nouvel avis de {$siteTitle} :<br />\n<br />\n{$notificationContents}<br />\n<br />\nLien : {$url}<br />\n<br />\n{$principalContactSignature}','Ce courriel est envoyé aux utilisateurs-trices inscrits-es qui ont choisi de recevoir par courriel ce type d\'avis.'),
('NOTIFICATION_CENTER_DEFAULT','en_US','A message regarding {$contextName}','Please enter your message.','The default (blank) message used in the Notification Center Message Listbuilder.'),
('NOTIFICATION_CENTER_DEFAULT','fr_CA','Un message à propos de la revue {$contextName}','Prière de saisir votre message.','Message blanc par défaut utilisé pour concevoir d\'autres messages.'),
('OPEN_ACCESS_NOTIFY','en_US','Issue Now Open Access','Readers:<br />\n<br />\n{$contextName} has just made available in an open access format the following issue. We invite you to review the Table of Contents here and then visit our web site ({$contextUrl}) to review articles and items of interest.<br />\n<br />\nThanks for the continuing interest in our work,<br />\n{$editorialContactSignature}','This email is sent to registered readers who have requested to receive a notification email when an issue becomes open access.'),
('OPEN_ACCESS_NOTIFY','fr_CA','Le numéro est maintenant en libre accès','Chers lecteurs et lectrices,<br />\n<br />\nLa revue {$contextName} vient de rendre disponible en libre accès le numéro suivant. Nous vous invitons à lire ici le sommaire puis visiter notre site Web ({$contextUrl}) pour lire les articles et autres textes qui pourraient vous intéresser.<br />\n<br />\nMerci de votre intérêt continu pour notre travail.<br />\n{$editorialContactSignature}','Ce courriel est envoyé aux lecteurs-trices inscrits-es qui ont demandé à recevoir un avis par courriel quand un numéro devient disponible en libre accès.'),
('ORCID_COLLECT_AUTHOR_ID','en_US','Submission ORCID','Dear {$authorName},<br/>\n<br/>\nYou have been listed as an author on a manuscript submission to {$contextName}.<br/>\nTo confirm your authorship, please add your ORCID id to this submission by visiting the link provided below.<br/>\n<br/>\n<a href=\"{$authorOrcidUrl}\"><img id=\"orcid-id-logo\" src=\"https://orcid.org/sites/default/files/images/orcid_16x16.png\" width=\'16\' height=\'16\' alt=\"ORCID iD icon\" style=\"display: block; margin: 0 .5em 0 0; padding: 0; float: left;\"/>Register or connect your ORCID iD</a><br/>\n<br/>\n<br>\n<a href=\"{$orcidAboutUrl}\">More information about ORCID at {$contextName}</a><br/>\n<br/>\nIf you have any questions, please contact me.<br/>\n<br/>\n{$principalContactSignature}<br/>\n','This email template is used to collect the ORCID id\'s from authors.'),
('ORCID_COLLECT_AUTHOR_ID','fr_CA','Soumission ORCID','{$authorName},<br/>\n<br/>\nVous avez été inscrit ou inscrite en tant qu\'auteur ou auteure pour un manuscrit soumis à {$contextName}.<br/>\nPour confirmer votre statut d\'auteur ou d\'auteure, veuillez ajouter votre identifiant ORCID à cette soumission en cliquant sur le lien ci-dessous.<br/>\n<br/>\n<a href=\"{$authorOrcidUrl}\"><img id=\"orcid-id-logo\" src=\"https://orcid.org/sites/default/files/images/orcid_16x16.png\" width=\'16\' height=\'16\' alt=\"icône identifiant ORCID\" style=\"display: block; margin: 0 .5em 0 0; padding: 0; float: left;\"/>Se connecter avec votre identifiant ORCID ou s\'inscrire</a><br/>\n<br/>\n<br/>\n<a href=\"{$orcidAboutUrl}\">Plus de renseignements sur votre identifiant ORCID dans {$contextName}</a><br/>\n<br/>\nSi vous avez des questions, veuillez communiquer avec nous.<br/>\n<br/>\n{$principalContactSignature}<br/>\n','Ce modèle de courriel est utilisé pour récupérer les identifiants ORCID des auteurs-es.'),
('ORCID_REQUEST_AUTHOR_AUTHORIZATION','en_US','Requesting ORCID record access','Dear {$authorName},<br>\n<br>\nYou have been listed as an author on the manuscript submission \"{$submissionTitle}\" to {$contextName}.\n<br>\n<br>\nPlease allow us to add your ORCID id to this submission and also to add the submission to your ORCID profile on publication.<br>\nVisit the link to the official ORCID website, login with your profile and authorize the access by following the instructions.<br>\n<a href=\"{$authorOrcidUrl}\"><img id=\"orcid-id-logo\" src=\"https://orcid.org/sites/default/files/images/orcid_16x16.png\" width=\'16\' height=\'16\' alt=\"ORCID iD icon\" style=\"display: block; margin: 0 .5em 0 0; padding: 0; float: left;\"/>Register or Connect your ORCID iD</a><br/>\n<br>\n<br>\n<a href=\"{$orcidAboutUrl}\">More about ORCID at {$contextName}</a><br/>\n<br>\nIf you have any questions, please contact me.<br>\n<br>\n{$principalContactSignature}<br>\n','This email template is used to request ORCID record access from authors.'),
('ORCID_REQUEST_AUTHOR_AUTHORIZATION','fr_CA','Demande d\'accès au dossier ORCID','{$authorName},<br/>\n<br/>\nVous avez été inscrit ou inscrite en tant qu\'auteur ou auteure pour le manuscrit « {$submissionTitle} » soumis à {$contextName}.\n<br/>\n<br/>\nVeuillez nous autoriser à ajouter votre identifiant ORCID à cette soumission et à ajouter également la soumission à votre dossier ORCID suite à sa publication.\n<br/>\nSuivre le lien vers le site officiel ORCID, vous connecter avec votre profil et autoriser l\'accès en suivant les instructions.<br/>\n<a href=\"{$authorOrcidUrl}\"><img id=\"orcid-id-logo\" src=\"https://orcid.org/sites/default/files/images/orcid_16x16.png\" width=\'16\' height=\'16\' alt=\"icône identifiant ORCID\" style=\"display: block; margin: 0 .5em 0 0; padding: 0; float: left;\"/>Se connecter avec votre identifiant ORCID ou s\'inscrire</a><br/>\n<br/>\n<br/>\n<a href=\"{$orcidAboutUrl}\">Plus de renseignements sur votre identifiant ORCID dans {$contextName}</a><br/>\n<br/>\nSi vous avez des questions, veuillez communiquer avec nous.<br/>\n<br/>\n{$principalContactSignature}<br/>\n','Ce modèle de courriel est utilisé pour demander aux auteurs-es l\'accès à leur dossier ORCID.'),
('PASSWORD_RESET_CONFIRM','en_US','Password Reset Confirmation','We have received a request to reset your password for the {$siteTitle} web site.<br />\n<br />\nIf you did not make this request, please ignore this email and your password will not be changed. If you wish to reset your password, click on the below URL.<br />\n<br />\nReset my password: {$url}<br />\n<br />\n{$principalContactSignature}','This email is sent to a registered user when they indicate that they have forgotten their password or are unable to login. It provides a URL they can follow to reset their password.'),
('PASSWORD_RESET_CONFIRM','fr_CA','Confirmation de la réinitialisation du mot de passe','Nous avons reçu une demande concernant la réinitialisation de votre mot de passe pour le site Web {$siteTitle}.<br />\n<br />\nSi vous n\'avez pas fait cette demande, veuillez ne pas tenir compte du présent message, votre mot de passe restera le même. Si vous souhaitez réinitialiser votre mot de passe, cliquer sur l\'URL ci-dessous.<br />\n<br />\nRéinitialisation de mon mot de passe : {$url}<br />\n<br />\n{$principalContactSignature}','Ce courriel est envoyé à l\'utilisateur-trice inscrit-e qui nous signale avoir oublié son mot de passe ou qui est incapable d\'ouvrir une session. Il fournit le lien URL à cliquer pour pouvoir réinitialiser son mot de passe.'),
('PAYPAL_INVESTIGATE_PAYMENT','en_US','Unusual PayPal Activity','Open Journal Systems has encountered unusual activity relating to PayPal payment support for the journal {$contextName}. This activity may need further investigation or manual intervention.<br />\n                       <br />\nThis email was generated by Open Journal Systems\' PayPal plugin.<br />\n<br />\nFull post information for the request:<br />\n{$postInfo}<br />\n<br />\nAdditional information (if supplied):<br />\n{$additionalInfo}<br />\n<br />\nServer vars:<br />\n{$serverVars}<br />\n','This email template is used to notify a journal\'s primary contact that suspicious activity or activity requiring manual intervention was encountered by the PayPal plugin.'),
('PAYPAL_INVESTIGATE_PAYMENT','fr_CA','Activité inhabituelle de PayPal','L\'Open Journal Systems a remarqué une activité inhabituelle concernant la prise en charge du paiement PayPal pour la revue {$contextName}. Cette activité pourrait nécessiter une attention particulière ou une intervention manuelle.<br />\n                       <br />\nCe courriel a été généré par le plugiciel PayPal du Open Journal Systems.<br />\n<br />\nInformation complète de la demande :<br />\n{$postInfo}<br />\n<br />\nInformation supplémentaire (si fournie) :<br />\n{$additionalInfo}<br />\n<br />\nVariables serveur :<br />\n{$serverVars}<br />\n','Ce modèle de courriel est utilisé pour aviser un contact principal d\'une revue qu\'une activité inhabituelle ou requérant une intervention manuelle a été remarquée par le plugiciel PayPal.'),
('PUBLISH_NOTIFY','en_US','New Issue Published','Readers:<br />\n<br />\n{$contextName} has just published its latest issue at {$contextUrl}. We invite you to review the Table of Contents here and then visit our web site to review articles and items of interest.<br />\n<br />\nThanks for the continuing interest in our work,<br />\n{$editorialContactSignature}','This email is sent to registered readers via the \"Notify Users\" link in the Editor\'s User Home. It notifies readers of a new issue and invites them to visit the journal at a supplied URL.'),
('PUBLISH_NOTIFY','fr_CA','Parution du dernier numéro','Lecteurs-trices,<br />\n<br />\nLe plus récent numéro de la revue {$contextName} vient d\'être publié à l\'adresse suivante : {$contextUrl}. Nous vous invitons à consulter le sommaire, puis à visiter notre site Web pour y lire les articles qui vous intéressent.<br />\n<br />\nNous vous remercions de l\'intérêt que vous portez à notre revue,<br />\n{$editorialContactSignature}','Ce courriel est envoyé à tous et toutes les lecteurs-trices inscrits-es, via le lien « Aviser les utilisateurs-trices » sur la page d\'accueil du,de la rédacteur-trice. Il avise les lecteurs-trices qu\'un nouveau numéro est publié et les invite à visiter la revue en cliquant sur l\'URL fourni.'),
('REVIEWER_REGISTER','en_US','Registration as Reviewer with {$contextName}','In light of your expertise, we have taken the liberty of registering your name in the reviewer database for {$contextName}. This does not entail any form of commitment on your part, but simply enables us to approach you with a submission to possibly review. On being invited to review, you will have an opportunity to see the title and abstract of the paper in question, and you\'ll always be in a position to accept or decline the invitation. You can also ask at any point to have your name removed from this reviewer list.<br />\n<br />\nWe are providing you with a username and password, which is used in all interactions with the journal through its website. You may wish, for example, to update your profile, including your reviewing interests.<br />\n<br />\nUsername: {$username}<br />\nPassword: {$password}<br />\n<br />\nThank you,<br />\n{$principalContactSignature}','This email is sent to a newly registered reviewer to welcome them to the system and provide them with a record of their username and password.'),
('REVIEWER_REGISTER','fr_CA','Inscription en tant qu\'évaluateur-trice pour la revue {$contextName}','Compte tenu de votre expertise, nous avons pris l\'initiative d\'inscrire votre nom dans la base de données des évaluateurs-trices de la revue {$contextName}. Cela ne vous engage d\'aucune façon, mais nous permet simplement de solliciter vos services pour l\'évaluation d\'une soumission. Si vous êtes invité-e à effectuer une évaluation, vous recevrez le titre et le résumé de l\'article en question, et serez toujours libre d\'accepter ou de refuser une telle invitation. À tout moment, il vous est également possible de demander à ce que votre nom soit retiré de la liste des évaluateurs-trices.<br />\n<br />\nNous vous acheminons un nom d\'utilisateur-trice et un mot de passe, car tous deux sont requis pour tout échange avec la revue via son site Web. Vous pouvez, par exemple, si vous le souhaitez, effectuer la mise à jour de votre profil, y compris vos domaines d\'intérêt en matière d\'évaluation.<br />\n<br />\nNom d\'utilisateur-trice : {$username}<br />\nMot de passe : {$password}<br />\n<br />\nMerci,<br />\n{$principalContactSignature}','Ce courriel est envoyé à un,une évaluateur-trice nouvellement inscrit-e, afin de lui souhaiter la bienvenue dans le système et l\'informer de son nom d\'utilisateur-trice et de son mot de passe.'),
('REVIEW_ACK','en_US','Article Review Acknowledgement','{$reviewerName}:<br />\n<br />\nThank you for completing the review of the submission, &quot;{$submissionTitle},&quot; for {$contextName}. We appreciate your contribution to the quality of the work that we publish.','This email is sent by a Section Editor to confirm receipt of a completed review and thank the reviewer for their contributions.'),
('REVIEW_ACK','fr_CA','Accusé de réception de l\'évaluation d\'une soumission','{$reviewerName},<br />\n<br />\nNous vous remercions d\'avoir évalué la soumission intitulée « {$submissionTitle} » pour la revue {$contextName}. Nous vous sommes reconnaissants de votre contribution à la qualité des travaux que nous publions.','Ce courriel est envoyé par le,la rédacteur-trice de rubrique, pour accuser réception d\'une évaluation terminée et remercier l\'évaluateur-trice de sa contribution.'),
('REVIEW_CANCEL','en_US','Request for Review Cancelled','{$reviewerName}:<br />\n<br />\nWe have decided at this point to cancel our request for you to review the submission, &quot;{$submissionTitle},&quot; for {$contextName}. We apologize for any inconvenience this may cause you and hope that we will be able to call on you to assist with this journal\'s review process in the future.<br />\n<br />\nIf you have any questions, please contact me.','This email is sent by the Section Editor to a Reviewer who has a submission review in progress to notify them that the review has been cancelled.'),
('REVIEW_CANCEL','fr_CA','Annulation de la demande d\'évaluation','{$reviewerName},<br />\n<br />\nNous avons décidé d\'annuler notre demande concernant l\'évaluation du manuscrit intitulé « {$submissionTitle} » pour la revue {$contextName}. Nous sommes désolés des inconvénients que cela pourrait vous causer et espérons que nous pourrons de nouveau faire appel à vous pour contribuer au processus de révision par les pairs de cette revue dans le futur.<br />\n<br />\nSi vous avez des questions, n\'hésitez pas à communiquer avec nous.','Ce courriel est envoyé par le,la rédacteur-trice de rubrique à un,une évaluateur-trice qui a une évaluation en cours, pour l\'aviser que celle-ci a été annulée.'),
('REVIEW_CONFIRM','en_US','Able to Review','Editors:<br />\n<br />\nI am able and willing to review the submission, &quot;{$submissionTitle},&quot; for {$contextName}. Thank you for thinking of me, and I plan to have the review completed by its due date, {$reviewDueDate}, if not before.<br />\n<br />\n{$reviewerName}','This email is sent by a Reviewer to the Section Editor in response to a review request to notify the Section Editor that the review request has been accepted and will be completed by the specified date.'),
('REVIEW_CONFIRM','fr_CA','Acceptation d\'évaluation','Rédacteurs-trices,<br />\n<br />\nJe suis en mesure d\'évaluer la soumission intitulée « {$submissionTitle} » pour la revue {$contextName}. Je vous remercie d\'avoir pensé à moi. Je devrais être en mesure de compléter l\'évaluation pour la date du {$reviewDueDate}, voire avant.<br />\n<br />\n{$reviewerName}','Ce courriel est envoyé par l\'évaluateur-trice au,à la rédacteur-trice de rubrique en réponse à une demande d\'évaluation, pour l\'aviser que la demande a été acceptée et que l\'évaluation sera complétée au plus tard à la date spécifiée.'),
('REVIEW_DECLINE','en_US','Unable to Review','Editors:<br />\n<br />\nI am afraid that at this time I am unable to review the submission, &quot;{$submissionTitle},&quot; for {$contextName}. Thank you for thinking of me, and another time feel free to call on me.<br />\n<br />\n{$reviewerName}','This email is sent by a Reviewer to the Section Editor in response to a review request to notify the Section Editor that the review request has been declined.'),
('REVIEW_DECLINE','fr_CA','Refus d\'évaluation','Rédacteurs-trices,<br />\n<br />\nPour le moment, il m\'est impossible d\'évaluer la soumission intitulée « {$submissionTitle} » pour la revue {$contextName}. Je vous remercie d\'avoir pensé à moi. N\'hésitez pas à communiquer avec moi pour un autre projet.<br />\n<br />\n{$reviewerName}','Ce courriel est envoyé par l\'évaluateur-trice au,à la rédacteur-trice de rubrique en réponse à la demande d\'évaluation, pour l\'aviser qu\'il ou elle ne peut effectuer l\'évaluation.'),
('REVIEW_REINSTATE','en_US','Request for Review Reinstated','{$reviewerName}:<br />\n<br />\nWe would like to reinstate our request for you to review the submission, &quot;{$submissionTitle},&quot; for {$contextName}. We hope that you will be able to assist with this journal\'s review process.<br />\n<br />\nIf you have any questions, please contact me.','This email is sent by the Section Editor to a Reviewer who has a submission review in progress to notify them that a cancelled review has been reinstated.'),
('REVIEW_REINSTATE','fr_CA','Réintégration de la demande d\'évaluation','{$reviewerName},<br />\n<br />\nNous souhaitons rétablir notre demande d\'évaluation de la soumission, « {$ submissionTitle} » pour  la revue {$ contextName}. Nous espérons que vous pourrez contribuer au processus d\'évaluation de cette revue.<br />\n<br />\nSi vous avez des questions, n\'hésitez pas à communiquer avec moi.','Ce courriel est envoyé par le,la rédacteur-trice de rubrique à un,une évaluateur-trice qui a une évaluation en cours, pour l\'aviser que la demande préalablement annulée a été rétablie.'),
('REVIEW_REMIND','en_US','Submission Review Reminder','{$reviewerName}:<br />\n<br />\nJust a gentle reminder of our request for your review of the submission, &quot;{$submissionTitle},&quot; for {$contextName}. We were hoping to have this review by {$reviewDueDate}, and would be pleased to receive it as soon as you are able to prepare it.<br />\n<br />\nIf you do not have your username and password for the journal\'s web site, you can use this link to reset your password (which will then be emailed to you along with your username). {$passwordResetUrl}<br />\n<br />\nSubmission URL: {$submissionReviewUrl}<br />\n<br />\nPlease confirm your ability to complete this vital contribution to the work of the journal. I look forward to hearing from you.<br />\n<br />\n{$editorialContactSignature}','This email is sent by a Section Editor to remind a reviewer that their review is due.'),
('REVIEW_REMIND','fr_CA','Rappel d\'évaluation d\'une soumission','{$reviewerName},<br />\n<br />\nCeci est un petit rappel concernant notre demande d\'évaluation de la soumission « {$submissionTitle} » pour la revue {$contextName}. Nous espérions recevoir votre évaluation avant le {$reviewDueDate}. Nous serions heureux de la recevoir dès que possible.<br />\n<br />\nSi vous n\'avez pas vos nom d\'utilisateur-trice et mot de passe pour le site de la revue, vous pouvez utiliser le lien suivant pour réinitialiser votre mot de passe (lequel vous sera envoyé par courriel avec votre nom d\'utilisateur-trice). {$passwordResetUrl}<br />\n<br />\nURL de la soumission : {$submissionReviewUrl}<br />\n<br />\nVeuillez confirmer que vous êtes en mesure d\'effectuer ce travail essentiel pour la publication de notre revue. Nous espérons avoir de vos nouvelles très bientôt.<br />\n<br />\n{$editorialContactSignature}','Ce courriel est envoyé par le,la rédacteur-trice de rubrique pour rappeler à un,une évaluateur-trice que son évaluation est due.'),
('REVIEW_REMIND_AUTO','en_US','Automated Submission Review Reminder','{$reviewerName}:<br />\n<br />\nJust a gentle reminder of our request for your review of the submission, &quot;{$submissionTitle},&quot; for {$contextName}. We were hoping to have this review by {$reviewDueDate}, and this email has been automatically generated and sent with the passing of that date. We would still be pleased to receive it as soon as you are able to prepare it.<br />\n<br />\nIf you do not have your username and password for the journal\'s web site, you can use this link to reset your password (which will then be emailed to you along with your username). {$passwordResetUrl}<br />\n<br />\nSubmission URL: {$submissionReviewUrl}<br />\n<br />\nPlease confirm your ability to complete this vital contribution to the work of the journal. I look forward to hearing from you.<br />\n<br />\n{$editorialContactSignature}','This email is automatically sent when a reviewer\'s due date elapses (see Review Options under Settings > Workflow > Review) and one-click reviewer access is disabled. Scheduled tasks must be enabled and configured (see the site configuration file).'),
('REVIEW_REMIND_AUTO','fr_CA','Rappel automatique d\'évaluation d\'une soumission','{$reviewerName},<br />\n<br />\nCeci est un petit rappel concernant notre demande d\'évaluation de la soumission « {$submissionTitle} » pour la revue {$contextName}. Puisque nous n\'avons pas reçu, comme nous l\'espérions, votre évaluation avant le {$reviewDueDate}, ce courriel a été généré et envoyé automatiquement après l\'échéance du délai. Nous serions toutefois heureux de recevoir votre évaluation dès que possible.<br />\n<br />\nSi vous n\'avez pas vos nom d\'utilisateur-trice et mot de passe pour le site de la revue, vous pouvez utiliser le lien suivant pour réinitialiser votre mot de passe (lequel vous sera envoyé par courriel avec votre nom d\'utilisateur-trice). {$passwordResetUrl}<br />\n<br />\nURL de la soumission : {$submissionReviewUrl}<br />\n<br />\nVeuillez confirmer que vous êtes en mesure d\'effectuer ce travail essentiel pour la publication de notre revue. Nous espérons avoir de vos nouvelles très bientôt.<br />\n<br />\n{$editorialContactSignature}','Ce courriel est envoyé automatiquement lorsque la date d\'échéance de remise d\'une évaluation est révolue (voir Options d\'évaluation sous Paramètres > Flux des travaux > Évaluation) et que l\'accès de l\'évaluateur-trice en un clic est désactivé. Les tâches planifiées doivent être activées et configurées (voir le fichier de configuration du site).'),
('REVIEW_REMIND_AUTO_ONECLICK','en_US','Automated Submission Review Reminder','{$reviewerName}:<br />\n<br />\nJust a gentle reminder of our request for your review of the submission, &quot;{$submissionTitle},&quot; for {$contextName}. We were hoping to have this review by {$reviewDueDate}, and this email has been automatically generated and sent with the passing of that date. We would still be pleased to receive it as soon as you are able to prepare it.<br />\n<br />\nSubmission URL: {$submissionReviewUrl}<br />\n<br />\nPlease confirm your ability to complete this vital contribution to the work of the journal. I look forward to hearing from you.<br />\n<br />\n{$editorialContactSignature}','This email is automatically sent when a reviewer\'s due date elapses (see Review Options under Settings > Workflow > Review) and one-click reviewer access is enabled. Scheduled tasks must be enabled and configured (see the site configuration file).'),
('REVIEW_REMIND_AUTO_ONECLICK','fr_CA','Rappel automatique d\'évaluation d\'une soumission','{$reviewerName},<br />\n<br />\nCeci est un petit rappel concernant notre demande d\'évaluation de la soumission « {$submissionTitle} » pour la revue {$contextName}. Puisque nous n\'avons pas reçu, comme nous l\'espérions, votre évaluation avant le {$reviewDueDate}, ce courriel a été généré et envoyé automatiquement après l\'échéance du délai. Nous serions toutefois heureux de recevoir votre évaluation dès que possible.<br />\n<br />\nURL de la soumission : {$submissionReviewUrl}<br />\n<br />\nVeuillez confirmer que vous êtes en mesure d\'effectuer ce travail essentiel pour la publication de notre revue. Nous espérons avoir de vos nouvelles très bientôt.<br />\n<br />\n{$editorialContactSignature}','Ce courriel est envoyé automatiquement lorsque la date d\'échéance de remise d\'une évaluation est révolue (voir Options d\'évaluation sous Paramètres > Flux des travaux > Évaluation) et que l\'accès de l\'évaluateur-trice en un clic est activé. Les tâches planifiées doivent être activées et configurées (voir le fichier de configuration du site).'),
('REVIEW_REMIND_ONECLICK','en_US','Submission Review Reminder','{$reviewerName}:<br />\n<br />\nJust a gentle reminder of our request for your review of the submission, &quot;{$submissionTitle},&quot; for {$contextName}. We were hoping to have this review by {$reviewDueDate}, and would be pleased to receive it as soon as you are able to prepare it.<br />\n<br />\nSubmission URL: {$submissionReviewUrl}<br />\n<br />\nPlease confirm your ability to complete this vital contribution to the work of the journal. I look forward to hearing from you.<br />\n<br />\n{$editorialContactSignature}','This email is sent by a Section Editor to remind a reviewer that their review is due.'),
('REVIEW_REMIND_ONECLICK','fr_CA','Rappel d\'évaluation d\'une soumission','{$reviewerName},<br />\n<br />\nCeci est un petit rappel concernant notre demande d\'évaluation de la soumission « {$submissionTitle} » pour la revue {$contextName}. Nous espérions recevoir votre évaluation avant le {$reviewDueDate}. Nous serions heureux de la recevoir dès que possible.<br />\n<br />\nURL de la soumission : {$submissionReviewUrl}<br />\n<br />\nVeuillez confirmer que vous êtes en mesure d\'effectuer ce travail essentiel pour la publication de notre revue. Nous espérons avoir de vos nouvelles très bientôt.<br />\n<br />\n{$editorialContactSignature}','Ce courriel est envoyé par le,la rédacteur-trice de rubrique à un,une évaluateur-trice pour lui rappeler que son évaluation est due.'),
('REVIEW_REQUEST','en_US','Article Review Request','{$reviewerName}:<br />\n<br />\nI believe that you would serve as an excellent reviewer of the manuscript, &quot;{$submissionTitle},&quot; which has been submitted to {$contextName}. The submission\'s abstract is inserted below, and I hope that you will consider undertaking this important task for us.<br />\n<br />\nPlease log into the journal web site by {$responseDueDate} to indicate whether you will undertake the review or not, as well as to access the submission and to record your review and recommendation. The web site is {$contextUrl}<br />\n<br />\nThe review itself is due {$reviewDueDate}.<br />\n<br />\nIf you do not have your username and password for the journal\'s web site, you can use this link to reset your password (which will then be emailed to you along with your username). {$passwordResetUrl}<br />\n<br />\nSubmission URL: {$submissionReviewUrl}<br />\n<br />\nThank you for considering this request.<br />\n<br />\n{$editorialContactSignature}<br />\n<br />\n&quot;{$submissionTitle}&quot;<br />\n<br />\n{$submissionAbstract}','This email from the Section Editor to a Reviewer requests that the reviewer accept or decline the task of reviewing a submission. It provides information about the submission such as the title and abstract, a review due date, and how to access the submission itself. This message is used when the Standard Review Process is selected in Management > Settings > Workflow > Review. (Otherwise see REVIEW_REQUEST_ATTACHED.)'),
('REVIEW_REQUEST','fr_CA','Demande d\'évaluation d\'un article','{$reviewerName},<br />\n<br />\nNous croyons que vous feriez un-e excellent-e évaluateur-trice pour le manuscrit intitulé « {$submissionTitle} » qui a été soumis à la revue {$contextName}. Vous trouverez un résumé de la soumission ci-dessous. Nous espérons que vous accepterez ce travail essentiel à la publication de la revue.<br />\n<br />\nVeuillez accéder au site Web de la revue avant le {$responseDueDate} pour nous laisser savoir si vous acceptez de faire l\'évaluation ou non. Vous pouvez également y consulter la soumission et y enregistrer votre évaluation et votre recommandation. Le site Web se trouve à l\'adresse suivante : {$contextUrl}<br />\n<br />\nLa date d\'échéance de l\'évaluation a été fixée au {$reviewDueDate}.<br />\n<br />\nSi vous n\'avez pas de nom d\'utilisateur-trice et de mot de passe pour le site Web de la revue, cliquez sur le lien ci-dessous pour réinitialiser votre mot de passe (lequel vous sera envoyé par courriel avec votre nom d\'utilisateur-trice). {$passwordResetUrl}<br />\n<br />\nURL de la soumission : {$submissionReviewUrl}<br />\n<br />\nNous vous remercions de l\'attention que vous porterez à notre demande.<br />\n<br />\n{$editorialContactSignature}<br />\n<br />\n« {$submissionTitle} »<br />\n<br />\n{$submissionAbstract}','Ce courriel du,de la rédacteur-trice à un,une évaluateur-trice demande que l\'évaluateur-trice accepte ou refuse la tâche d\'évaluation d\'une soumission. Il fournit de l\'information sur la soumission, tel son titre et un résumé, la date d\'échéance pour l\'évaluation, et comment accéder à la soumission. Ce message est utilisé quand « Processus d\'évaluation standard » est sélectionné dans Configuration de la revue > Paramètres > Flux des travaux > Évaluation. (Autrement voir « Demande d\'évaluation d\'un article (en pièce jointe) ».)'),
('REVIEW_REQUEST_ATTACHED','en_US','Article Review Request','{$reviewerName}:<br />\n<br />\nI believe that you would serve as an excellent reviewer of the manuscript, &quot;{$submissionTitle},&quot; and I am asking that you consider undertaking this important task for us. The Review Guidelines for this journal are appended below, and the submission is attached to this email. Your review of the submission, along with your recommendation, should be emailed to me by {$reviewDueDate}.<br />\n<br />\nPlease indicate in a return email by {$responseDueDate} whether you are able and willing to do the review.<br />\n<br />\nThank you for considering this request.<br />\n<br />\n{$editorialContactSignature}<br />\n<br />\n<br />\nReview Guidelines<br />\n<br />\n{$reviewGuidelines}<br />\n','This email is sent by the Section Editor to a Reviewer to request that they accept or decline the task of reviewing a submission. It includes the submission as an attachment. This message is used when the Email-Attachment Review Process is selected in Management > Settings > Workflow > Review. (Otherwise see REVIEW_REQUEST.)'),
('REVIEW_REQUEST_ATTACHED','fr_CA','Demande d\'évaluation d\'un article','{$reviewerName},<br />\n<br />\nNous croyons que vous feriez un-e excellent-e évaluateur-trice pour le manuscrit intitulé « {$submissionTitle} ». Nous espérons que vous envisagerez d\'entreprendre cette tâche essentielle à la publication de la revue. Les directives d\'évaluation de la revue se trouvent ci-dessous et la soumission est jointe au présent courriel. Votre évaluation de la soumission, ainsi que vos recommandations, devraient nous parvenir par courriel d\'ici le {$reviewDueDate}.<br />\n<br />\nVeuillez nous faire savoir par courriel d\'ici le {$responseDueDate} si vous acceptez ou non d\'effectuer cette évaluation.<br />\n<br />\nNous vous remercions de l\'attention que vous porterez à notre demande.<br />\n<br />\n{$editorialContactSignature}<br />\n<br />\n<br />\nDirectives pour l\'évaluation<br />\n<br />\n{$reviewGuidelines}<br />\n','Ce courriel est envoyé par le,la rédacteur-trice de rubrique à un,une évaluateur-trice pour lui demander s\'il ou elle accepte ou refuse la tâche d\'évaluation d\'une soumission. Il inclut la soumission en pièce jointe. Ce message est utilisé quand le processus de « Demande d\'évaluation par pièce-jointe de courriel » est sélectionné dans Configuration de la revue > Paramètres > Flux des travaux > Évaluation . (Autrement, voir « Demande d\'évaluation ».)'),
('REVIEW_REQUEST_ATTACHED_SUBSEQUENT','en_US','Article Review Request','{$reviewerName}:<br />\n<br />\nThis regards the manuscript &quot;{$submissionTitle},&quot; which is under consideration by {$contextName}.<br />\n<br />\nFollowing the review of the previous version of the manuscript, the authors have now submitted a revised version of their paper. We would appreciate it if you could help evaluate it.<br />\n<br />\nThe Review Guidelines for this journal are appended below, and the submission is attached to this email. Your review of the submission, along with your recommendation, should be emailed to me by {$reviewDueDate}.<br />\n<br />\nPlease indicate in a return email by {$responseDueDate} whether you are able and willing to do the review.<br />\n<br />\nThank you for considering this request.<br />\n<br />\n{$editorialContactSignature}<br />\n<br />\n<br />\nReview Guidelines<br />\n<br />\n{$reviewGuidelines}<br />\n','This email is sent by the Section Editor to a Reviewer to request that they accept or decline the task of reviewing a submission for a second or greater round of review. It includes the submission as an attachment. This message is used when the Email-Attachment Review Process is selected in Management > Settings > Workflow > Review. (Otherwise see REVIEW_REQUEST_SUBSEQUENT.)'),
('REVIEW_REQUEST_ATTACHED_SUBSEQUENT','fr_CA','Demande d\'évaluation d\'un article','{$reviewerName},<br />\n<br />\nCeci concerne le manuscrit « {$submissionTitle} », qui est présentement évalué par la revue {$contextName}.<br />\n<br />\nSuivant l\'évaluation de la dernière version du manuscrit, l\'auteur-e a soumis une version révisée de son document. Nous apprécierions que vous évaluiez cette nouvelle version.<br />\n<br />\nLes directives d\'évaluation de la revue se trouvent ci-dessous et la soumission est jointe au présent courriel. Votre évaluation de la soumission, ainsi que vos recommandations, devraient nous parvenir par courriel d\'ici le {$reviewDueDate}.<br />\n<br />\nVeuillez nous faire savoir par courriel d\'ici le {$responseDueDate} si vous acceptez ou non d\'effectuer cette évaluation.<br />\n<br />\nNous vous remercions de l\'attention que vous porterez à notre demande.<br />\n<br />\n{$editorialContactSignature}<br />\n<br />\n<br />\nDirectives pour l\'évaluation<br />\n<br />\n{$reviewGuidelines}<br />\n','Ce courriel est envoyé par le,la rédacteur-trice de rubrique à un,une évaluateur-trice pour lui demander s\'il ou elle accepte ou refuse la tâche d\'évaluation d\'une soumission pour un cycle subséquent d\'évaluation. Il inclut la soumission en pièce jointe. Ce message est utilisé quand le processus de « Demande d\'évaluation par pièce-jointe de courriel » est sélectionné dans Configuration de la revue > Paramètres > Flux des travaux > Évaluation . (Autrement voir « Demande d\'évaluation (cycle subséquent)».)'),
('REVIEW_REQUEST_ONECLICK','en_US','Article Review Request','{$reviewerName}:<br />\n<br />\nI believe that you would serve as an excellent reviewer of the manuscript, &quot;{$submissionTitle},&quot; which has been submitted to {$contextName}. The submission\'s abstract is inserted below, and I hope that you will consider undertaking this important task for us.<br />\n<br />\nPlease log into the journal web site by {$responseDueDate} to indicate whether you will undertake the review or not, as well as to access the submission and to record your review and recommendation.<br />\n<br />\nThe review itself is due {$reviewDueDate}.<br />\n<br />\nSubmission URL: {$submissionReviewUrl}<br />\n<br />\nThank you for considering this request.<br />\n<br />\n{$editorialContactSignature}<br />\n<br />\n&quot;{$submissionTitle}&quot;<br />\n<br />\n{$submissionAbstract}','This email from the Section Editor to a Reviewer requests that the reviewer accept or decline the task of reviewing a submission. It provides information about the submission such as the title and abstract, a review due date, and how to access the submission itself. This message is used when the Standard Review Process is selected in Management > Settings > Workflow > Review, and one-click reviewer access is enabled.'),
('REVIEW_REQUEST_ONECLICK','fr_CA','Demande d\'évaluation d\'un article','{$reviewerName},<br />\n<br />\nNous croyons que vous feriez un-e excellent-e évaluateur-trice pour le manuscrit intitulé « {$submissionTitle} » qui a été soumis à la revue {$contextName}. Vous trouverez un résumé de la soumission ci-dessous. Nous espérons que vous accepterez ce travail essentiel à la publication de la revue.<br />\n<br />\nVeuillez accéder au site Web de la revue avant le {$responseDueDate} pour nous laisser savoir si vous acceptez de faire l\'évaluation ou non. Vous pouvez également y consulter la soumission et y enregistrer votre évaluation et votre recommandation.<br />\n<br />\nDate limite pour l\'évaluation {$reviewDueDate}.<br />\n<br />\nURL de la soumission : {$submissionReviewUrl}.<br />\n<br />\nNous vous remercions de l\'attention que vous porterez à notre demande.<br />\n<br />\n{$editorialContactSignature}<br />\n<br />\n« {$submissionTitle} »<br />\n<br />\n{$submissionAbstract}','Ce courriel du,de la rédacteur-trice de rubrique à un,une évaluateur-trice demande que l\'évaluateur-trice accepte ou décline la tâche d\'évaluation d\'une soumission. Il contient des informations sur la soumission tel que son titre et un résumé, la date d\'échéance pour faire l\'évaluation, et comment accéder à la soumission. Ce message est utilisé quand « Processus d\'évaluation standard » est sélectionné dans Configuration de la revue > Paramètres > Flux des travaux > Évaluation et que l\'accès de l\'évaluateur-trice en un clic a été activé.'),
('REVIEW_REQUEST_ONECLICK_SUBSEQUENT','en_US','Article Review Request','{$reviewerName}:<br />\n<br />\nThis regards the manuscript &quot;{$submissionTitle},&quot; which is under consideration by {$contextName}.<br />\n<br />\nFollowing the review of the previous version of the manuscript, the authors have now submitted a revised version of their paper. We would appreciate it if you could help evaluate it.<br />\n<br />\nPlease log into the journal web site by {$responseDueDate} to indicate whether you will undertake the review or not, as well as to access the submission and to record your review and recommendation.<br />\n<br />\nThe review itself is due {$reviewDueDate}.<br />\n<br />\nSubmission URL: {$submissionReviewUrl}<br />\n<br />\nThank you for considering this request.<br />\n<br />\n{$editorialContactSignature}<br />\n<br />\n&quot;{$submissionTitle}&quot;<br />\n<br />\n{$submissionAbstract}','This email from the Section Editor to a Reviewer requests that the reviewer accept or decline the task of reviewing a submission for a second or greater round of review. It provides information about the submission such as the title and abstract, a review due date, and how to access the submission itself. This message is used when the Standard Review Process is selected in Management > Settings > Workflow > Review, and one-click reviewer access is enabled.'),
('REVIEW_REQUEST_ONECLICK_SUBSEQUENT','fr_CA','Demande d\'évaluation d\'un article','{$reviewerName},<br />\n<br />\nCeci concerne le manuscrit « {$submissionTitle} », qui est présentement évalué par la revue {$contextName}.<br />\n<br />\nSuivant l\'évaluation de la dernière version du manuscrit, l\'auteur a soumis une version révisée de son document. Nous apprécierions que vous évaluiez cette nouvelle version.<br />\n<br />\nVeuillez vous authentifier sur la page de la revue avant le {$responseDueDate} pour y indiquer si vous participerez à cette évaluation ou non, ou encore pour accéder à la soumission et y enregistrer votre évaluation et vos recommandations.<br />\n<br />\nL\'évaluation est due pour le {$reviewDueDate}.<br />\n<br />\nURL de la soumission : {$submissionReviewUrl}<br />\n<br />\nNous vous remercions de l\'attention que vous porterez à notre demande.<br />\n<br />\n{$editorialContactSignature}<br />\n<br />\n« {$submissionTitle} » <br />\n<br />\n{$submissionAbstract}','Ce courriel du,de la rédacteur-trice de rubrique à un,une évaluateur-trice demande que l\'évaluateur-trice accepte ou décline la tâche d\'évaluation d\'une soumission pour un cycle subséquent d\'évaluation. Il contient des informations sur la soumission tel que son titre et un résumé, la date d\'échéance pour faire l\'évaluation, et comment accéder à la soumission. Ce message est utilisé quand « Processus d\'évaluation standard » est sélectionné dans Configuration de la revue > Paramètres > Flux des travaux > Évaluation et que l\'accès de l\'évaluateur-trice en un clic est activé.'),
('REVIEW_REQUEST_REMIND_AUTO','en_US','Article Review Request Reminder','{$reviewerName}:<br />\nJust a gentle reminder of our request for your review of the submission, &quot;{$submissionTitle},&quot; for {$contextName}. We were hoping to have your response by {$responseDueDate}, and this email has been automatically generated and sent with the passing of that date.\n<br />\nI believe that you would serve as an excellent reviewer of the manuscript. The submission\'s abstract is inserted below, and I hope that you will consider undertaking this important task for us.<br />\n<br />\nPlease log into the journal web site to indicate whether you will undertake the review or not, as well as to access the submission and to record your review and recommendation. The web site is {$contextUrl}<br />\n<br />\nThe review itself is due {$reviewDueDate}.<br />\n<br />\nIf you do not have your username and password for the journal\'s web site, you can use this link to reset your password (which will then be emailed to you along with your username). {$passwordResetUrl}<br />\n<br />\nSubmission URL: {$submissionReviewUrl}<br />\n<br />\nThank you for considering this request.<br />\n<br />\n{$editorialContactSignature}<br />\n<br />\n&quot;{$submissionTitle}&quot;<br />\n<br />\n{$submissionAbstract}','This email is automatically sent when a reviewer\'s confirmation due date elapses (see Review Options under Settings > Workflow > Review) and one-click reviewer access is disabled. Scheduled tasks must be enabled and configured (see the site configuration file).'),
('REVIEW_REQUEST_REMIND_AUTO','fr_CA','Rappel de demande d\'évaluation d\'un article','{$reviewerName},<br />\nCeci est un petit rappel concernant notre demande d\'évaluation de « {$submissionTitle} » pour la revue {$contextName}. Puisque nous n\'avons pas reçu, comme nous l\'espérions, une réponse avant le {$responseDueDate}, ce courriel a été généré et envoyé automatiquement après l\'échéance du délai.\n<br />\nNous pensons que vous seriez un-e excellent-e évaluateur-trice pour le manuscrit. Vous trouverez un résumé de la soumission ci-dessous. Nous espérons que vous envisagerez d\'entreprendre cette tâche essentielle à la publication de la revue.<br />\n<br />\nVeuillez vous authentifier sur la page de la revue pour y indiquer si vous participerez à cette évaluation ou non, ou encore pour accéder à la soumission et y enregistrer votre évaluation et vos recommandations. Le site Web est {$contextUrl}<br />\n<br />\nL\'évaluation est dû pour le {$reviewDueDate}.<br />\n<br />\nSi vous n\'avez pas vos nom d\'utilisateur-trice et mot de passe pour le site de la revue, vous pouvez utiliser le lien suivant pour réinitialiser votre mot de passe (lequel vous sera envoyé par courriel avec votre nom d\'utilisateur-trice). {$passwordResetUrl}<br />\n<br />\nURL de la soumission : {$submissionReviewUrl}<br />\n<br />\nNous vous remercions de l\'attention que vous porterez à notre demande.<br />\n<br />\n{$editorialContactSignature}<br />\n<br />\n« {$submissionTitle} »<br />\n<br />\n{$submissionAbstract}','Ce courriel est envoyé automatiquement lorsque la date d\'échéance de confirmation d\'un,une évaluateur-trice est révolue (voir Options d\'évaluation sous Paramètres &gt; Flux des travaux &gt; Évaluation) et que l\'accès de l\'évaluateur-trice en un clic est désactivé. Les tâches planifiées doivent être activées et configurées (voir le fichier de configuration du site).'),
('REVIEW_REQUEST_REMIND_AUTO_ONECLICK','en_US','Article Review Request','{$reviewerName}:<br />\nJust a gentle reminder of our request for your review of the submission, &quot;{$submissionTitle},&quot; for {$contextName}. We were hoping to have your response by {$responseDueDate}, and this email has been automatically generated and sent with the passing of that date.\n<br />\nI believe that you would serve as an excellent reviewer of the manuscript. The submission\'s abstract is inserted below, and I hope that you will consider undertaking this important task for us.<br />\n<br />\nPlease log into the journal web site to indicate whether you will undertake the review or not, as well as to access the submission and to record your review and recommendation.<br />\n<br />\nThe review itself is due {$reviewDueDate}.<br />\n<br />\nSubmission URL: {$submissionReviewUrl}<br />\n<br />\nThank you for considering this request.<br />\n<br />\n{$editorialContactSignature}<br />\n<br />\n&quot;{$submissionTitle}&quot;<br />\n<br />\n{$submissionAbstract}','This email is automatically sent when a reviewer\'s confirmation due date elapses (see Review Options under Settings > Workflow > Review) and one-click reviewer access is enabled. Scheduled tasks must be enabled and configured (see the site configuration file).'),
('REVIEW_REQUEST_REMIND_AUTO_ONECLICK','fr_CA','Demande d\'évaluation d\'un article','{$reviewerName},<br />\nCeci est un petit rappel concernant notre demande d\'évaluation de la soumission « {$submissionTitle} » pour la revue {$contextName}. Puisque nous n\'avons pas reçu, comme nous l\'espérions, une réponse avant le {$responseDueDate}, ce courriel a été généré et envoyé automatiquement après l\'échéance du délai.\n<br />\nNous pensons que vous seriez un-e excellent-e évaluateur-trice pour le manuscrit. Vous trouverez un résumé de la soumission ci-dessous. Nous espérons que vous envisagerez d\'entreprendre cette tâche essentielle à la publication de la revue.<br />\n<br />\nVeuillez vous authentifier sur la page de la revue pour y indiquer si vous participerez à cette évaluation ou non, ou encore pour accéder à la soumission et y enregistrer votre évaluation et vos recommandations.<br />\n<br />\nL\'évaluation est dû pour le {$reviewDueDate}.<br />\n<br />\nURL de la soumission : {$submissionReviewUrl}<br />\n<br />\nNous vous remercions de l\'attention que vous porterez à notre demande.<br />\n<br />\n{$editorialContactSignature}<br />\n<br />\n« {$submissionTitle} »<br />\n<br />\n{$submissionAbstract}','Ce courriel est automatiquement envoyé lorsque la date d\'échéance de confirmation d\'un,une évaluateur-trice est écoulée (voir Options de révision sous Paramètres &gt; Flux des travaux &gt; Révision) et l\'accès de l\'évaluateur-trice en un clic est activé. Les tâches planifiées doivent être configurées et activées (voir le fichier de configuration du site).'),
('REVIEW_REQUEST_SUBSEQUENT','en_US','Article Review Request','{$reviewerName}:<br />\n<br />\nThis regards the manuscript &quot;{$submissionTitle},&quot; which is under consideration by {$contextName}.<br />\n<br />\nFollowing the review of the previous version of the manuscript, the authors have now submitted a revised version of their paper. We would appreciate it if you could help evaluate it.<br />\n<br />\nPlease log into the journal web site by {$responseDueDate} to indicate whether you will undertake the review or not, as well as to access the submission and to record your review and recommendation. The web site is {$contextUrl}<br />\n<br />\nThe review itself is due {$reviewDueDate}.<br />\n<br />\nIf you do not have your username and password for the journal\'s web site, you can use this link to reset your password (which will then be emailed to you along with your username). {$passwordResetUrl}<br />\n<br />\nSubmission URL: {$submissionReviewUrl}<br />\n<br />\nThank you for considering this request.<br />\n<br />\n{$editorialContactSignature}<br />\n<br />\n&quot;{$submissionTitle}&quot;<br />\n<br />\n{$submissionAbstract}','This email from the Section Editor to a Reviewer requests that the reviewer accept or decline the task of reviewing a submission for a second or greater round of review. It provides information about the submission such as the title and abstract, a review due date, and how to access the submission itself. This message is used when the Standard Review Process is selected in Management > Settings > Workflow > Review. (Otherwise see REVIEW_REQUEST_ATTACHED_SUBSEQUENT.)'),
('REVIEW_REQUEST_SUBSEQUENT','fr_CA','Demande d\'évaluation d\'un article','{$reviewerName},<br />\n<br />\nCeci concerne le manuscrit « {$submissionTitle} », qui est présentement évalué par {$contextName}.<br />\n<br />\nSuivant l\'évaluation de la dernière version du manuscrit, l\'auteur a soumis une version révisée de son document. Nous apprécierions que vous évaluiez cette nouvelle version.<br />\n<br />\nVeuillez vous authentifier sur la page de la revue avant le {$responseDueDate} pour y indiquer si vous participerez à cette évaluation ou non, ou encore pour accéder à la soumission et y enregistrer votre évaluation et vos recommandations. Le site Web est {$contextUrl}<br />\n<br />\nL\'évaluation est due pour le {$reviewDueDate}.<br />\n<br />\nSi vous n\'avez pas vos nom d\'utilisateur-trice et mot de passe pour le site de la revue, vous pouvez utiliser le lien suivant pour réinitialiser votre mot de passe (lequel vous sera envoyé par courriel avec votre nom d\'utilisateur-trice). {$passwordResetUrl}<br />\n<br />\nURL de la soumission : {$submissionReviewUrl}<br />\n<br />\nNous vous remercions de l\'attention que vous porterez à notre demande.<br />\n<br />\n{$editorialContactSignature}<br />\n<br />\n« {$submissionTitle} » <br />\n<br />\n{$submissionAbstract}','Ce courriel du,de la rédacteur-trice de rubrique à un,une évaluateur-trice demande que l\'évaluateur-trice accepte ou décline la tâche d\'évaluation d\'une soumission pour un cycle subséquent d\'évaluation. Il contient des informations sur la soumission tel que son titre et un résumé, la date d\'échéance pour faire l\'évaluation, et comment accéder à la soumission. Ce message est utilisé quand « Processus d\'évaluation standard » est sélectionné dans Configuration de la revue > Paramètres > Flux des travaux > Évaluation (Autrement voir « Demande d\'évaluation d\'un article (cycle subséquent) ».)'),
('REVISED_VERSION_NOTIFY','en_US','Revised Version Uploaded','Editors:<br />\n<br />\nA revised version of &quot;{$submissionTitle}&quot; has been uploaded by the author {$authorName}.<br />\n<br />\nSubmission URL: {$submissionUrl}<br />\n<br />\n{$editorialContactSignature}','This email is automatically sent to the assigned editor when author uploads a revised version of an article.'),
('REVISED_VERSION_NOTIFY','fr_CA','Version révisée téléversée','Rédacteurs-trices,<br />\n<br />\nUne version révisée de « {$submissionTitle} » a été téléversée par l\'auteur-e {$authorName}.<br />\n<br />\nURL de la soumission : {$submissionUrl}<br />\n<br />\n{$editorialContactSignature}','Ce courriel est envoyé automatiquement au,à la rédacteur-trice assigné-e quand un-e auteur-e téléverse une version révisée d\'un article.'),
('STATISTICS_REPORT_NOTIFICATION','en_US','Editorial activity for {$month}, {$year}','\n{$name}, <br />\n<br />\nYour journal health report for {$month}, {$year} is now available. Your key stats for this month are below.<br />\n<ul>\n	<li>New submissions this month: {$newSubmissions}</li>\n	<li>Declined submissions this month: {$declinedSubmissions}</li>\n	<li>Accepted submissions this month: {$acceptedSubmissions}</li>\n	<li>Total submissions in the system: {$totalSubmissions}</li>\n</ul>\nLogin to the journal to view more detailed <a href=\"{$editorialStatsLink}\">editorial trends</a> and <a href=\"{$publicationStatsLink}\">published article stats</a>. A full copy of this month\'s editorial trends is attached.<br />\n<br />\nSincerely,<br />\n{$principalContactSignature}','This email is automatically sent monthly to editors and journal managers to provide them a system health overview.'),
('STATISTICS_REPORT_NOTIFICATION','fr_CA','Activité éditoriale pour {$month} {$year}','\n{$name}, <br />\n<br />\nLe rapport d\'activité éditoriale de votre revue pour {$month} {$year} est maintenant disponible. Les principales statistiques pour ce mois sont affichées ci-dessous.<br />\n<ul>\n	<li> Nouvelles soumissions pour ce mois : {$newSubmissions} </li>\n	<li> Soumissions refusées pour ce mois : {$declinedSubmissions} </li>\n	<li> Soumissions acceptées pour ce mois : {$acceptedSubmissions} </li>\n	<li> Nombre total de soumissions dans la plateforme : {$totalSubmissions} </li>\n</ul>\nConnectez-vous au site de la revue pour voir davantage de <a href=\"{$editorialStatsLink}\">tendances dans l\'activité éditoriale</a> ainsi que des <a href=\"{$publicationStatsLink}\">statistiques relatives aux articles publiés</a>. Le rapport complet des tendances de l\'activité éditoriale de ce mois-ci est joint au présent envoi.<br />\n<br />\nCordialement,<br />\n{$principalContactSignature}','Ce courriel est envoyé automatiquement chaque mois aux rédacteurs et rédactrices en chef et aux directeurs et directrices de revues pour leur fournir un aperçu de l\'intégrité du système.'),
('SUBMISSION_ACK','en_US','Submission Acknowledgement','{$authorName}:<br />\n<br />\nThank you for submitting the manuscript, &quot;{$submissionTitle}&quot; to {$contextName}. With the online journal management system that we are using, you will be able to track its progress through the editorial process by logging in to the journal web site:<br />\n<br />\nSubmission URL: {$submissionUrl}<br />\nUsername: {$authorUsername}<br />\n<br />\nIf you have any questions, please contact me. Thank you for considering this journal as a venue for your work.<br />\n<br />\n{$editorialContactSignature}','This email, when enabled, is automatically sent to an author when they complete the process of submitting a manuscript to the journal. It provides information about tracking the submission through the process and thanks the author for the submission.'),
('SUBMISSION_ACK','fr_CA','Accusé de réception de la soumission','{$authorName},<br />\n<br />\nNous vous remercions d\'avoir soumis le manuscrit intitulé « {$submissionTitle} » à la revue {$contextName}. Grâce à notre système de gestion en ligne, vous pourrez suivre votre soumission tout au long du processus d\'édition en accédant au site Web de la revue :<br />\n<br />\nURL de la soumission : {$submissionUrl}<br />\nNom d\'utilisateur-trice : {$authorUsername}<br />\n<br />\nSi vous avez des questions, n\'hésitez pas à communiquer avec nous. Nous vous remercions d\'avoir pensé à notre revue pour la publication de vos travaux.<br />\n<br />\n{$editorialContactSignature}','Ce courriel, lorsqu\'activé, est envoyé automatiquement à un-e auteur-e quand il ou elle a complété le processus de soumission d\'un manuscrit à la revue. Il fournit les informations sur comment suivre la soumission à travers le processus éditorial, et remercie l\'auteur-e pour sa soumission.'),
('SUBMISSION_ACK_NOT_USER','en_US','Submission Acknowledgement','Hello,<br />\n<br />\n{$submitterName} has submitted the manuscript, &quot;{$submissionTitle}&quot; to {$contextName}. <br />\n<br />\nIf you have any questions, please contact me. Thank you for considering this journal as a venue for your work.<br />\n<br />\n{$editorialContactSignature}','This email, when enabled, is automatically sent to the other authors who are not users within OJS specified during the submission process.'),
('SUBMISSION_ACK_NOT_USER','fr_CA','Accusé de réception de la soumission','Bonjour,<br />\n<br />\nLe manuscrit intitulé , « {$submissionTitle} » , a été soumis par {$submitterName} à la revue {$contextName}.<br />\n<br />\nSi vous avez des questions, n\'hésitez pas à communiquer avec nous. Nous vous remercions d\'avoir pensé à la revue {$contextName} pour la publication de vos travaux.<br />\n<br />\n{$editorialContactSignature}','Ce courriel, lorsque activé, est envoyé automatiquement aux autres auteur-e-s qui ne sont pas des utilisateurs-trices de OJS signalés-es comme effectuant la soumission.'),
('SUBSCRIPTION_AFTER_EXPIRY','en_US','Subscription Expired','{$subscriberName}:<br />\n<br />\nYour {$contextName} subscription has expired.<br />\n<br />\n{$subscriptionType}<br />\nExpiry date: {$expiryDate}<br />\n<br />\nTo renew your subscription, please go to the journal website. You are able to log in to the system with your username, &quot;{$username}&quot;.<br />\n<br />\nIf you have any questions, please feel free to contact me.<br />\n<br />\n{$subscriptionContactSignature}','This email notifies a subscriber that their subscription has expired. It provides the journal\'s URL along with instructions for access.'),
('SUBSCRIPTION_AFTER_EXPIRY','fr_CA','Abonnement expiré','{$subscriberName},<br />\n<br />\nVotre abonnement à la revue {$contextName} est expiré.<br />\n<br />\n{$subscriptionType}<br />\nDate d\'expiration : {$expiryDate}<br />\n<br />\nPour renouveler votre abonnement, veuillez vous rendre sur le site Web de la revue. Vous pouvez y ouvrir une session en utilisant votre nom d\'utilisateur-trice, soit « {$username} ».<br />\n<br />\nSi vous avez des questions, n\'hésitez pas à communiquer avec nous.<br />\n<br />\n{$subscriptionContactSignature}','Ce courriel avise un-e abonné-e que son abonnement est expiré. Il fournit l\'adresse URL de la revue, ainsi que les instructions pour y accéder.'),
('SUBSCRIPTION_AFTER_EXPIRY_LAST','en_US','Subscription Expired - Final Reminder','{$subscriberName}:<br />\n<br />\nYour {$contextName} subscription has expired.<br />\nPlease note that this is the final reminder that will be emailed to you.<br />\n<br />\n{$subscriptionType}<br />\nExpiry date: {$expiryDate}<br />\n<br />\nTo renew your subscription, please go to the journal website. You are able to log in to the system with your username, &quot;{$username}&quot;.<br />\n<br />\nIf you have any questions, please feel free to contact me.<br />\n<br />\n{$subscriptionContactSignature}','This email notifies a subscriber that their subscription has expired. It provides the journal\'s URL along with instructions for access.'),
('SUBSCRIPTION_AFTER_EXPIRY_LAST','fr_CA','Abonnement expiré - Dernier rappel','{$subscriberName},<br />\n<br />\nVotre abonnement à la revue {$contextName} est expiré. Veuillez prendre note que ceci est le dernier rappel qui vous sera envoyé.<br />\n<br />\n{$subscriptionType}<br />\nDate d\'expiration : {$expiryDate}<br />\n<br />\nPour renouveller votre abonnement, aveuillez vous rendre sur le site Web de la revue. Vous pouvez y ouvrir une session avec votre nom d\'utilisateur-trice, soit « {$username} ».<br />\n<br />\nSi vous avez des questions, ne hésitez pas à communiquer avec nous.<br />\n<br />\n{$subscriptionContactSignature}','Ce courriel avise un-e abonné-e que son abonnement est expiré. Il donne l\'adresse URL de la revue ainsi que les instructions pour y accéder.'),
('SUBSCRIPTION_BEFORE_EXPIRY','en_US','Notice of Subscription Expiry','{$subscriberName}:<br />\n<br />\nYour {$contextName} subscription is about to expire.<br />\n<br />\n{$subscriptionType}<br />\nExpiry date: {$expiryDate}<br />\n<br />\nTo ensure the continuity of your access to this journal, please go to the journal website and renew your subscription. You are able to log in to the system with your username, &quot;{$username}&quot;.<br />\n<br />\nIf you have any questions, please feel free to contact me.<br />\n<br />\n{$subscriptionContactSignature}','This email notifies a subscriber that their subscription will soon expire. It provides the journal\'s URL along with instructions for access.'),
('SUBSCRIPTION_BEFORE_EXPIRY','fr_CA','Avis d\'expiration de l\'abonnement','{$subscriberName},<br />\n<br />\nVotre abonnement à la revue {$contextName} expirera bientôt.<br />\n<br />\n{$subscriptionType}<br />\nDate d\'expiration : {$expiryDate}<br />\n<br />\nAfin d\'assurer la continuité de votre accès à cette revue, nous vous invitons à aller sur le site Web de la revue et à renouveler votre abonnement. Vous pouvez vous y ouvrir une session avec votre nom d\'utilisateur-trice, soit « {$username} ».<br />\n<br />\nSi vous avez des questions, ne pas hésiter à communiquer avec nous.<br />\n<br />\n{$subscriptionContactSignature}','Ce courriel avise un-e abonné-e que son abonnement expirera sous peu. Il fournit l\'adresse URL de la revue, ainsi que les instructions pour y accéder.'),
('SUBSCRIPTION_NOTIFY','en_US','Subscription Notification','{$subscriberName}:<br />\n<br />\nYou have now been registered as a subscriber in our online journal management system for {$contextName}, with the following subscription:<br />\n<br />\n{$subscriptionType}<br />\n<br />\nTo access content that is available only to subscribers, simply log in to the system with your username, &quot;{$username}&quot;.<br />\n<br />\nOnce you have logged in to the system you can change your profile details and password at any point.<br />\n<br />\nPlease note that if you have an institutional subscription, there is no need for users at your institution to log in, since requests for subscription content will be automatically authenticated by the system.<br />\n<br />\nIf you have any questions, please feel free to contact me.<br />\n<br />\n{$subscriptionContactSignature}','This email notifies a registered reader that the Manager has created a subscription for them. It provides the journal\'s URL along with instructions for access.'),
('SUBSCRIPTION_NOTIFY','fr_CA','Avis d\'abonnement','{$subscriberName},<br />\n<br />\nVous êtes maintenant abonné-e à notre système de gestion de revue en ligne pour la revue {$contextName}, avec le type d\'abonnement suivant  :<br />\n<br />\n{$subscriptionType}<br />\n<br />\nPour accéder au contenu destiné seulement aux abonnés, connectez-vous au système à l\'aide de votre nom d\'utilisateur-trice : {$username}.<br />\n<br />\nUne fois connecté-e dans le système, vous pouvez, en tout temps, modifier les renseignements de votre profil et votre mot de passe.<br />\n<br />\nVeuillez prendre note que si vous disposez d\'un abonnement institutionnel, les utilisateurs-trices n\'ont pas à entrer de nom d\'utilisateur-trice puisque le système authentifiera automatiquement les demandes.<br />\n<br />\nSi vous avez des questions, n\'hésitez pas à communiquer avec nous.<br />\n<br />\n{$subscriptionContactSignature}','Ce courriel avise un,une lecteur-trice inscrit-e que le,la directeur-trice de la revue lui a créé un abonnement. Il fournit l\'adresse URL de la revue ainsi que les instructions pour y accéder.'),
('SUBSCRIPTION_PURCHASE_INDL','en_US','Subscription Purchase: Individual','An individual subscription has been purchased online for {$contextName} with the following details.<br />\n<br />\nSubscription Type:<br />\n{$subscriptionType}<br />\n<br />\nUser:<br />\n{$userDetails}<br />\n<br />\nMembership Information (if provided):<br />\n{$membership}<br />\n<br />\nTo view or edit this subscription, please use the following URL.<br />\n<br />\nSubscription URL: {$subscriptionUrl}<br />\n','This email notifies the Subscription Manager that an individual subscription has been purchased online. It provides summary information about the subscription and a quick access link to the purchased subscription.'),
('SUBSCRIPTION_PURCHASE_INDL','fr_CA','Souscription à un abonnement individuel','Une souscription en ligne à un abonnement individuel pour la revue {$contextName} avec les renseignements suivants :<br />\n<br />\nType d\'abonnement :<br />\n{$subscriptionType}<br />\n<br />\nUtilisateur-trice :<br />\n{$userDetails}<br />\n<br />\nInformation d\'adhésion (si fournie) :<br />\n{$membership}<br />\n<br />\nPour afficher ou modifier cet abonnement, veuillez utiliser l\'URL suivante.<br />\n<br />\nURL d\'abonnement : {$subscriptionUrl}<br/>\n','Ce courriel informe le,la responsable des abonnements qu\'un abonnement individuel a été souscrit en ligne. Il fournit des renseignements sommaires sur l\'abonnement et le lien pour accéder à l\'abonnement souscrit.'),
('SUBSCRIPTION_PURCHASE_INSTL','en_US','Subscription Purchase: Institutional','An institutional subscription has been purchased online for {$contextName} with the following details. To activate this subscription, please use the provided Subscription URL and set the subscription status to \'Active\'.<br />\n<br />\nSubscription Type:<br />\n{$subscriptionType}<br />\n<br />\nInstitution:<br />\n{$institutionName}<br />\n{$institutionMailingAddress}<br />\n<br />\nDomain (if provided):<br />\n{$domain}<br />\n<br />\nIP Ranges (if provided):<br />\n{$ipRanges}<br />\n<br />\nContact Person:<br />\n{$userDetails}<br />\n<br />\nMembership Information (if provided):<br />\n{$membership}<br />\n<br />\nTo view or edit this subscription, please use the following URL.<br />\n<br />\nSubscription URL: {$subscriptionUrl}<br />\n','This email notifies the Subscription Manager that an institutional subscription has been purchased online. It provides summary information about the subscription and a quick access link to the purchased subscription.'),
('SUBSCRIPTION_PURCHASE_INSTL','fr_CA','Souscription à un abonnement institutionnel','Souscription en ligne à un abonnement institutionnel pour la revue {$contextName} avec les renseignements suivants. Pour activer cet abonnement, veuillez utiliser l\'URL d\'abonnement fourni et fixer le statut de l\'abonnement à « actif ».<br />\n<br />\nType d\'abonnement :<br />\n{$subscriptionType}<br />\n<br />\nÉtablissement :<br />\n{$institutionName}<br />\n{$institutionMailingAddress}<br />\n<br />\nDomaine (si fourni) :<br />\n{$domain}<br />\n<br />\nPlage d\'adresses IP (si fournie) :<br />\n{$ipRanges}<br />\n<br />\nPersonne-ressource :<br />\n{$userDetails}<br />\n<br />\nRenseignements d\'adhésion (si fournis) :<br />\n{$membership}<br />\n<br />\nPour afficher ou modifier cet abonnement, veuillez utiliser l\'URL suivant :<br />\n<br />\nURL de l\'abonnement : {$subscriptionUrl}<br />\n','Ce courriel informe le,la responsable des abonnements qu\'un abonnement institutionnel a été souscrit en ligne. Il fournit des renseignements sommaires sur l\'abonnement et le lien pour accéder à l\'abonnement souscrit.'),
('SUBSCRIPTION_RENEW_INDL','en_US','Subscription Renewal: Individual','An individual subscription has been renewed online for {$contextName} with the following details.<br />\n<br />\nSubscription Type:<br />\n{$subscriptionType}<br />\n<br />\nUser:<br />\n{$userDetails}<br />\n<br />\nMembership Information (if provided):<br />\n{$membership}<br />\n<br />\nTo view or edit this subscription, please use the following URL.<br />\n<br />\nSubscription URL: {$subscriptionUrl}<br />\n','This email notifies the Subscription Manager that an individual subscription has been renewed online. It provides summary information about the subscription and a quick access link to the renewed subscription.'),
('SUBSCRIPTION_RENEW_INDL','fr_CA','Renouvellement d\'abonnement individuel','Un abonnement individuel a été renouvelé en ligne pour la revue {$contextName} avec les renseignements suivants.<br />\n<br />\nType d\'abonnement :<br />\n{$subscriptionType}<br />\n<br />\nUtilisateur-trice :<br />\n{$userDetails}<br />\n<br />\nRenseignements d\'adhésion (si fournis) :<br />\n{$membership}<br />\n<br />\nPour afficher ou modifier cet abonnement, veuillez utiliser l\'URL suivant.<br />\n<br />\nURL de l\'abonnement : {$subscriptionUrl}<br />\n','Ce courriel informe le,la responsable des abonnements qu\'un abonnement individuel a été renouvelé en ligne. Il fournit des renseignements sommaires sur l\'abonnement et le lien pour accéder à l\'abonnement renouvelé.'),
('SUBSCRIPTION_RENEW_INSTL','en_US','Subscription Renewal: Institutional','An institutional subscription has been renewed online for {$contextName} with the following details.<br />\n<br />\nSubscription Type:<br />\n{$subscriptionType}<br />\n<br />\nInstitution:<br />\n{$institutionName}<br />\n{$institutionMailingAddress}<br />\n<br />\nDomain (if provided):<br />\n{$domain}<br />\n<br />\nIP Ranges (if provided):<br />\n{$ipRanges}<br />\n<br />\nContact Person:<br />\n{$userDetails}<br />\n<br />\nMembership Information (if provided):<br />\n{$membership}<br />\n<br />\nTo view or edit this subscription, please use the following URL.<br />\n<br />\nSubscription URL: {$subscriptionUrl}<br />\n','This email notifies the Subscription Manager that an institutional subscription has been renewed online. It provides summary information about the subscription and a quick access link to the renewed subscription.'),
('SUBSCRIPTION_RENEW_INSTL','fr_CA','Renouvellement d\'abonnement institutionnel','Un abonnement institutionnel a été renouvelé en ligne pour la revue {$contextName} avec les renseignements suivants.<br />\n<br />\nType d\'abonnement :<br />\n{$subscriptionType}<br />\n<br />\nÉtablissement :<br />\n{$institutionName}<br />\n{$institutionMailingAddress}<br />\n<br />\nDomaine (si fourni) :<br />\n{$domain}<br />\n<br />\nPlage d\'adresses IP (si fournie) :<br />\n{$ipRanges}<br />\n<br />\nPersonne-ressource :<br />\n{$userDetails}<br />\n<br />\nRenseignements d\'adhésion (si fournis) :<br />\n{$membership}<br />\n<br />\nPour afficher ou modifier cet abonnement, veuillez utiliser l\'URL suivant.<br />\n<br />\nURL de l\'abonnement : {$subscriptionUrl}<br />\n','Ce courriel informe le,la responsable des abonnements qu\'un abonnement institutionnel a été renouvelé en ligne. Il fournit des renseignements sommaires sur l\'abonnement et le lien pour accéder à l\'abonnement renouvelé.'),
('USER_REGISTER','en_US','Journal Registration','{$userFullName}<br />\n<br />\nYou have now been registered as a user with {$contextName}. We have included your username and password in this email, which are needed for all work with this journal through its website. At any point, you can ask to be removed from the journal\'s list of users by contacting me.<br />\n<br />\nUsername: {$username}<br />\nPassword: {$password}<br />\n<br />\nThank you,<br />\n{$principalContactSignature}','This email is sent to a newly registered user to welcome them to the system and provide them with a record of their username and password.'),
('USER_REGISTER','fr_CA','Inscription à la revue','{$userFullName},<br />\n<br />\nVous êtes désormais inscrit-e en tant qu\'utilisateur-trice pour la revue {$contextName}. Votre nom d\'utilisateur-trice et votre mot de passe figurent dans ce courriel, lesquels sont requis pour toute interaction avec la revue via son site Web. À n\'importe quel moment, vous pouvez demander à être retiré-e de la liste des utilisateurs-trices de la revue en nous contactant.<br />\n<br />\nNom d\'utilisateur-trice : {$username}<br />\nMot de passe : {$password}<br />\n<br />\nMerci,<br />\n{$principalContactSignature}','Ce courriel est envoyé à utilisateur-trice nouvellement inscrit-e pour lui souhaiter la bienvenue à la revue et l\'informer de son nom d\'utilisateur-trice et de son mot de passe.'),
('USER_VALIDATE','en_US','Validate Your Account','{$userFullName}<br />\n<br />\nYou have created an account with {$contextName}, but before you can start using it, you need to validate your email account. To do this, simply follow the link below:<br />\n<br />\n{$activateUrl}<br />\n<br />\nThank you,<br />\n{$principalContactSignature}','This email is sent to a newly registered user to validate their email account.'),
('USER_VALIDATE','fr_CA','Valider votre compte','{$userFullName},<br />\n<br />\nVous avez créé un compte pour la revue {$contextName}. Pour pouvoir commencer à l\'utiliser il nous faut d\'abord valider votre adresse de courriel. Pour ce faire, vous n\'avez qu\'à suivre le lien ci-dessous :<br />\n<br />\n{$activateUrl}<br />\n<br />\nMerci,<br />\n{$principalContactSignature}','Ce courriel est envoyé à un,une utilisateur-trice nouvellement inscrit-e pour valider son compte de courriel.');
/*!40000 ALTER TABLE `email_templates_default_data` ENABLE KEYS */;
UNLOCK TABLES;
commit;

--
-- Table structure for table `email_templates_settings`
--

DROP TABLE IF EXISTS `email_templates_settings`;
/*!40101 SET @saved_cs_client     = @@character_set_client */;
/*!40101 SET character_set_client = utf8mb4 */;
CREATE TABLE `email_templates_settings` (
  `email_id` bigint NOT NULL,
  `locale` varchar(14) NOT NULL DEFAULT '',
  `setting_name` varchar(255) NOT NULL,
  `setting_value` text,
  UNIQUE KEY `email_settings_pkey` (`email_id`,`locale`,`setting_name`),
  KEY `email_settings_email_id` (`email_id`)
) ENGINE=InnoDB DEFAULT CHARSET=utf8mb3;
/*!40101 SET character_set_client = @saved_cs_client */;

--
-- Dumping data for table `email_templates_settings`
--

LOCK TABLES `email_templates_settings` WRITE;
/*!40000 ALTER TABLE `email_templates_settings` DISABLE KEYS */;
set autocommit=0;
/*!40000 ALTER TABLE `email_templates_settings` ENABLE KEYS */;
UNLOCK TABLES;
commit;

--
-- Table structure for table `event_log`
--

DROP TABLE IF EXISTS `event_log`;
/*!40101 SET @saved_cs_client     = @@character_set_client */;
/*!40101 SET character_set_client = utf8mb4 */;
CREATE TABLE `event_log` (
  `log_id` bigint NOT NULL AUTO_INCREMENT,
  `assoc_type` bigint NOT NULL,
  `assoc_id` bigint NOT NULL,
  `user_id` bigint NOT NULL,
  `date_logged` datetime NOT NULL,
  `event_type` bigint DEFAULT NULL,
  `message` text,
  `is_translated` smallint DEFAULT NULL,
  PRIMARY KEY (`log_id`),
  KEY `event_log_assoc` (`assoc_type`,`assoc_id`)
) ENGINE=InnoDB AUTO_INCREMENT=730 DEFAULT CHARSET=utf8mb3;
/*!40101 SET character_set_client = @saved_cs_client */;

--
-- Dumping data for table `event_log`
--

LOCK TABLES `event_log` WRITE;
/*!40000 ALTER TABLE `event_log` DISABLE KEYS */;
set autocommit=0;
INSERT INTO `event_log` VALUES
(1,1048585,1,17,'2025-07-11 05:38:14',268435458,'submission.event.general.metadataUpdated',0),
(2,515,1,17,'2025-07-11 05:38:15',1342177281,'submission.event.fileUploaded',0),
(3,1048585,1,17,'2025-07-11 05:38:15',1342177288,'submission.event.fileRevised',0),
(4,515,1,17,'2025-07-11 05:38:15',1342177296,'submission.event.fileEdited',0),
(5,1048585,1,17,'2025-07-11 05:38:15',1342177296,'submission.event.fileEdited',0),
(6,1048585,1,17,'2025-07-11 05:38:16',268435458,'submission.event.general.metadataUpdated',0),
(7,1048585,1,17,'2025-07-11 05:38:17',268435457,'submission.event.submissionSubmitted',0),
(8,1048585,1,3,'2025-07-11 05:38:19',805306371,'log.editor.decision',0),
(9,1048585,1,3,'2025-07-11 05:38:24',1073741825,'log.review.reviewerAssigned',0),
(10,1048585,1,3,'2025-07-11 05:38:27',1073741825,'log.review.reviewerAssigned',0),
(11,1048585,1,3,'2025-07-11 05:38:30',1073741825,'log.review.reviewerAssigned',0),
(12,1048585,1,3,'2025-07-11 05:38:32',805306371,'log.editor.decision',0),
(13,1048585,1,3,'2025-07-11 05:38:35',268435459,'submission.event.participantAdded',0),
(14,1048585,1,3,'2025-07-11 05:38:37',805306371,'log.editor.decision',0),
(15,1048585,1,3,'2025-07-11 05:38:40',268435459,'submission.event.participantAdded',0),
(16,1048585,1,3,'2025-07-11 05:38:42',268435459,'submission.event.participantAdded',0),
(17,1048585,1,3,'2025-07-11 05:38:47',268435458,'submission.event.general.metadataUpdated',0),
(18,1048585,1,3,'2025-07-11 05:38:49',268435458,'submission.event.general.metadataUpdated',0),
(19,1048585,1,3,'2025-07-11 05:38:49',268435458,'submission.event.general.metadataUpdated',0),
(20,1048585,1,3,'2025-07-11 05:38:51',268435458,'submission.event.general.metadataUpdated',0),
(21,1048585,1,3,'2025-07-11 05:38:55',268435458,'submission.event.general.metadataUpdated',0),
(22,515,2,3,'2025-07-11 05:38:59',1342177281,'submission.event.fileUploaded',0),
(23,1048585,1,3,'2025-07-11 05:38:59',1342177288,'submission.event.fileRevised',0),
(24,515,2,3,'2025-07-11 05:38:59',1342177296,'submission.event.fileEdited',0),
(25,1048585,1,3,'2025-07-11 05:38:59',1342177296,'submission.event.fileEdited',0),
(26,1048585,1,3,'2025-07-11 05:39:05',268435459,'submission.event.participantAdded',0),
(27,1048585,1,17,'2025-07-11 05:39:09',268435458,'submission.event.general.metadataUpdated',0),
(28,1048585,1,3,'2025-07-11 05:39:12',268435458,'submission.event.general.metadataUpdated',0),
(29,1048585,1,3,'2025-07-11 05:39:13',268435462,'publication.event.published',0),
(30,1048585,1,3,'2025-07-11 05:39:18',268435463,'publication.event.unpublished',0),
(31,1048585,1,3,'2025-07-11 05:39:21',268435462,'publication.event.published',0),
(32,1048585,1,3,'2025-07-11 05:39:23',268435458,'submission.event.general.metadataUpdated',0),
(33,1048585,1,3,'2025-07-11 05:39:23',268435464,'publication.event.versionCreated',0),
(34,1048585,1,3,'2025-07-11 05:39:32',268435458,'submission.event.general.metadataUpdated',0),
(35,1048585,1,3,'2025-07-11 05:39:36',268435458,'submission.event.general.metadataUpdated',0),
(36,1048585,1,3,'2025-07-11 05:39:45',268435458,'submission.event.general.metadataUpdated',0),
(37,1048585,1,3,'2025-07-11 05:39:45',268435462,'publication.event.versionPublished',0),
(38,1048585,1,3,'2025-07-11 05:39:53',268435463,'publication.event.versionUnpublished',0),
(39,1048585,1,3,'2025-07-11 05:39:57',268435459,'submission.event.participantAdded',0),
(40,1048585,1,3,'2025-07-11 05:40:02',268435459,'submission.event.participantAdded',0),
(41,1048585,2,18,'2025-07-11 05:40:10',268435458,'submission.event.general.metadataUpdated',0),
(42,515,3,18,'2025-07-11 05:40:11',1342177281,'submission.event.fileUploaded',0),
(43,1048585,2,18,'2025-07-11 05:40:11',1342177288,'submission.event.fileRevised',0),
(44,515,3,18,'2025-07-11 05:40:11',1342177296,'submission.event.fileEdited',0),
(45,1048585,2,18,'2025-07-11 05:40:11',1342177296,'submission.event.fileEdited',0),
(46,1048585,2,18,'2025-07-11 05:40:12',268435458,'submission.event.general.metadataUpdated',0),
(47,1048585,2,18,'2025-07-11 05:40:13',268435457,'submission.event.submissionSubmitted',0),
(48,1048585,2,3,'2025-07-11 05:40:16',805306371,'log.editor.decision',0),
(49,1048585,2,3,'2025-07-11 05:40:19',268435459,'submission.event.participantAdded',0),
(50,1048585,2,3,'2025-07-11 05:40:23',268435458,'submission.event.general.metadataUpdated',0),
(51,1048585,2,6,'2025-07-11 05:40:27',805306372,'log.editor.recommendation',0),
(52,1048585,3,19,'2025-07-11 05:40:35',268435458,'submission.event.general.metadataUpdated',0),
(53,515,4,19,'2025-07-11 05:40:36',1342177281,'submission.event.fileUploaded',0),
(54,1048585,3,19,'2025-07-11 05:40:36',1342177288,'submission.event.fileRevised',0),
(55,515,4,19,'2025-07-11 05:40:36',1342177296,'submission.event.fileEdited',0),
(56,1048585,3,19,'2025-07-11 05:40:36',1342177296,'submission.event.fileEdited',0),
(57,1048585,3,19,'2025-07-11 05:40:38',268435458,'submission.event.general.metadataUpdated',0),
(58,1048585,3,19,'2025-07-11 05:40:39',268435457,'submission.event.submissionSubmitted',0),
(59,1048585,3,3,'2025-07-11 05:40:41',805306371,'log.editor.decision',0),
(60,515,5,3,'2025-07-11 05:40:41',1342177281,'submission.event.fileUploaded',0),
(61,1048585,3,3,'2025-07-11 05:40:41',1342177288,'submission.event.fileRevised',0),
(62,1048585,3,3,'2025-07-11 05:40:45',1073741825,'log.review.reviewerAssigned',0),
(63,1048585,3,3,'2025-07-11 05:40:49',1073741825,'log.review.reviewerAssigned',0),
(64,1048585,3,3,'2025-07-11 05:40:50',805306371,'log.editor.decision',0),
(65,1048585,3,3,'2025-07-11 05:40:53',268435459,'submission.event.participantAdded',0),
(66,1048585,4,20,'2025-07-11 05:41:00',268435458,'submission.event.general.metadataUpdated',0),
(67,515,6,20,'2025-07-11 05:41:01',1342177281,'submission.event.fileUploaded',0),
(68,1048585,4,20,'2025-07-11 05:41:01',1342177288,'submission.event.fileRevised',0),
(69,515,6,20,'2025-07-11 05:41:01',1342177296,'submission.event.fileEdited',0),
(70,1048585,4,20,'2025-07-11 05:41:01',1342177296,'submission.event.fileEdited',0),
(71,1048585,4,20,'2025-07-11 05:41:04',268435458,'submission.event.general.metadataUpdated',0),
(72,1048585,4,20,'2025-07-11 05:41:05',268435458,'submission.event.general.metadataUpdated',0),
(73,1048585,4,20,'2025-07-11 05:41:06',268435457,'submission.event.submissionSubmitted',0),
(74,1048585,5,21,'2025-07-11 05:41:11',268435458,'submission.event.general.metadataUpdated',0),
(75,515,7,21,'2025-07-11 05:41:12',1342177281,'submission.event.fileUploaded',0),
(76,1048585,5,21,'2025-07-11 05:41:12',1342177288,'submission.event.fileRevised',0),
(77,515,7,21,'2025-07-11 05:41:12',1342177296,'submission.event.fileEdited',0),
(78,1048585,5,21,'2025-07-11 05:41:12',1342177296,'submission.event.fileEdited',0),
(79,1048585,5,21,'2025-07-11 05:41:13',268435458,'submission.event.general.metadataUpdated',0),
(80,1048585,5,21,'2025-07-11 05:41:14',268435457,'submission.event.submissionSubmitted',0),
(81,1048585,5,3,'2025-07-11 05:41:17',805306371,'log.editor.decision',0),
(82,1048585,5,3,'2025-07-11 05:41:21',1073741825,'log.review.reviewerAssigned',0),
(83,1048585,5,3,'2025-07-11 05:41:24',1073741825,'log.review.reviewerAssigned',0),
(84,1048585,5,3,'2025-07-11 05:41:25',805306371,'log.editor.decision',0),
(85,1048585,5,3,'2025-07-11 05:41:28',268435459,'submission.event.participantAdded',0),
(86,1048585,5,3,'2025-07-11 05:41:30',805306371,'log.editor.decision',0),
(87,1048585,5,3,'2025-07-11 05:41:33',268435459,'submission.event.participantAdded',0),
(88,1048585,5,3,'2025-07-11 05:41:36',268435459,'submission.event.participantAdded',0),
(89,1048585,6,22,'2025-07-11 05:41:42',268435458,'submission.event.general.metadataUpdated',0),
(90,515,8,22,'2025-07-11 05:41:43',1342177281,'submission.event.fileUploaded',0),
(91,1048585,6,22,'2025-07-11 05:41:43',1342177288,'submission.event.fileRevised',0),
(92,515,8,22,'2025-07-11 05:41:43',1342177296,'submission.event.fileEdited',0),
(93,1048585,6,22,'2025-07-11 05:41:43',1342177296,'submission.event.fileEdited',0),
(94,1048585,6,22,'2025-07-11 05:41:45',268435458,'submission.event.general.metadataUpdated',0),
(95,1048585,6,22,'2025-07-11 05:41:46',268435457,'submission.event.submissionSubmitted',0),
(96,1048585,6,3,'2025-07-11 05:41:48',805306371,'log.editor.decision',0),
(97,1048585,6,3,'2025-07-11 05:41:52',1073741825,'log.review.reviewerAssigned',0),
(98,1048585,6,3,'2025-07-11 05:41:56',1073741825,'log.review.reviewerAssigned',0),
(99,1048585,6,3,'2025-07-11 05:41:57',805306371,'log.editor.decision',0),
(100,1048585,6,3,'2025-07-11 05:42:00',268435459,'submission.event.participantAdded',0),
(101,1048585,6,3,'2025-07-11 05:42:02',805306371,'log.editor.decision',0),
(102,1048585,6,3,'2025-07-11 05:42:05',268435459,'submission.event.participantAdded',0),
(103,1048585,7,23,'2025-07-11 05:42:11',268435458,'submission.event.general.metadataUpdated',0),
(104,515,9,23,'2025-07-11 05:42:12',1342177281,'submission.event.fileUploaded',0),
(105,1048585,7,23,'2025-07-11 05:42:12',1342177288,'submission.event.fileRevised',0),
(106,515,9,23,'2025-07-11 05:42:12',1342177296,'submission.event.fileEdited',0),
(107,1048585,7,23,'2025-07-11 05:42:12',1342177296,'submission.event.fileEdited',0),
(108,1048585,7,23,'2025-07-11 05:42:13',268435458,'submission.event.general.metadataUpdated',0),
(109,1048585,7,23,'2025-07-11 05:42:14',268435457,'submission.event.submissionSubmitted',0),
(110,1048585,7,3,'2025-07-11 05:42:17',805306371,'log.editor.decision',0),
(111,1048585,7,3,'2025-07-11 05:42:21',1073741825,'log.review.reviewerAssigned',0),
(112,1048585,7,3,'2025-07-11 05:42:24',1073741825,'log.review.reviewerAssigned',0),
(113,1048585,7,3,'2025-07-11 05:42:28',1073741825,'log.review.reviewerAssigned',0),
(114,1048585,7,8,'2025-07-11 05:42:30',1073741830,'log.review.reviewAccepted',0),
(115,1048585,7,8,'2025-07-11 05:42:34',1073741848,'log.review.reviewReady',0),
(116,1048585,8,24,'2025-07-11 05:42:40',268435458,'submission.event.general.metadataUpdated',0),
(117,515,10,24,'2025-07-11 05:42:40',1342177281,'submission.event.fileUploaded',0),
(118,1048585,8,24,'2025-07-11 05:42:40',1342177288,'submission.event.fileRevised',0),
(119,515,10,24,'2025-07-11 05:42:40',1342177296,'submission.event.fileEdited',0),
(120,1048585,8,24,'2025-07-11 05:42:40',1342177296,'submission.event.fileEdited',0),
(121,1048585,8,24,'2025-07-11 05:42:43',268435458,'submission.event.general.metadataUpdated',0),
(122,1048585,8,24,'2025-07-11 05:42:44',268435458,'submission.event.general.metadataUpdated',0),
(123,1048585,8,24,'2025-07-11 05:42:45',268435457,'submission.event.submissionSubmitted',0),
(124,1048585,9,25,'2025-07-11 05:42:51',268435458,'submission.event.general.metadataUpdated',0),
(125,515,11,25,'2025-07-11 05:42:51',1342177281,'submission.event.fileUploaded',0),
(126,1048585,9,25,'2025-07-11 05:42:51',1342177288,'submission.event.fileRevised',0),
(127,515,11,25,'2025-07-11 05:42:51',1342177296,'submission.event.fileEdited',0),
(128,1048585,9,25,'2025-07-11 05:42:51',1342177296,'submission.event.fileEdited',0),
(129,1048585,9,25,'2025-07-11 05:42:53',268435458,'submission.event.general.metadataUpdated',0),
(130,1048585,9,25,'2025-07-11 05:42:53',268435457,'submission.event.submissionSubmitted',0),
(131,1048585,9,3,'2025-07-11 05:42:56',805306371,'log.editor.decision',0),
(132,1048585,9,3,'2025-07-11 05:43:01',1073741825,'log.review.reviewerAssigned',0),
(133,1048585,9,3,'2025-07-11 05:43:04',1073741825,'log.review.reviewerAssigned',0),
(134,1048585,9,3,'2025-07-11 05:43:06',805306371,'log.editor.decision',0),
(135,1048585,9,3,'2025-07-11 05:43:08',268435459,'submission.event.participantAdded',0),
(136,1048585,9,3,'2025-07-11 05:43:10',805306371,'log.editor.decision',0),
(137,1048585,9,3,'2025-07-11 05:43:13',268435459,'submission.event.participantAdded',0),
(138,1048585,9,3,'2025-07-11 05:43:16',268435459,'submission.event.participantAdded',0),
(139,1048585,10,26,'2025-07-11 05:43:22',268435458,'submission.event.general.metadataUpdated',0),
(140,515,12,26,'2025-07-11 05:43:22',1342177281,'submission.event.fileUploaded',0),
(141,1048585,10,26,'2025-07-11 05:43:23',1342177288,'submission.event.fileRevised',0),
(142,515,12,26,'2025-07-11 05:43:23',1342177296,'submission.event.fileEdited',0),
(143,1048585,10,26,'2025-07-11 05:43:23',1342177296,'submission.event.fileEdited',0),
(144,1048585,10,26,'2025-07-11 05:43:24',268435458,'submission.event.general.metadataUpdated',0),
(145,1048585,10,26,'2025-07-11 05:43:25',268435457,'submission.event.submissionSubmitted',0),
(146,1048585,10,3,'2025-07-11 05:43:28',805306371,'log.editor.decision',0),
(147,515,13,3,'2025-07-11 05:43:28',1342177281,'submission.event.fileUploaded',0),
(148,1048585,10,3,'2025-07-11 05:43:28',1342177288,'submission.event.fileRevised',0),
(149,1048585,10,3,'2025-07-11 05:43:33',1073741825,'log.review.reviewerAssigned',0),
(150,1048585,10,3,'2025-07-11 05:43:36',1073741825,'log.review.reviewerAssigned',0),
(151,1048585,10,9,'2025-07-11 05:43:39',1073741830,'log.review.reviewAccepted',0),
(152,1048585,10,9,'2025-07-11 05:43:42',1073741848,'log.review.reviewReady',0),
(153,1048585,10,10,'2025-07-11 05:43:44',1073741830,'log.review.reviewAccepted',0),
(154,1048585,10,10,'2025-07-11 05:43:48',1073741848,'log.review.reviewReady',0),
(155,1048585,11,27,'2025-07-11 05:43:54',268435458,'submission.event.general.metadataUpdated',0),
(156,515,14,27,'2025-07-11 05:43:54',1342177281,'submission.event.fileUploaded',0),
(157,1048585,11,27,'2025-07-11 05:43:54',1342177288,'submission.event.fileRevised',0),
(158,515,14,27,'2025-07-11 05:43:54',1342177296,'submission.event.fileEdited',0),
(159,1048585,11,27,'2025-07-11 05:43:54',1342177296,'submission.event.fileEdited',0),
(160,1048585,11,27,'2025-07-11 05:43:57',268435458,'submission.event.general.metadataUpdated',0),
(161,1048585,11,27,'2025-07-11 05:43:58',268435458,'submission.event.general.metadataUpdated',0),
(162,1048585,11,27,'2025-07-11 05:43:59',268435457,'submission.event.submissionSubmitted',0),
(163,1048585,12,28,'2025-07-11 05:44:05',268435458,'submission.event.general.metadataUpdated',0),
(164,515,15,28,'2025-07-11 05:44:05',1342177281,'submission.event.fileUploaded',0),
(165,1048585,12,28,'2025-07-11 05:44:05',1342177288,'submission.event.fileRevised',0),
(166,515,15,28,'2025-07-11 05:44:06',1342177296,'submission.event.fileEdited',0),
(167,1048585,12,28,'2025-07-11 05:44:06',1342177296,'submission.event.fileEdited',0),
(168,1048585,12,28,'2025-07-11 05:44:07',268435458,'submission.event.general.metadataUpdated',0),
(169,1048585,12,28,'2025-07-11 05:44:08',268435457,'submission.event.submissionSubmitted',0),
(170,1048585,12,3,'2025-07-11 05:44:12',805306371,'log.editor.decision',0),
(171,1048585,12,3,'2025-07-11 05:44:16',1073741825,'log.review.reviewerAssigned',0),
(172,1048585,12,3,'2025-07-11 05:44:20',1073741825,'log.review.reviewerAssigned',0),
(173,1048585,13,29,'2025-07-11 05:44:26',268435458,'submission.event.general.metadataUpdated',0),
(174,515,16,29,'2025-07-11 05:44:26',1342177281,'submission.event.fileUploaded',0),
(175,1048585,13,29,'2025-07-11 05:44:26',1342177288,'submission.event.fileRevised',0),
(176,515,16,29,'2025-07-11 05:44:26',1342177296,'submission.event.fileEdited',0),
(177,1048585,13,29,'2025-07-11 05:44:26',1342177296,'submission.event.fileEdited',0),
(178,1048585,13,29,'2025-07-11 05:44:28',268435458,'submission.event.general.metadataUpdated',0),
(179,1048585,13,29,'2025-07-11 05:44:29',268435457,'submission.event.submissionSubmitted',0),
(180,1048585,13,3,'2025-07-11 05:44:33',805306371,'log.editor.decision',0),
(181,1048585,13,3,'2025-07-11 05:44:37',1073741825,'log.review.reviewerAssigned',0),
(182,1048585,13,3,'2025-07-11 05:44:40',1073741825,'log.review.reviewerAssigned',0),
(183,1048585,13,3,'2025-07-11 05:44:44',1073741825,'log.review.reviewerAssigned',0),
(184,1048585,13,7,'2025-07-11 05:44:47',1073741830,'log.review.reviewAccepted',0),
(185,1048585,13,7,'2025-07-11 05:44:50',1073741848,'log.review.reviewReady',0),
(186,1048585,13,9,'2025-07-11 05:44:52',1073741830,'log.review.reviewAccepted',0),
(187,1048585,13,9,'2025-07-11 05:44:56',1073741848,'log.review.reviewReady',0),
(188,1048585,13,10,'2025-07-11 05:44:59',1073741830,'log.review.reviewAccepted',0),
(189,1048585,13,10,'2025-07-11 05:45:02',1073741848,'log.review.reviewReady',0),
(190,1048585,13,3,'2025-07-11 05:45:08',805306371,'log.editor.decision',0),
(191,1048585,14,30,'2025-07-11 05:45:14',268435458,'submission.event.general.metadataUpdated',0),
(192,515,17,30,'2025-07-11 05:45:14',1342177281,'submission.event.fileUploaded',0),
(193,1048585,14,30,'2025-07-11 05:45:14',1342177288,'submission.event.fileRevised',0),
(194,515,17,30,'2025-07-11 05:45:14',1342177296,'submission.event.fileEdited',0),
(195,1048585,14,30,'2025-07-11 05:45:15',1342177296,'submission.event.fileEdited',0),
(196,1048585,14,30,'2025-07-11 05:45:16',268435458,'submission.event.general.metadataUpdated',0),
(197,1048585,14,30,'2025-07-11 05:45:17',268435457,'submission.event.submissionSubmitted',0),
(198,1048585,15,31,'2025-07-11 05:45:23',268435458,'submission.event.general.metadataUpdated',0),
(199,515,18,31,'2025-07-11 05:45:23',1342177281,'submission.event.fileUploaded',0),
(200,1048585,15,31,'2025-07-11 05:45:23',1342177288,'submission.event.fileRevised',0),
(201,515,18,31,'2025-07-11 05:45:24',1342177296,'submission.event.fileEdited',0),
(202,1048585,15,31,'2025-07-11 05:45:24',1342177296,'submission.event.fileEdited',0),
(203,1048585,15,31,'2025-07-11 05:45:25',268435458,'submission.event.general.metadataUpdated',0),
(204,1048585,15,31,'2025-07-11 05:45:26',268435457,'submission.event.submissionSubmitted',0),
(205,1048585,15,3,'2025-07-11 05:45:30',805306371,'log.editor.decision',0),
(206,515,19,3,'2025-07-11 05:45:30',1342177281,'submission.event.fileUploaded',0),
(207,1048585,15,3,'2025-07-11 05:45:30',1342177288,'submission.event.fileRevised',0),
(208,1048585,15,3,'2025-07-11 05:45:34',1073741825,'log.review.reviewerAssigned',0),
(209,1048585,15,3,'2025-07-11 05:45:38',1073741825,'log.review.reviewerAssigned',0),
(210,1048585,15,3,'2025-07-11 05:45:39',805306371,'log.editor.decision',0),
(211,1048585,15,3,'2025-07-11 05:45:42',268435459,'submission.event.participantAdded',0),
(212,1048585,15,3,'2025-07-11 05:45:44',805306371,'log.editor.decision',0),
(213,1048585,15,3,'2025-07-11 05:45:47',268435459,'submission.event.participantAdded',0),
(214,1048585,16,32,'2025-07-11 05:45:53',268435458,'submission.event.general.metadataUpdated',0),
(215,515,20,32,'2025-07-11 05:45:54',1342177281,'submission.event.fileUploaded',0),
(216,1048585,16,32,'2025-07-11 05:45:54',1342177288,'submission.event.fileRevised',0),
(217,515,20,32,'2025-07-11 05:45:54',1342177296,'submission.event.fileEdited',0),
(218,1048585,16,32,'2025-07-11 05:45:54',1342177296,'submission.event.fileEdited',0),
(219,1048585,16,32,'2025-07-11 05:45:55',268435458,'submission.event.general.metadataUpdated',0),
(220,1048585,16,32,'2025-07-11 05:45:56',268435457,'submission.event.submissionSubmitted',0),
(221,1048585,17,33,'2025-07-11 05:46:02',268435458,'submission.event.general.metadataUpdated',0),
(222,515,21,33,'2025-07-11 05:46:02',1342177281,'submission.event.fileUploaded',0),
(223,1048585,17,33,'2025-07-11 05:46:03',1342177288,'submission.event.fileRevised',0),
(224,515,21,33,'2025-07-11 05:46:03',1342177296,'submission.event.fileEdited',0),
(225,1048585,17,33,'2025-07-11 05:46:03',1342177296,'submission.event.fileEdited',0),
(226,1048585,17,33,'2025-07-11 05:46:04',268435458,'submission.event.general.metadataUpdated',0),
(227,1048585,17,33,'2025-07-11 05:46:05',268435457,'submission.event.submissionSubmitted',0),
(228,1048585,17,3,'2025-07-11 05:46:10',805306371,'log.editor.decision',0),
(229,515,22,3,'2025-07-11 05:46:10',1342177281,'submission.event.fileUploaded',0),
(230,1048585,17,3,'2025-07-11 05:46:10',1342177288,'submission.event.fileRevised',0),
(231,1048585,17,3,'2025-07-11 05:46:14',1073741825,'log.review.reviewerAssigned',0),
(232,1048585,17,3,'2025-07-11 05:46:17',1073741825,'log.review.reviewerAssigned',0),
(233,1048585,17,3,'2025-07-11 05:46:18',805306371,'log.editor.decision',0),
(234,1048585,17,3,'2025-07-11 05:46:21',268435459,'submission.event.participantAdded',0),
(235,1048585,17,3,'2025-07-11 05:46:23',805306371,'log.editor.decision',0),
(236,1048585,17,3,'2025-07-11 05:46:26',268435459,'submission.event.participantAdded',0),
(237,1048585,17,3,'2025-07-11 05:46:28',268435459,'submission.event.participantAdded',0),
(238,515,23,3,'2025-07-11 05:46:33',1342177281,'submission.event.fileUploaded',0),
(239,1048585,17,3,'2025-07-11 05:46:33',1342177288,'submission.event.fileRevised',0),
(240,515,23,3,'2025-07-11 05:46:33',1342177296,'submission.event.fileEdited',0),
(241,1048585,17,3,'2025-07-11 05:46:33',1342177296,'submission.event.fileEdited',0),
(242,1048585,17,3,'2025-07-11 05:46:38',268435458,'submission.event.general.metadataUpdated',0),
(243,1048585,17,3,'2025-07-11 05:46:39',268435462,'publication.event.scheduled',0),
(244,1048585,17,3,'2025-07-11 05:46:42',268435462,'publication.event.published',0),
(245,1048585,17,3,'2025-07-11 05:46:47',268435463,'publication.event.unpublished',0),
(246,1048585,17,3,'2025-07-11 05:46:47',268435462,'publication.event.scheduled',0),
(247,1048585,17,3,'2025-07-11 05:46:52',268435462,'publication.event.published',0),
(248,1048585,17,3,'2025-07-11 05:46:57',268435463,'publication.event.unpublished',0),
(249,1048585,17,3,'2025-07-11 05:46:57',268435458,'submission.event.general.metadataUpdated',0),
(250,1048585,17,3,'2025-07-11 05:47:05',268435458,'submission.event.general.metadataUpdated',0),
(251,1048585,17,3,'2025-07-11 05:47:06',268435462,'publication.event.published',0),
(252,1048585,18,34,'2025-07-11 05:47:15',268435458,'submission.event.general.metadataUpdated',0),
(253,515,24,34,'2025-07-11 05:47:15',1342177281,'submission.event.fileUploaded',0),
(254,1048585,18,34,'2025-07-11 05:47:15',1342177288,'submission.event.fileRevised',0),
(255,515,24,34,'2025-07-11 05:47:15',1342177296,'submission.event.fileEdited',0),
(256,1048585,18,34,'2025-07-11 05:47:15',1342177296,'submission.event.fileEdited',0),
(257,1048585,18,34,'2025-07-11 05:47:17',268435458,'submission.event.general.metadataUpdated',0),
(258,1048585,18,34,'2025-07-11 05:47:18',268435457,'submission.event.submissionSubmitted',0),
(259,1048585,18,3,'2025-07-11 05:47:22',805306371,'log.editor.decision',0),
(260,1048585,19,35,'2025-07-11 05:47:27',268435458,'submission.event.general.metadataUpdated',0),
(261,515,25,35,'2025-07-11 05:47:28',1342177281,'submission.event.fileUploaded',0),
(262,1048585,19,35,'2025-07-11 05:47:28',1342177288,'submission.event.fileRevised',0),
(263,515,25,35,'2025-07-11 05:47:28',1342177296,'submission.event.fileEdited',0),
(264,1048585,19,35,'2025-07-11 05:47:28',1342177296,'submission.event.fileEdited',0),
(265,1048585,19,35,'2025-07-11 05:47:29',268435458,'submission.event.general.metadataUpdated',0),
(266,1048585,19,35,'2025-07-11 05:47:30',268435457,'submission.event.submissionSubmitted',0),
(267,1048585,19,3,'2025-07-11 05:47:34',805306371,'log.editor.decision',0),
(268,515,26,3,'2025-07-11 05:47:34',1342177281,'submission.event.fileUploaded',0),
(269,1048585,19,3,'2025-07-11 05:47:34',1342177288,'submission.event.fileRevised',0),
(270,1048585,19,3,'2025-07-11 05:47:39',1073741825,'log.review.reviewerAssigned',0),
(271,1048585,19,3,'2025-07-11 05:47:42',1073741825,'log.review.reviewerAssigned',0),
(272,1048585,19,3,'2025-07-11 05:47:43',805306371,'log.editor.decision',0),
(273,1048585,19,3,'2025-07-11 05:47:46',268435459,'submission.event.participantAdded',0),
(274,1048585,20,1,'2025-07-14 09:50:53',268435458,'submission.event.general.metadataUpdated',0),
(275,515,27,1,'2025-07-14 09:51:00',1342177281,'submission.event.fileUploaded',0),
(276,1048585,20,1,'2025-07-14 09:51:00',1342177288,'submission.event.fileRevised',0),
(277,515,27,1,'2025-07-14 09:51:01',1342177296,'submission.event.fileEdited',0),
(278,1048585,20,1,'2025-07-14 09:51:01',1342177296,'submission.event.fileEdited',0),
(279,1048585,20,1,'2025-07-14 11:48:55',268435458,'submission.event.general.metadataUpdated',0),
(280,1048585,20,1,'2025-07-14 11:52:05',268435458,'submission.event.general.metadataUpdated',0),
(281,1048585,20,1,'2025-07-14 11:52:12',268435458,'submission.event.general.metadataUpdated',0),
(282,1048585,20,1,'2025-07-14 11:53:53',268435458,'submission.event.general.metadataUpdated',0),
(283,1048585,20,1,'2025-07-14 11:53:56',268435457,'submission.event.submissionSubmitted',0),
(284,1048585,20,1,'2025-07-14 11:56:24',268435459,'submission.event.participantAdded',0),
(285,1048585,20,1,'2025-07-14 11:56:29',805306371,'log.editor.decision',0),
(286,515,28,1,'2025-07-14 11:56:29',1342177281,'submission.event.fileUploaded',0),
(287,1048585,20,1,'2025-07-14 11:56:29',1342177288,'submission.event.fileRevised',0),
(288,515,29,1,'2025-07-14 11:56:45',1342177281,'submission.event.fileUploaded',0),
(289,1048585,20,1,'2025-07-14 11:56:45',1342177288,'submission.event.fileRevised',0),
(290,515,29,1,'2025-07-14 11:56:47',1342177296,'submission.event.fileEdited',0),
(291,1048585,20,1,'2025-07-14 11:56:47',1342177296,'submission.event.fileEdited',0),
(292,1048585,20,1,'2025-07-14 11:57:42',805306371,'log.editor.decision',0),
(293,1048585,20,1,'2025-07-14 11:57:47',268435458,'submission.event.general.metadataUpdated',0),
(294,1048585,20,1,'2025-07-14 11:57:48',268435462,'publication.event.published',0),
(295,1048585,21,1,'2025-07-14 12:00:58',268435458,'submission.event.general.metadataUpdated',0),
(296,515,30,1,'2025-07-14 12:01:04',1342177281,'submission.event.fileUploaded',0),
(297,1048585,21,1,'2025-07-14 12:01:04',1342177288,'submission.event.fileRevised',0),
(298,515,30,1,'2025-07-14 12:01:08',1342177296,'submission.event.fileEdited',0),
(299,1048585,21,1,'2025-07-14 12:01:08',1342177296,'submission.event.fileEdited',0),
(300,1048585,21,1,'2025-07-14 12:01:44',268435458,'submission.event.general.metadataUpdated',0),
(301,1048585,21,1,'2025-07-14 12:02:21',268435458,'submission.event.general.metadataUpdated',0),
(302,1048585,21,1,'2025-07-14 12:02:54',268435458,'submission.event.general.metadataUpdated',0),
(303,1048585,21,1,'2025-07-14 12:03:01',268435458,'submission.event.general.metadataUpdated',0),
(304,1048585,21,1,'2025-07-14 12:03:05',268435458,'submission.event.general.metadataUpdated',0),
(305,1048585,21,1,'2025-07-14 12:03:30',268435458,'submission.event.general.metadataUpdated',0),
(306,1048585,21,1,'2025-07-14 12:03:54',268435458,'submission.event.general.metadataUpdated',0),
(307,1048585,21,1,'2025-07-14 12:05:29',268435458,'submission.event.general.metadataUpdated',0),
(308,1048585,21,1,'2025-07-14 12:05:31',268435457,'submission.event.submissionSubmitted',0),
(309,1048585,22,1,'2025-07-14 12:05:49',268435458,'submission.event.general.metadataUpdated',0),
(310,515,31,1,'2025-07-14 12:05:55',1342177281,'submission.event.fileUploaded',0),
(311,1048585,22,1,'2025-07-14 12:05:55',1342177288,'submission.event.fileRevised',0),
(312,515,31,1,'2025-07-14 12:05:56',1342177296,'submission.event.fileEdited',0),
(313,1048585,22,1,'2025-07-14 12:05:56',1342177296,'submission.event.fileEdited',0),
(314,1048585,22,1,'2025-07-14 12:06:25',268435458,'submission.event.general.metadataUpdated',0),
(315,1048585,22,1,'2025-07-14 12:07:04',268435458,'submission.event.general.metadataUpdated',0),
(316,1048585,22,1,'2025-07-14 12:07:50',268435458,'submission.event.general.metadataUpdated',0),
(317,1048585,22,1,'2025-07-14 12:08:20',268435458,'submission.event.general.metadataUpdated',0),
(318,1048585,22,1,'2025-07-14 12:08:49',268435458,'submission.event.general.metadataUpdated',0),
(319,1048585,22,1,'2025-07-14 12:12:08',268435458,'submission.event.general.metadataUpdated',0),
(320,1048585,22,1,'2025-07-14 12:12:11',268435457,'submission.event.submissionSubmitted',0),
(321,1048585,23,1,'2025-07-14 12:12:24',268435458,'submission.event.general.metadataUpdated',0),
(322,515,32,1,'2025-07-14 12:12:28',1342177281,'submission.event.fileUploaded',0),
(323,1048585,23,1,'2025-07-14 12:12:28',1342177288,'submission.event.fileRevised',0),
(324,515,32,1,'2025-07-14 12:12:30',1342177296,'submission.event.fileEdited',0),
(325,1048585,23,1,'2025-07-14 12:12:30',1342177296,'submission.event.fileEdited',0),
(326,1048585,23,1,'2025-07-14 12:14:05',268435458,'submission.event.general.metadataUpdated',0),
(327,1048585,23,1,'2025-07-14 12:14:31',268435458,'submission.event.general.metadataUpdated',0),
(328,1048585,23,1,'2025-07-14 12:17:39',268435458,'submission.event.general.metadataUpdated',0),
(329,1048585,23,1,'2025-07-14 12:17:42',268435457,'submission.event.submissionSubmitted',0),
(330,1048585,24,1,'2025-07-14 12:17:53',268435458,'submission.event.general.metadataUpdated',0),
(331,515,33,1,'2025-07-14 12:17:57',1342177281,'submission.event.fileUploaded',0),
(332,1048585,24,1,'2025-07-14 12:17:57',1342177288,'submission.event.fileRevised',0),
(333,515,33,1,'2025-07-14 12:17:58',1342177296,'submission.event.fileEdited',0),
(334,1048585,24,1,'2025-07-14 12:17:58',1342177296,'submission.event.fileEdited',0),
(335,1048585,24,1,'2025-07-14 12:18:23',268435458,'submission.event.general.metadataUpdated',0),
(336,1048585,24,1,'2025-07-14 12:18:58',268435458,'submission.event.general.metadataUpdated',0),
(337,1048585,24,1,'2025-07-14 12:20:44',268435458,'submission.event.general.metadataUpdated',0),
(338,1048585,24,1,'2025-07-14 12:20:47',268435457,'submission.event.submissionSubmitted',0),
(339,1048585,25,1,'2025-07-14 12:21:05',268435458,'submission.event.general.metadataUpdated',0),
(340,515,34,1,'2025-07-14 12:21:09',1342177281,'submission.event.fileUploaded',0),
(341,1048585,25,1,'2025-07-14 12:21:09',1342177288,'submission.event.fileRevised',0),
(342,515,34,1,'2025-07-14 12:21:10',1342177296,'submission.event.fileEdited',0),
(343,1048585,25,1,'2025-07-14 12:21:10',1342177296,'submission.event.fileEdited',0),
(344,1048585,25,1,'2025-07-14 12:21:24',268435458,'submission.event.general.metadataUpdated',0),
(345,1048585,25,1,'2025-07-14 12:21:54',268435458,'submission.event.general.metadataUpdated',0),
(346,1048585,25,1,'2025-07-14 12:22:22',268435458,'submission.event.general.metadataUpdated',0),
(347,1048585,25,1,'2025-07-14 12:22:49',268435458,'submission.event.general.metadataUpdated',0),
(348,1048585,25,1,'2025-07-14 12:27:58',268435458,'submission.event.general.metadataUpdated',0),
(349,1048585,25,1,'2025-07-14 12:28:00',268435457,'submission.event.submissionSubmitted',0),
(350,1048585,26,1,'2025-07-14 12:28:12',268435458,'submission.event.general.metadataUpdated',0),
(351,515,35,1,'2025-07-14 12:28:17',1342177281,'submission.event.fileUploaded',0),
(352,1048585,26,1,'2025-07-14 12:28:17',1342177288,'submission.event.fileRevised',0),
(353,515,35,1,'2025-07-14 12:28:18',1342177296,'submission.event.fileEdited',0),
(354,1048585,26,1,'2025-07-14 12:28:18',1342177296,'submission.event.fileEdited',0),
(355,1048585,26,1,'2025-07-14 12:28:36',268435458,'submission.event.general.metadataUpdated',0),
(356,1048585,26,1,'2025-07-14 12:29:11',268435458,'submission.event.general.metadataUpdated',0),
(357,1048585,26,1,'2025-07-14 12:29:38',268435458,'submission.event.general.metadataUpdated',0),
(358,1048585,26,1,'2025-07-14 12:30:01',268435458,'submission.event.general.metadataUpdated',0),
(359,1048585,26,1,'2025-07-14 12:33:19',268435458,'submission.event.general.metadataUpdated',0),
(360,1048585,26,1,'2025-07-14 12:33:21',268435457,'submission.event.submissionSubmitted',0),
(361,1048585,27,1,'2025-07-14 12:33:36',268435458,'submission.event.general.metadataUpdated',0),
(362,515,36,1,'2025-07-14 12:33:41',1342177281,'submission.event.fileUploaded',0),
(363,1048585,27,1,'2025-07-14 12:33:41',1342177288,'submission.event.fileRevised',0),
(364,515,36,1,'2025-07-14 12:33:41',1342177296,'submission.event.fileEdited',0),
(365,1048585,27,1,'2025-07-14 12:33:41',1342177296,'submission.event.fileEdited',0),
(366,1048585,27,1,'2025-07-14 12:33:49',268435458,'submission.event.general.metadataUpdated',0),
(367,1048585,27,1,'2025-07-14 12:34:34',268435458,'submission.event.general.metadataUpdated',0),
(368,1048585,27,1,'2025-07-14 12:34:54',268435458,'submission.event.general.metadataUpdated',0),
(369,1048585,27,1,'2025-07-14 12:35:25',268435458,'submission.event.general.metadataUpdated',0),
(370,1048585,27,1,'2025-07-14 12:35:46',268435458,'submission.event.general.metadataUpdated',0),
(371,1048585,27,1,'2025-07-14 12:36:01',268435458,'submission.event.general.metadataUpdated',0),
(372,1048585,27,1,'2025-07-14 12:36:43',268435458,'submission.event.general.metadataUpdated',0),
(373,1048585,27,1,'2025-07-14 12:36:45',268435457,'submission.event.submissionSubmitted',0),
(374,1048585,28,1,'2025-07-14 12:36:57',268435458,'submission.event.general.metadataUpdated',0),
(375,515,37,1,'2025-07-14 12:37:01',1342177281,'submission.event.fileUploaded',0),
(376,1048585,28,1,'2025-07-14 12:37:01',1342177288,'submission.event.fileRevised',0),
(377,515,37,1,'2025-07-14 12:37:02',1342177296,'submission.event.fileEdited',0),
(378,1048585,28,1,'2025-07-14 12:37:02',1342177296,'submission.event.fileEdited',0),
(379,1048585,28,1,'2025-07-14 12:37:09',268435458,'submission.event.general.metadataUpdated',0),
(380,1048585,28,1,'2025-07-14 12:38:08',268435458,'submission.event.general.metadataUpdated',0),
(381,1048585,28,1,'2025-07-14 12:38:25',268435458,'submission.event.general.metadataUpdated',0),
(382,1048585,28,1,'2025-07-14 12:38:43',268435458,'submission.event.general.metadataUpdated',0),
(383,1048585,28,1,'2025-07-14 12:39:02',268435458,'submission.event.general.metadataUpdated',0),
(384,1048585,28,1,'2025-07-14 12:41:07',268435458,'submission.event.general.metadataUpdated',0),
(385,1048585,28,1,'2025-07-14 12:41:09',268435457,'submission.event.submissionSubmitted',0),
(386,1048585,29,1,'2025-07-14 12:42:53',268435458,'submission.event.general.metadataUpdated',0),
(387,515,38,1,'2025-07-14 12:42:57',1342177281,'submission.event.fileUploaded',0),
(388,1048585,29,1,'2025-07-14 12:42:57',1342177288,'submission.event.fileRevised',0),
(389,515,38,1,'2025-07-14 12:42:58',1342177296,'submission.event.fileEdited',0),
(390,1048585,29,1,'2025-07-14 12:42:58',1342177296,'submission.event.fileEdited',0),
(391,1048585,29,1,'2025-07-14 12:43:08',268435458,'submission.event.general.metadataUpdated',0),
(392,1048585,29,1,'2025-07-14 12:43:55',268435458,'submission.event.general.metadataUpdated',0),
(393,1048585,29,1,'2025-07-14 12:44:18',268435458,'submission.event.general.metadataUpdated',0),
(394,1048585,29,1,'2025-07-14 12:44:47',268435458,'submission.event.general.metadataUpdated',0),
(395,1048585,29,1,'2025-07-14 12:45:10',268435458,'submission.event.general.metadataUpdated',0),
(396,1048585,29,1,'2025-07-14 12:45:47',268435458,'submission.event.general.metadataUpdated',0),
(397,1048585,29,1,'2025-07-14 12:46:09',268435458,'submission.event.general.metadataUpdated',0),
(398,1048585,29,1,'2025-07-14 12:47:02',268435458,'submission.event.general.metadataUpdated',0),
(399,1048585,29,1,'2025-07-14 12:47:04',268435457,'submission.event.submissionSubmitted',0),
(400,1048585,30,1,'2025-07-14 12:47:12',268435458,'submission.event.general.metadataUpdated',0),
(401,515,39,1,'2025-07-14 12:47:20',1342177281,'submission.event.fileUploaded',0),
(402,1048585,30,1,'2025-07-14 12:47:20',1342177288,'submission.event.fileRevised',0),
(403,515,39,1,'2025-07-14 12:47:21',1342177296,'submission.event.fileEdited',0),
(404,1048585,30,1,'2025-07-14 12:47:21',1342177296,'submission.event.fileEdited',0),
(405,1048585,30,1,'2025-07-14 12:47:31',268435458,'submission.event.general.metadataUpdated',0),
(406,1048585,30,1,'2025-07-14 12:48:37',268435458,'submission.event.general.metadataUpdated',0),
(407,1048585,30,1,'2025-07-14 12:49:06',268435458,'submission.event.general.metadataUpdated',0),
(408,1048585,30,1,'2025-07-14 12:49:45',268435458,'submission.event.general.metadataUpdated',0),
(409,1048585,30,1,'2025-07-14 12:50:19',268435458,'submission.event.general.metadataUpdated',0),
(410,1048585,30,1,'2025-07-14 12:50:32',268435458,'submission.event.general.metadataUpdated',0),
(411,1048585,30,1,'2025-07-14 12:50:44',268435458,'submission.event.general.metadataUpdated',0),
(412,1048585,30,1,'2025-07-14 12:51:17',268435458,'submission.event.general.metadataUpdated',0),
(413,1048585,30,1,'2025-07-14 12:52:01',268435458,'submission.event.general.metadataUpdated',0),
(414,1048585,30,1,'2025-07-14 12:52:17',268435458,'submission.event.general.metadataUpdated',0),
(415,1048585,30,1,'2025-07-14 12:52:26',268435458,'submission.event.general.metadataUpdated',0),
(416,1048585,30,1,'2025-07-14 12:52:35',268435458,'submission.event.general.metadataUpdated',0),
(417,1048585,30,1,'2025-07-14 12:52:46',268435458,'submission.event.general.metadataUpdated',0),
(418,1048585,30,1,'2025-07-14 12:53:48',268435458,'submission.event.general.metadataUpdated',0),
(419,1048585,30,1,'2025-07-14 12:53:51',268435457,'submission.event.submissionSubmitted',0),
(420,1048585,31,1,'2025-07-14 12:54:02',268435458,'submission.event.general.metadataUpdated',0),
(421,515,40,1,'2025-07-14 12:54:07',1342177281,'submission.event.fileUploaded',0),
(422,1048585,31,1,'2025-07-14 12:54:07',1342177288,'submission.event.fileRevised',0),
(423,515,40,1,'2025-07-14 12:54:07',1342177296,'submission.event.fileEdited',0),
(424,1048585,31,1,'2025-07-14 12:54:07',1342177296,'submission.event.fileEdited',0),
(425,1048585,31,1,'2025-07-14 12:54:16',268435458,'submission.event.general.metadataUpdated',0),
(426,1048585,31,1,'2025-07-14 12:58:13',268435458,'submission.event.general.metadataUpdated',0),
(427,1048585,31,1,'2025-07-14 12:58:41',268435458,'submission.event.general.metadataUpdated',0),
(428,1048585,31,1,'2025-07-14 12:59:18',268435458,'submission.event.general.metadataUpdated',0),
(429,1048585,31,1,'2025-07-14 12:59:41',268435458,'submission.event.general.metadataUpdated',0),
(430,1048585,31,1,'2025-07-14 13:00:21',268435458,'submission.event.general.metadataUpdated',0),
(431,1048585,31,1,'2025-07-14 13:00:27',268435458,'submission.event.general.metadataUpdated',0),
(432,1048585,31,1,'2025-07-14 13:00:46',268435458,'submission.event.general.metadataUpdated',0),
(433,1048585,31,1,'2025-07-14 13:01:33',268435458,'submission.event.general.metadataUpdated',0),
(434,1048585,31,1,'2025-07-14 13:01:41',268435458,'submission.event.general.metadataUpdated',0),
(435,1048585,31,1,'2025-07-14 13:02:25',268435458,'submission.event.general.metadataUpdated',0),
(436,1048585,31,1,'2025-07-14 13:03:28',268435458,'submission.event.general.metadataUpdated',0),
(437,1048585,31,1,'2025-07-14 13:03:30',268435457,'submission.event.submissionSubmitted',0),
(438,1048585,21,1,'2025-07-14 13:05:12',805306371,'log.editor.decision',0),
(439,515,41,1,'2025-07-14 13:05:12',1342177281,'submission.event.fileUploaded',0),
(440,1048585,21,1,'2025-07-14 13:05:12',1342177288,'submission.event.fileRevised',0),
(441,1048585,21,1,'2025-07-14 13:05:21',805306371,'log.editor.decision',0),
(442,515,42,1,'2025-07-14 13:05:35',1342177281,'submission.event.fileUploaded',0),
(443,1048585,21,1,'2025-07-14 13:05:35',1342177288,'submission.event.fileRevised',0),
(444,515,42,1,'2025-07-14 13:05:37',1342177296,'submission.event.fileEdited',0),
(445,1048585,21,1,'2025-07-14 13:05:37',1342177296,'submission.event.fileEdited',0),
(446,1048585,21,1,'2025-07-14 13:05:43',268435458,'submission.event.general.metadataUpdated',0),
(447,1048585,21,1,'2025-07-14 13:05:44',268435462,'publication.event.published',0),
(448,1048585,22,1,'2025-07-14 13:06:49',805306371,'log.editor.decision',0),
(449,515,43,1,'2025-07-14 13:06:49',1342177281,'submission.event.fileUploaded',0),
(450,1048585,22,1,'2025-07-14 13:06:49',1342177288,'submission.event.fileRevised',0),
(451,1048585,22,1,'2025-07-14 13:06:55',805306371,'log.editor.decision',0),
(452,515,44,1,'2025-07-14 13:07:08',1342177281,'submission.event.fileUploaded',0),
(453,1048585,22,1,'2025-07-14 13:07:08',1342177288,'submission.event.fileRevised',0),
(454,515,44,1,'2025-07-14 13:07:10',1342177296,'submission.event.fileEdited',0),
(455,1048585,22,1,'2025-07-14 13:07:10',1342177296,'submission.event.fileEdited',0),
(456,1048585,22,1,'2025-07-14 13:07:15',268435458,'submission.event.general.metadataUpdated',0),
(457,1048585,22,1,'2025-07-14 13:07:16',268435462,'publication.event.published',0),
(458,1048585,23,1,'2025-07-14 13:07:24',805306371,'log.editor.decision',0),
(459,515,45,1,'2025-07-14 13:07:24',1342177281,'submission.event.fileUploaded',0),
(460,1048585,23,1,'2025-07-14 13:07:24',1342177288,'submission.event.fileRevised',0),
(461,515,46,1,'2025-07-14 13:07:39',1342177281,'submission.event.fileUploaded',0),
(462,1048585,23,1,'2025-07-14 13:07:39',1342177288,'submission.event.fileRevised',0),
(463,515,46,1,'2025-07-14 13:07:40',1342177296,'submission.event.fileEdited',0),
(464,1048585,23,1,'2025-07-14 13:07:40',1342177296,'submission.event.fileEdited',0),
(465,1048585,23,1,'2025-07-14 13:07:45',268435458,'submission.event.general.metadataUpdated',0),
(466,1048585,23,1,'2025-07-14 13:07:46',268435462,'publication.event.published',0),
(467,1048585,24,1,'2025-07-14 13:07:54',805306371,'log.editor.decision',0),
(468,515,47,1,'2025-07-14 13:07:54',1342177281,'submission.event.fileUploaded',0),
(469,1048585,24,1,'2025-07-14 13:07:54',1342177288,'submission.event.fileRevised',0),
(470,515,48,1,'2025-07-14 13:08:07',1342177281,'submission.event.fileUploaded',0),
(471,1048585,24,1,'2025-07-14 13:08:07',1342177288,'submission.event.fileRevised',0),
(472,515,48,1,'2025-07-14 13:08:09',1342177296,'submission.event.fileEdited',0),
(473,1048585,24,1,'2025-07-14 13:08:09',1342177296,'submission.event.fileEdited',0),
(474,1048585,24,1,'2025-07-14 13:08:14',268435458,'submission.event.general.metadataUpdated',0),
(475,1048585,24,1,'2025-07-14 13:08:15',268435462,'publication.event.published',0),
(476,1048585,25,1,'2025-07-14 13:08:25',805306371,'log.editor.decision',0),
(477,515,49,1,'2025-07-14 13:08:25',1342177281,'submission.event.fileUploaded',0),
(478,1048585,25,1,'2025-07-14 13:08:25',1342177288,'submission.event.fileRevised',0),
(479,515,50,1,'2025-07-14 13:08:40',1342177281,'submission.event.fileUploaded',0),
(480,1048585,25,1,'2025-07-14 13:08:40',1342177288,'submission.event.fileRevised',0),
(481,515,50,1,'2025-07-14 13:08:41',1342177296,'submission.event.fileEdited',0),
(482,1048585,25,1,'2025-07-14 13:08:41',1342177296,'submission.event.fileEdited',0),
(483,1048585,25,1,'2025-07-14 13:08:47',268435458,'submission.event.general.metadataUpdated',0),
(484,1048585,25,1,'2025-07-14 13:08:48',268435462,'publication.event.published',0),
(485,1048585,26,1,'2025-07-14 13:08:57',805306371,'log.editor.decision',0),
(486,515,51,1,'2025-07-14 13:08:57',1342177281,'submission.event.fileUploaded',0),
(487,1048585,26,1,'2025-07-14 13:08:57',1342177288,'submission.event.fileRevised',0),
(488,515,52,1,'2025-07-14 13:09:12',1342177281,'submission.event.fileUploaded',0),
(489,1048585,26,1,'2025-07-14 13:09:12',1342177288,'submission.event.fileRevised',0),
(490,515,52,1,'2025-07-14 13:09:14',1342177296,'submission.event.fileEdited',0),
(491,1048585,26,1,'2025-07-14 13:09:14',1342177296,'submission.event.fileEdited',0),
(492,1048585,26,1,'2025-07-14 13:09:25',268435458,'submission.event.general.metadataUpdated',0),
(493,1048585,26,1,'2025-07-14 13:09:26',268435462,'publication.event.published',0),
(494,1048585,27,1,'2025-07-14 13:10:15',805306371,'log.editor.decision',0),
(495,515,53,1,'2025-07-14 13:10:16',1342177281,'submission.event.fileUploaded',0),
(496,1048585,27,1,'2025-07-14 13:10:16',1342177288,'submission.event.fileRevised',0),
(497,515,54,1,'2025-07-14 13:10:29',1342177281,'submission.event.fileUploaded',0),
(498,1048585,27,1,'2025-07-14 13:10:29',1342177288,'submission.event.fileRevised',0),
(499,515,54,1,'2025-07-14 13:10:30',1342177296,'submission.event.fileEdited',0),
(500,1048585,27,1,'2025-07-14 13:10:30',1342177296,'submission.event.fileEdited',0),
(501,1048585,27,1,'2025-07-14 13:10:36',268435458,'submission.event.general.metadataUpdated',0),
(502,1048585,27,1,'2025-07-14 13:10:37',268435462,'publication.event.published',0),
(503,1048585,28,1,'2025-07-14 13:11:01',805306371,'log.editor.decision',0),
(504,515,55,1,'2025-07-14 13:11:01',1342177281,'submission.event.fileUploaded',0),
(505,1048585,28,1,'2025-07-14 13:11:01',1342177288,'submission.event.fileRevised',0),
(506,515,56,1,'2025-07-14 13:11:29',1342177281,'submission.event.fileUploaded',0),
(507,1048585,28,1,'2025-07-14 13:11:29',1342177288,'submission.event.fileRevised',0),
(508,515,56,1,'2025-07-14 13:11:31',1342177296,'submission.event.fileEdited',0),
(509,1048585,28,1,'2025-07-14 13:11:31',1342177296,'submission.event.fileEdited',0),
(510,1048585,28,1,'2025-07-14 13:11:35',268435458,'submission.event.general.metadataUpdated',0),
(511,1048585,28,1,'2025-07-14 13:11:36',268435462,'publication.event.published',0),
(512,1048585,29,1,'2025-07-14 13:11:44',805306371,'log.editor.decision',0),
(513,515,57,1,'2025-07-14 13:11:44',1342177281,'submission.event.fileUploaded',0),
(514,1048585,29,1,'2025-07-14 13:11:44',1342177288,'submission.event.fileRevised',0),
(515,515,58,1,'2025-07-14 13:11:59',1342177281,'submission.event.fileUploaded',0),
(516,1048585,29,1,'2025-07-14 13:11:59',1342177288,'submission.event.fileRevised',0),
(517,515,58,1,'2025-07-14 13:12:00',1342177296,'submission.event.fileEdited',0),
(518,1048585,29,1,'2025-07-14 13:12:00',1342177296,'submission.event.fileEdited',0),
(519,1048585,29,1,'2025-07-14 13:12:10',268435458,'submission.event.general.metadataUpdated',0),
(520,1048585,29,1,'2025-07-14 13:12:11',268435462,'publication.event.published',0),
(521,1048585,31,1,'2025-07-14 13:12:19',805306371,'log.editor.decision',0),
(522,515,59,1,'2025-07-14 13:12:19',1342177281,'submission.event.fileUploaded',0),
(523,1048585,31,1,'2025-07-14 13:12:19',1342177288,'submission.event.fileRevised',0),
(524,515,60,1,'2025-07-14 13:12:34',1342177281,'submission.event.fileUploaded',0),
(525,1048585,31,1,'2025-07-14 13:12:34',1342177288,'submission.event.fileRevised',0),
(526,515,60,1,'2025-07-14 13:12:35',1342177296,'submission.event.fileEdited',0),
(527,1048585,31,1,'2025-07-14 13:12:35',1342177296,'submission.event.fileEdited',0),
(528,1048585,31,1,'2025-07-14 13:12:41',268435458,'submission.event.general.metadataUpdated',0),
(529,1048585,31,1,'2025-07-14 13:12:42',268435462,'publication.event.published',0),
(530,1048585,30,1,'2025-07-14 13:12:49',805306371,'log.editor.decision',0),
(531,515,61,1,'2025-07-14 13:12:49',1342177281,'submission.event.fileUploaded',0),
(532,1048585,30,1,'2025-07-14 13:12:49',1342177288,'submission.event.fileRevised',0),
(533,515,62,1,'2025-07-14 13:13:03',1342177281,'submission.event.fileUploaded',0),
(534,1048585,30,1,'2025-07-14 13:13:03',1342177288,'submission.event.fileRevised',0),
(535,515,62,1,'2025-07-14 13:13:05',1342177296,'submission.event.fileEdited',0),
(536,1048585,30,1,'2025-07-14 13:13:05',1342177296,'submission.event.fileEdited',0),
(537,1048585,30,1,'2025-07-14 13:13:10',268435458,'submission.event.general.metadataUpdated',0),
(538,1048585,30,1,'2025-07-14 13:13:11',268435462,'publication.event.published',0),
(539,1048585,32,1,'2025-07-14 13:15:32',268435458,'submission.event.general.metadataUpdated',0),
(540,515,63,1,'2025-07-14 13:15:38',1342177281,'submission.event.fileUploaded',0),
(541,1048585,32,1,'2025-07-14 13:15:38',1342177288,'submission.event.fileRevised',0),
(542,515,63,1,'2025-07-14 13:15:39',1342177296,'submission.event.fileEdited',0),
(543,1048585,32,1,'2025-07-14 13:15:39',1342177296,'submission.event.fileEdited',0),
(544,1048585,32,1,'2025-07-14 13:15:48',268435458,'submission.event.general.metadataUpdated',0),
(545,1048585,32,1,'2025-07-14 13:16:35',268435458,'submission.event.general.metadataUpdated',0),
(546,1048585,32,1,'2025-07-14 13:17:01',268435458,'submission.event.general.metadataUpdated',0),
(547,1048585,32,1,'2025-07-14 13:17:20',268435458,'submission.event.general.metadataUpdated',0),
(548,1048585,32,1,'2025-07-14 13:17:37',268435458,'submission.event.general.metadataUpdated',0),
(549,1048585,32,1,'2025-07-14 13:17:53',268435458,'submission.event.general.metadataUpdated',0),
(550,1048585,32,1,'2025-07-14 13:18:12',268435458,'submission.event.general.metadataUpdated',0),
(551,1048585,32,1,'2025-07-14 13:18:28',268435458,'submission.event.general.metadataUpdated',0),
(552,1048585,32,1,'2025-07-14 13:19:51',268435458,'submission.event.general.metadataUpdated',0),
(553,1048585,32,1,'2025-07-14 13:19:54',268435457,'submission.event.submissionSubmitted',0),
(554,1048585,33,1,'2025-07-14 13:20:09',268435458,'submission.event.general.metadataUpdated',0),
(555,515,64,1,'2025-07-14 13:20:14',1342177281,'submission.event.fileUploaded',0),
(556,1048585,33,1,'2025-07-14 13:20:14',1342177288,'submission.event.fileRevised',0),
(557,515,64,1,'2025-07-14 13:20:15',1342177296,'submission.event.fileEdited',0),
(558,1048585,33,1,'2025-07-14 13:20:15',1342177296,'submission.event.fileEdited',0),
(559,1048585,33,1,'2025-07-14 13:20:33',268435458,'submission.event.general.metadataUpdated',0),
(560,1048585,33,1,'2025-07-14 13:20:47',268435458,'submission.event.general.metadataUpdated',0),
(561,1048585,33,1,'2025-07-14 13:21:46',268435458,'submission.event.general.metadataUpdated',0),
(562,1048585,33,1,'2025-07-14 13:21:49',268435457,'submission.event.submissionSubmitted',0),
(563,1048585,34,1,'2025-07-14 13:24:39',268435458,'submission.event.general.metadataUpdated',0),
(564,515,65,1,'2025-07-14 13:24:43',1342177281,'submission.event.fileUploaded',0),
(565,1048585,34,1,'2025-07-14 13:24:43',1342177288,'submission.event.fileRevised',0),
(566,515,65,1,'2025-07-14 13:24:44',1342177296,'submission.event.fileEdited',0),
(567,1048585,34,1,'2025-07-14 13:24:44',1342177296,'submission.event.fileEdited',0),
(568,1048585,34,1,'2025-07-14 13:25:13',268435458,'submission.event.general.metadataUpdated',0),
(569,1048585,34,1,'2025-07-14 13:26:41',268435458,'submission.event.general.metadataUpdated',0),
(570,1048585,34,1,'2025-07-14 13:27:00',268435458,'submission.event.general.metadataUpdated',0),
(571,1048585,34,1,'2025-07-14 13:27:18',268435458,'submission.event.general.metadataUpdated',0),
(572,1048585,34,1,'2025-07-14 13:27:38',268435458,'submission.event.general.metadataUpdated',0),
(573,1048585,34,1,'2025-07-14 13:31:12',268435458,'submission.event.general.metadataUpdated',0),
(574,1048585,34,1,'2025-07-14 13:31:15',268435457,'submission.event.submissionSubmitted',0),
(576,515,66,1,'2025-07-14 13:31:27',1342177281,'submission.event.fileUploaded',0),
(578,515,66,1,'2025-07-14 13:31:28',1342177296,'submission.event.fileEdited',0),
(587,515,67,1,'2025-07-14 13:46:55',1342177281,'submission.event.fileUploaded',0),
(589,515,67,1,'2025-07-14 13:46:56',1342177296,'submission.event.fileEdited',0),
(594,515,67,1,'2025-07-14 13:48:11',1342177282,'submission.event.fileDeleted',0),
(596,515,66,1,'2025-07-14 13:48:14',1342177282,'submission.event.fileDeleted',0),
(599,515,68,1,'2025-07-14 13:48:26',1342177281,'submission.event.fileUploaded',0),
(601,515,68,1,'2025-07-14 13:48:27',1342177296,'submission.event.fileEdited',0),
(606,515,68,1,'2025-07-14 13:54:13',1342177282,'submission.event.fileDeleted',0),
(609,515,69,1,'2025-07-14 13:54:26',1342177281,'submission.event.fileUploaded',0),
(611,515,69,1,'2025-07-14 13:54:27',1342177296,'submission.event.fileEdited',0),
(616,515,69,1,'2025-07-14 13:55:35',1342177282,'submission.event.fileDeleted',0),
(618,1048585,39,1,'2025-07-14 13:56:21',268435458,'submission.event.general.metadataUpdated',0),
(619,515,70,1,'2025-07-14 13:56:26',1342177281,'submission.event.fileUploaded',0),
(620,1048585,39,1,'2025-07-14 13:56:26',1342177288,'submission.event.fileRevised',0),
(621,515,70,1,'2025-07-14 13:56:26',1342177296,'submission.event.fileEdited',0),
(622,1048585,39,1,'2025-07-14 13:56:26',1342177296,'submission.event.fileEdited',0),
(623,1048585,39,1,'2025-07-14 13:57:54',268435458,'submission.event.general.metadataUpdated',0),
(624,1048585,39,1,'2025-07-14 13:58:23',268435458,'submission.event.general.metadataUpdated',0),
(625,1048585,39,1,'2025-07-14 13:58:48',268435458,'submission.event.general.metadataUpdated',0),
(626,1048585,39,1,'2025-07-14 13:59:29',268435458,'submission.event.general.metadataUpdated',0),
(627,1048585,39,1,'2025-07-14 13:59:31',268435457,'submission.event.submissionSubmitted',0),
(628,1048585,40,1,'2025-07-14 13:59:48',268435458,'submission.event.general.metadataUpdated',0),
(629,515,71,1,'2025-07-14 13:59:52',1342177281,'submission.event.fileUploaded',0),
(630,1048585,40,1,'2025-07-14 13:59:52',1342177288,'submission.event.fileRevised',0),
(631,515,71,1,'2025-07-14 13:59:53',1342177296,'submission.event.fileEdited',0),
(632,1048585,40,1,'2025-07-14 13:59:53',1342177296,'submission.event.fileEdited',0),
(633,1048585,40,1,'2025-07-14 14:00:02',268435458,'submission.event.general.metadataUpdated',0),
(634,1048585,40,1,'2025-07-14 14:02:31',268435458,'submission.event.general.metadataUpdated',0),
(635,1048585,40,1,'2025-07-14 14:03:08',268435458,'submission.event.general.metadataUpdated',0),
(636,1048585,40,1,'2025-07-14 14:03:38',268435458,'submission.event.general.metadataUpdated',0),
(637,1048585,40,1,'2025-07-14 14:07:59',268435458,'submission.event.general.metadataUpdated',0),
(638,1048585,40,1,'2025-07-14 14:08:01',268435457,'submission.event.submissionSubmitted',0),
(639,1048585,41,1,'2025-07-14 14:09:20',268435458,'submission.event.general.metadataUpdated',0),
(640,515,72,1,'2025-07-14 14:09:24',1342177281,'submission.event.fileUploaded',0),
(641,1048585,41,1,'2025-07-14 14:09:24',1342177288,'submission.event.fileRevised',0),
(642,515,72,1,'2025-07-14 14:09:25',1342177296,'submission.event.fileEdited',0),
(643,1048585,41,1,'2025-07-14 14:09:25',1342177296,'submission.event.fileEdited',0),
(644,1048585,41,1,'2025-07-14 14:09:35',268435458,'submission.event.general.metadataUpdated',0),
(645,1048585,41,1,'2025-07-14 14:10:19',268435458,'submission.event.general.metadataUpdated',0),
(646,1048585,41,1,'2025-07-14 14:10:43',268435458,'submission.event.general.metadataUpdated',0),
(647,1048585,41,1,'2025-07-14 14:11:03',268435458,'submission.event.general.metadataUpdated',0),
(648,1048585,41,1,'2025-07-14 14:11:28',268435458,'submission.event.general.metadataUpdated',0),
(649,1048585,41,1,'2025-07-14 14:11:49',268435458,'submission.event.general.metadataUpdated',0),
(650,1048585,41,1,'2025-07-14 14:14:56',268435458,'submission.event.general.metadataUpdated',0),
(651,1048585,41,1,'2025-07-14 14:14:59',268435457,'submission.event.submissionSubmitted',0),
(652,1048585,32,1,'2025-07-14 14:16:42',805306371,'log.editor.decision',0),
(653,515,73,1,'2025-07-14 14:16:42',1342177281,'submission.event.fileUploaded',0),
(654,1048585,32,1,'2025-07-14 14:16:42',1342177288,'submission.event.fileRevised',0),
(655,515,74,1,'2025-07-14 14:16:58',1342177281,'submission.event.fileUploaded',0),
(656,1048585,32,1,'2025-07-14 14:16:58',1342177288,'submission.event.fileRevised',0),
(657,515,74,1,'2025-07-14 14:17:00',1342177296,'submission.event.fileEdited',0),
(658,1048585,32,1,'2025-07-14 14:17:00',1342177296,'submission.event.fileEdited',0),
(659,1048585,32,1,'2025-07-14 14:17:05',268435458,'submission.event.general.metadataUpdated',0),
(660,1048585,32,1,'2025-07-14 14:17:06',268435462,'publication.event.scheduled',0),
(661,1048585,33,1,'2025-07-14 14:17:15',805306371,'log.editor.decision',0),
(662,515,75,1,'2025-07-14 14:17:15',1342177281,'submission.event.fileUploaded',0),
(663,1048585,33,1,'2025-07-14 14:17:15',1342177288,'submission.event.fileRevised',0),
(664,515,76,1,'2025-07-14 14:17:29',1342177281,'submission.event.fileUploaded',0),
(665,1048585,33,1,'2025-07-14 14:17:29',1342177288,'submission.event.fileRevised',0),
(666,515,76,1,'2025-07-14 14:17:30',1342177296,'submission.event.fileEdited',0),
(667,1048585,33,1,'2025-07-14 14:17:30',1342177296,'submission.event.fileEdited',0),
(668,1048585,33,1,'2025-07-14 14:17:36',268435458,'submission.event.general.metadataUpdated',0),
(669,1048585,33,1,'2025-07-14 14:17:37',268435462,'publication.event.scheduled',0),
(670,1048585,34,1,'2025-07-14 14:17:45',805306371,'log.editor.decision',0),
(671,515,77,1,'2025-07-14 14:17:45',1342177281,'submission.event.fileUploaded',0),
(672,1048585,34,1,'2025-07-14 14:17:45',1342177288,'submission.event.fileRevised',0),
(673,515,78,1,'2025-07-14 14:18:00',1342177281,'submission.event.fileUploaded',0),
(674,1048585,34,1,'2025-07-14 14:18:00',1342177288,'submission.event.fileRevised',0),
(675,515,78,1,'2025-07-14 14:18:01',1342177296,'submission.event.fileEdited',0),
(676,1048585,34,1,'2025-07-14 14:18:01',1342177296,'submission.event.fileEdited',0),
(677,1048585,34,1,'2025-07-14 14:18:08',268435458,'submission.event.general.metadataUpdated',0),
(678,1048585,34,1,'2025-07-14 14:18:09',268435462,'publication.event.scheduled',0),
(679,1048585,39,1,'2025-07-14 14:18:27',805306371,'log.editor.decision',0),
(680,515,79,1,'2025-07-14 14:18:27',1342177281,'submission.event.fileUploaded',0),
(681,1048585,39,1,'2025-07-14 14:18:27',1342177288,'submission.event.fileRevised',0),
(682,515,80,1,'2025-07-14 14:18:40',1342177281,'submission.event.fileUploaded',0),
(683,1048585,39,1,'2025-07-14 14:18:40',1342177288,'submission.event.fileRevised',0),
(684,515,80,1,'2025-07-14 14:18:41',1342177296,'submission.event.fileEdited',0),
(685,1048585,39,1,'2025-07-14 14:18:41',1342177296,'submission.event.fileEdited',0),
(686,1048585,39,1,'2025-07-14 14:18:47',268435458,'submission.event.general.metadataUpdated',0),
(687,1048585,39,1,'2025-07-14 14:18:48',268435462,'publication.event.scheduled',0),
(688,1048585,40,1,'2025-07-14 14:19:00',805306371,'log.editor.decision',0),
(689,515,81,1,'2025-07-14 14:19:00',1342177281,'submission.event.fileUploaded',0),
(690,1048585,40,1,'2025-07-14 14:19:00',1342177288,'submission.event.fileRevised',0),
(691,515,82,1,'2025-07-14 14:19:13',1342177281,'submission.event.fileUploaded',0),
(692,1048585,40,1,'2025-07-14 14:19:13',1342177288,'submission.event.fileRevised',0),
(693,515,82,1,'2025-07-14 14:19:14',1342177296,'submission.event.fileEdited',0),
(694,1048585,40,1,'2025-07-14 14:19:14',1342177296,'submission.event.fileEdited',0),
(695,1048585,40,1,'2025-07-14 14:19:20',268435458,'submission.event.general.metadataUpdated',0),
(696,1048585,40,1,'2025-07-14 14:19:21',268435462,'publication.event.scheduled',0),
(697,1048585,41,1,'2025-07-14 14:19:31',805306371,'log.editor.decision',0),
(698,515,83,1,'2025-07-14 14:19:31',1342177281,'submission.event.fileUploaded',0),
(699,1048585,41,1,'2025-07-14 14:19:31',1342177288,'submission.event.fileRevised',0),
(700,515,84,1,'2025-07-14 14:19:45',1342177281,'submission.event.fileUploaded',0),
(701,1048585,41,1,'2025-07-14 14:19:45',1342177288,'submission.event.fileRevised',0),
(702,515,84,1,'2025-07-14 14:19:46',1342177296,'submission.event.fileEdited',0),
(703,1048585,41,1,'2025-07-14 14:19:47',1342177296,'submission.event.fileEdited',0),
(704,1048585,41,1,'2025-07-14 14:19:53',268435458,'submission.event.general.metadataUpdated',0),
(705,1048585,41,1,'2025-07-14 14:19:54',268435462,'publication.event.scheduled',0),
(706,1048585,41,1,'2025-07-14 14:20:01',268435462,'publication.event.published',0),
(707,1048585,40,1,'2025-07-14 14:20:01',268435462,'publication.event.published',0),
(708,1048585,39,1,'2025-07-14 14:20:01',268435462,'publication.event.published',0),
(709,1048585,34,1,'2025-07-14 14:20:01',268435462,'publication.event.published',0),
(710,1048585,33,1,'2025-07-14 14:20:01',268435462,'publication.event.published',0),
(711,1048585,32,1,'2025-07-14 14:20:01',268435462,'publication.event.published',0),
(712,1048585,33,1,'2025-08-13 08:41:28',268435463,'publication.event.unpublished',0),
(713,1048585,33,1,'2025-08-13 08:42:38',268435458,'submission.event.general.metadataUpdated',0),
(714,1048585,33,1,'2025-08-13 08:42:45',268435462,'publication.event.published',0),
(715,1048585,42,1,'2025-08-14 07:26:38',268435458,'submission.event.general.metadataUpdated',0),
(716,515,85,1,'2025-08-14 07:26:45',1342177281,'submission.event.fileUploaded',0),
(717,1048585,42,1,'2025-08-14 07:26:45',1342177288,'submission.event.fileRevised',0),
(718,515,85,1,'2025-08-14 07:26:46',1342177296,'submission.event.fileEdited',0),
(719,1048585,42,1,'2025-08-14 07:26:46',1342177296,'submission.event.fileEdited',0),
(720,1048585,42,1,'2025-08-14 07:28:05',268435458,'submission.event.general.metadataUpdated',0),
(721,1048585,42,1,'2025-08-14 07:28:07',268435457,'submission.event.submissionSubmitted',0),
(722,1048585,42,1,'2025-08-14 07:28:28',268435459,'submission.event.participantAdded',0),
(723,1048585,42,1,'2025-08-14 07:28:49',268435458,'submission.event.general.metadataUpdated',0),
(724,1048585,43,36,'2025-08-14 07:29:46',268435458,'submission.event.general.metadataUpdated',0),
(725,515,86,36,'2025-08-14 07:29:50',1342177281,'submission.event.fileUploaded',0),
(726,1048585,43,36,'2025-08-14 07:29:50',1342177288,'submission.event.fileRevised',0),
(727,515,86,36,'2025-08-14 07:29:51',1342177296,'submission.event.fileEdited',0),
(728,1048585,43,36,'2025-08-14 07:29:51',1342177296,'submission.event.fileEdited',0),
(729,1048585,43,36,'2025-08-14 07:33:55',268435458,'submission.event.general.metadataUpdated',0);
/*!40000 ALTER TABLE `event_log` ENABLE KEYS */;
UNLOCK TABLES;
commit;

--
-- Table structure for table `event_log_settings`
--

DROP TABLE IF EXISTS `event_log_settings`;
/*!40101 SET @saved_cs_client     = @@character_set_client */;
/*!40101 SET character_set_client = utf8mb4 */;
CREATE TABLE `event_log_settings` (
  `log_id` bigint NOT NULL,
  `setting_name` varchar(255) NOT NULL,
  `setting_value` text,
  `setting_type` varchar(6) NOT NULL COMMENT '(bool|int|float|string|object)',
  UNIQUE KEY `event_log_settings_pkey` (`log_id`,`setting_name`),
  KEY `event_log_settings_log_id` (`log_id`),
  KEY `event_log_settings_name_value` (`setting_name`(50),`setting_value`(150))
) ENGINE=InnoDB DEFAULT CHARSET=utf8mb3;
/*!40101 SET character_set_client = @saved_cs_client */;

--
-- Dumping data for table `event_log_settings`
--

LOCK TABLES `event_log_settings` WRITE;
/*!40000 ALTER TABLE `event_log_settings` DISABLE KEYS */;
set autocommit=0;
INSERT INTO `event_log_settings` VALUES
(2,'fileId','1','int'),
(2,'fileStage','2','int'),
(2,'originalFileName','Signalling Theory Dividends: A Review Of The Literature And Empirical Evidence.pdf','string'),
(2,'sourceSubmissionFileId',NULL,'string'),
(2,'submissionFileId','1','int'),
(2,'submissionId','1','int'),
(2,'username','amwandenga','string'),
(3,'fileId','1','int'),
(3,'fileStage','2','int'),
(3,'name','Signalling Theory Dividends: A Review Of The Literature And Empirical Evidence.pdf','string'),
(3,'submissionFileId','1','int'),
(3,'submissionId','1','int'),
(3,'username','amwandenga','string'),
(4,'fileId','1','int'),
(4,'fileStage','2','int'),
(4,'originalFileName','Signalling Theory Dividends: A Review Of The Literature And Empirical Evidence.pdf','string'),
(4,'sourceSubmissionFileId',NULL,'string'),
(4,'submissionFileId','1','int'),
(4,'submissionId','1','int'),
(4,'username','amwandenga','string'),
(5,'fileId','1','int'),
(5,'fileStage','2','int'),
(5,'name','Signalling Theory Dividends: A Review Of The Literature And Empirical Evidence.pdf','string'),
(5,'originalFileName','Signalling Theory Dividends: A Review Of The Literature And Empirical Evidence.pdf','string'),
(5,'sourceSubmissionFileId',NULL,'string'),
(5,'submissionFileId','1','int'),
(5,'submissionId','1','int'),
(5,'username','amwandenga','string'),
(8,'decision','Send to Review','string'),
(8,'editorName','Daniel Barnes','string'),
(8,'submissionId','1','int'),
(9,'reviewAssignmentId','1','string'),
(9,'reviewerName','Julie Janssen','string'),
(9,'round','1','int'),
(9,'stageId','3','int'),
(9,'submissionId','1','int'),
(10,'reviewAssignmentId','2','string'),
(10,'reviewerName','Aisla McCrae','string'),
(10,'round','1','int'),
(10,'stageId','3','int'),
(10,'submissionId','1','int'),
(11,'reviewAssignmentId','3','string'),
(11,'reviewerName','Adela Gallego','string'),
(11,'round','1','int'),
(11,'stageId','3','int'),
(11,'submissionId','1','int'),
(12,'decision','Accept Submission','string'),
(12,'editorName','Daniel Barnes','string'),
(12,'submissionId','1','int'),
(13,'name','Sarah Vogt','string'),
(13,'userGroupName','Copyeditor','string'),
(13,'username','svogt','string'),
(14,'decision','Send To Production','string'),
(14,'editorName','Daniel Barnes','string'),
(14,'submissionId','1','int'),
(15,'name','Stephen Hellier','string'),
(15,'userGroupName','Layout Editor','string'),
(15,'username','shellier','string'),
(16,'name','Sabine Kumar','string'),
(16,'userGroupName','Proofreader','string'),
(16,'username','skumar','string'),
(22,'fileId','2','int'),
(22,'fileStage','10','int'),
(22,'originalFileName','article.pdf','string'),
(22,'sourceSubmissionFileId',NULL,'string'),
(22,'submissionFileId','2','int'),
(22,'submissionId','1','int'),
(22,'username','dbarnes','string'),
(23,'fileId','2','int'),
(23,'fileStage','10','int'),
(23,'name','article.pdf','string'),
(23,'submissionFileId','2','int'),
(23,'submissionId','1','int'),
(23,'username','dbarnes','string'),
(24,'fileId','2','int'),
(24,'fileStage','10','int'),
(24,'originalFileName','article.pdf','string'),
(24,'sourceSubmissionFileId',NULL,'string'),
(24,'submissionFileId','2','int'),
(24,'submissionId','1','int'),
(24,'username','dbarnes','string'),
(25,'fileId','2','int'),
(25,'fileStage','10','int'),
(25,'name','article.pdf','string'),
(25,'originalFileName','article.pdf','string'),
(25,'sourceSubmissionFileId',NULL,'string'),
(25,'submissionFileId','2','int'),
(25,'submissionId','1','int'),
(25,'username','dbarnes','string'),
(26,'name','Alan Mwandenga','string'),
(26,'userGroupName','Author','string'),
(26,'username','amwandenga','string'),
(39,'name','Stephanie Berardo','string'),
(39,'userGroupName','Section editor','string'),
(39,'username','sberardo','string'),
(40,'name','Stephanie Berardo','string'),
(40,'userGroupName','Section editor','string'),
(40,'username','sberardo','string'),
(42,'fileId','3','int'),
(42,'fileStage','2','int'),
(42,'originalFileName','The influence of lactation on the quantity and quality of cashmere production.pdf','string'),
(42,'sourceSubmissionFileId',NULL,'string'),
(42,'submissionFileId','3','int'),
(42,'submissionId','2','int'),
(42,'username','ccorino','string'),
(43,'fileId','3','int'),
(43,'fileStage','2','int'),
(43,'name','The influence of lactation on the quantity and quality of cashmere production.pdf','string'),
(43,'submissionFileId','3','int'),
(43,'submissionId','2','int'),
(43,'username','ccorino','string'),
(44,'fileId','3','int'),
(44,'fileStage','2','int'),
(44,'originalFileName','The influence of lactation on the quantity and quality of cashmere production.pdf','string'),
(44,'sourceSubmissionFileId',NULL,'string'),
(44,'submissionFileId','3','int'),
(44,'submissionId','2','int'),
(44,'username','ccorino','string'),
(45,'fileId','3','int'),
(45,'fileStage','2','int'),
(45,'name','The influence of lactation on the quantity and quality of cashmere production.pdf','string'),
(45,'originalFileName','The influence of lactation on the quantity and quality of cashmere production.pdf','string'),
(45,'sourceSubmissionFileId',NULL,'string'),
(45,'submissionFileId','3','int'),
(45,'submissionId','2','int'),
(45,'username','ccorino','string'),
(48,'decision','Send to Review','string'),
(48,'editorName','Daniel Barnes','string'),
(48,'submissionId','2','int'),
(49,'name','Minoti Inoue','string'),
(49,'userGroupName','Section editor','string'),
(49,'username','minoue','string'),
(51,'decision','Accept Submission','string'),
(51,'editorName','Minoti Inoue','string'),
(51,'submissionId','2','int'),
(53,'fileId','4','int'),
(53,'fileStage','2','int'),
(53,'originalFileName','The Facets Of Job Satisfaction: A Nine-Nation Comparative Study Of Construct Equivalence.pdf','string'),
(53,'sourceSubmissionFileId',NULL,'string'),
(53,'submissionFileId','4','int'),
(53,'submissionId','3','int'),
(53,'username','ckwantes','string'),
(54,'fileId','4','int'),
(54,'fileStage','2','int'),
(54,'name','The Facets Of Job Satisfaction: A Nine-Nation Comparative Study Of Construct Equivalence.pdf','string'),
(54,'submissionFileId','4','int'),
(54,'submissionId','3','int'),
(54,'username','ckwantes','string'),
(55,'fileId','4','int'),
(55,'fileStage','2','int'),
(55,'originalFileName','The Facets Of Job Satisfaction: A Nine-Nation Comparative Study Of Construct Equivalence.pdf','string'),
(55,'sourceSubmissionFileId',NULL,'string'),
(55,'submissionFileId','4','int'),
(55,'submissionId','3','int'),
(55,'username','ckwantes','string'),
(56,'fileId','4','int'),
(56,'fileStage','2','int'),
(56,'name','The Facets Of Job Satisfaction: A Nine-Nation Comparative Study Of Construct Equivalence.pdf','string'),
(56,'originalFileName','The Facets Of Job Satisfaction: A Nine-Nation Comparative Study Of Construct Equivalence.pdf','string'),
(56,'sourceSubmissionFileId',NULL,'string'),
(56,'submissionFileId','4','int'),
(56,'submissionId','3','int'),
(56,'username','ckwantes','string'),
(59,'decision','Send to Review','string'),
(59,'editorName','Daniel Barnes','string'),
(59,'submissionId','3','int'),
(60,'fileId','4','int'),
(60,'fileStage','4','int'),
(60,'originalFileName','The Facets Of Job Satisfaction: A Nine-Nation Comparative Study Of Construct Equivalence.pdf','string'),
(60,'sourceSubmissionFileId','4','int'),
(60,'submissionFileId','5','int'),
(60,'submissionId','3','int'),
(60,'username','dbarnes','string'),
(61,'fileId','4','int'),
(61,'fileStage','4','int'),
(61,'name','The Facets Of Job Satisfaction: A Nine-Nation Comparative Study Of Construct Equivalence.pdf','string'),
(61,'submissionFileId','5','int'),
(61,'submissionId','3','int'),
(61,'username','dbarnes','string'),
(62,'reviewAssignmentId','4','string'),
(62,'reviewerName','Aisla McCrae','string'),
(62,'round','1','int'),
(62,'stageId','3','int'),
(62,'submissionId','3','int'),
(63,'reviewAssignmentId','5','string'),
(63,'reviewerName','Adela Gallego','string'),
(63,'round','1','int'),
(63,'stageId','3','int'),
(63,'submissionId','3','int'),
(64,'decision','Accept Submission','string'),
(64,'editorName','Daniel Barnes','string'),
(64,'submissionId','3','int'),
(65,'name','Maria Fritz','string'),
(65,'userGroupName','Copyeditor','string'),
(65,'username','mfritz','string'),
(67,'fileId','5','int'),
(67,'fileStage','2','int'),
(67,'originalFileName','Computer Skill Requirements for New and Existing Teachers: Implications for Policy and Practice.pdf','string'),
(67,'sourceSubmissionFileId',NULL,'string'),
(67,'submissionFileId','6','int'),
(67,'submissionId','4','int'),
(67,'username','cmontgomerie','string'),
(68,'fileId','5','int'),
(68,'fileStage','2','int'),
(68,'name','Computer Skill Requirements for New and Existing Teachers: Implications for Policy and Practice.pdf','string'),
(68,'submissionFileId','6','int'),
(68,'submissionId','4','int'),
(68,'username','cmontgomerie','string'),
(69,'fileId','5','int'),
(69,'fileStage','2','int'),
(69,'originalFileName','Computer Skill Requirements for New and Existing Teachers: Implications for Policy and Practice.pdf','string'),
(69,'sourceSubmissionFileId',NULL,'string'),
(69,'submissionFileId','6','int'),
(69,'submissionId','4','int'),
(69,'username','cmontgomerie','string'),
(70,'fileId','5','int'),
(70,'fileStage','2','int'),
(70,'name','Computer Skill Requirements for New and Existing Teachers: Implications for Policy and Practice.pdf','string'),
(70,'originalFileName','Computer Skill Requirements for New and Existing Teachers: Implications for Policy and Practice.pdf','string'),
(70,'sourceSubmissionFileId',NULL,'string'),
(70,'submissionFileId','6','int'),
(70,'submissionId','4','int'),
(70,'username','cmontgomerie','string'),
(75,'fileId','6','int'),
(75,'fileStage','2','int'),
(75,'originalFileName','Genetic transformation of forest trees.pdf','string'),
(75,'sourceSubmissionFileId',NULL,'string'),
(75,'submissionFileId','7','int'),
(75,'submissionId','5','int'),
(75,'username','ddiouf','string'),
(76,'fileId','6','int'),
(76,'fileStage','2','int'),
(76,'name','Genetic transformation of forest trees.pdf','string'),
(76,'submissionFileId','7','int'),
(76,'submissionId','5','int'),
(76,'username','ddiouf','string'),
(77,'fileId','6','int'),
(77,'fileStage','2','int'),
(77,'originalFileName','Genetic transformation of forest trees.pdf','string'),
(77,'sourceSubmissionFileId',NULL,'string'),
(77,'submissionFileId','7','int'),
(77,'submissionId','5','int'),
(77,'username','ddiouf','string'),
(78,'fileId','6','int'),
(78,'fileStage','2','int'),
(78,'name','Genetic transformation of forest trees.pdf','string'),
(78,'originalFileName','Genetic transformation of forest trees.pdf','string'),
(78,'sourceSubmissionFileId',NULL,'string'),
(78,'submissionFileId','7','int'),
(78,'submissionId','5','int'),
(78,'username','ddiouf','string'),
(81,'decision','Send to Review','string'),
(81,'editorName','Daniel Barnes','string'),
(81,'submissionId','5','int'),
(82,'reviewAssignmentId','6','string'),
(82,'reviewerName','Paul Hudson','string'),
(82,'round','1','int'),
(82,'stageId','3','int'),
(82,'submissionId','5','int'),
(83,'reviewAssignmentId','7','string'),
(83,'reviewerName','Adela Gallego','string'),
(83,'round','1','int'),
(83,'stageId','3','int'),
(83,'submissionId','5','int'),
(84,'decision','Accept Submission','string'),
(84,'editorName','Daniel Barnes','string'),
(84,'submissionId','5','int'),
(85,'name','Maria Fritz','string'),
(85,'userGroupName','Copyeditor','string'),
(85,'username','mfritz','string'),
(86,'decision','Send To Production','string'),
(86,'editorName','Daniel Barnes','string'),
(86,'submissionId','5','int'),
(87,'name','Graham Cox','string'),
(87,'userGroupName','Layout Editor','string'),
(87,'username','gcox','string'),
(88,'name','Catherine Turner','string'),
(88,'userGroupName','Proofreader','string'),
(88,'username','cturner','string'),
(90,'fileId','7','int'),
(90,'fileStage','2','int'),
(90,'originalFileName','Investigating the Shared Background Required for Argument: A Critique of Fogelin\'s Thesis on Deep Disagreement.pdf','string'),
(90,'sourceSubmissionFileId',NULL,'string'),
(90,'submissionFileId','8','int'),
(90,'submissionId','6','int'),
(90,'username','dphillips','string'),
(91,'fileId','7','int'),
(91,'fileStage','2','int'),
(91,'name','Investigating the Shared Background Required for Argument: A Critique of Fogelin\'s Thesis on Deep Disagreement.pdf','string'),
(91,'submissionFileId','8','int'),
(91,'submissionId','6','int'),
(91,'username','dphillips','string'),
(92,'fileId','7','int'),
(92,'fileStage','2','int'),
(92,'originalFileName','Investigating the Shared Background Required for Argument: A Critique of Fogelin\'s Thesis on Deep Disagreement.pdf','string'),
(92,'sourceSubmissionFileId',NULL,'string'),
(92,'submissionFileId','8','int'),
(92,'submissionId','6','int'),
(92,'username','dphillips','string'),
(93,'fileId','7','int'),
(93,'fileStage','2','int'),
(93,'name','Investigating the Shared Background Required for Argument: A Critique of Fogelin\'s Thesis on Deep Disagreement.pdf','string'),
(93,'originalFileName','Investigating the Shared Background Required for Argument: A Critique of Fogelin\'s Thesis on Deep Disagreement.pdf','string'),
(93,'sourceSubmissionFileId',NULL,'string'),
(93,'submissionFileId','8','int'),
(93,'submissionId','6','int'),
(93,'username','dphillips','string'),
(96,'decision','Send to Review','string'),
(96,'editorName','Daniel Barnes','string'),
(96,'submissionId','6','int'),
(97,'reviewAssignmentId','8','string'),
(97,'reviewerName','Julie Janssen','string'),
(97,'round','1','int'),
(97,'stageId','3','int'),
(97,'submissionId','6','int'),
(98,'reviewAssignmentId','9','string'),
(98,'reviewerName','Adela Gallego','string'),
(98,'round','1','int'),
(98,'stageId','3','int'),
(98,'submissionId','6','int'),
(99,'decision','Accept Submission','string'),
(99,'editorName','Daniel Barnes','string'),
(99,'submissionId','6','int'),
(100,'name','Maria Fritz','string'),
(100,'userGroupName','Copyeditor','string'),
(100,'username','mfritz','string'),
(101,'decision','Send To Production','string'),
(101,'editorName','Daniel Barnes','string'),
(101,'submissionId','6','int'),
(102,'name','Graham Cox','string'),
(102,'userGroupName','Layout Editor','string'),
(102,'username','gcox','string'),
(104,'fileId','8','int'),
(104,'fileStage','2','int'),
(104,'originalFileName','Developing efficacy beliefs in the classroom.pdf','string'),
(104,'sourceSubmissionFileId',NULL,'string'),
(104,'submissionFileId','9','int'),
(104,'submissionId','7','int'),
(104,'username','dsokoloff','string'),
(105,'fileId','8','int'),
(105,'fileStage','2','int'),
(105,'name','Developing efficacy beliefs in the classroom.pdf','string'),
(105,'submissionFileId','9','int'),
(105,'submissionId','7','int'),
(105,'username','dsokoloff','string'),
(106,'fileId','8','int'),
(106,'fileStage','2','int'),
(106,'originalFileName','Developing efficacy beliefs in the classroom.pdf','string'),
(106,'sourceSubmissionFileId',NULL,'string'),
(106,'submissionFileId','9','int'),
(106,'submissionId','7','int'),
(106,'username','dsokoloff','string'),
(107,'fileId','8','int'),
(107,'fileStage','2','int'),
(107,'name','Developing efficacy beliefs in the classroom.pdf','string'),
(107,'originalFileName','Developing efficacy beliefs in the classroom.pdf','string'),
(107,'sourceSubmissionFileId',NULL,'string'),
(107,'submissionFileId','9','int'),
(107,'submissionId','7','int'),
(107,'username','dsokoloff','string'),
(110,'decision','Send to Review','string'),
(110,'editorName','Daniel Barnes','string'),
(110,'submissionId','7','int'),
(111,'reviewAssignmentId','10','string'),
(111,'reviewerName','Paul Hudson','string'),
(111,'round','1','int'),
(111,'stageId','3','int'),
(111,'submissionId','7','int'),
(112,'reviewAssignmentId','11','string'),
(112,'reviewerName','Aisla McCrae','string'),
(112,'round','1','int'),
(112,'stageId','3','int'),
(112,'submissionId','7','int'),
(113,'reviewAssignmentId','12','string'),
(113,'reviewerName','Adela Gallego','string'),
(113,'round','1','int'),
(113,'stageId','3','int'),
(113,'submissionId','7','int'),
(114,'reviewAssignmentId','10','int'),
(114,'reviewerName','Paul Hudson','string'),
(114,'round','1','int'),
(114,'submissionId','7','int'),
(115,'reviewAssignmentId','10','int'),
(115,'reviewerName','Paul Hudson','string'),
(115,'round','1','int'),
(115,'submissionId','7','int'),
(117,'fileId','9','int'),
(117,'fileStage','2','int'),
(117,'originalFileName','Traditions and Trends in the Study of the Commons.pdf','string'),
(117,'sourceSubmissionFileId',NULL,'string'),
(117,'submissionFileId','10','int'),
(117,'submissionId','8','int'),
(117,'username','eostrom','string'),
(118,'fileId','9','int'),
(118,'fileStage','2','int'),
(118,'name','Traditions and Trends in the Study of the Commons.pdf','string'),
(118,'submissionFileId','10','int'),
(118,'submissionId','8','int'),
(118,'username','eostrom','string'),
(119,'fileId','9','int'),
(119,'fileStage','2','int'),
(119,'originalFileName','Traditions and Trends in the Study of the Commons.pdf','string'),
(119,'sourceSubmissionFileId',NULL,'string'),
(119,'submissionFileId','10','int'),
(119,'submissionId','8','int'),
(119,'username','eostrom','string'),
(120,'fileId','9','int'),
(120,'fileStage','2','int'),
(120,'name','Traditions and Trends in the Study of the Commons.pdf','string'),
(120,'originalFileName','Traditions and Trends in the Study of the Commons.pdf','string'),
(120,'sourceSubmissionFileId',NULL,'string'),
(120,'submissionFileId','10','int'),
(120,'submissionId','8','int'),
(120,'username','eostrom','string'),
(125,'fileId','10','int'),
(125,'fileStage','2','int'),
(125,'originalFileName','Hansen & Pinto: Reason Reclaimed.pdf','string'),
(125,'sourceSubmissionFileId',NULL,'string'),
(125,'submissionFileId','11','int'),
(125,'submissionId','9','int'),
(125,'username','fpaglieri','string'),
(126,'fileId','10','int'),
(126,'fileStage','2','int'),
(126,'name','Hansen & Pinto: Reason Reclaimed.pdf','string'),
(126,'submissionFileId','11','int'),
(126,'submissionId','9','int'),
(126,'username','fpaglieri','string'),
(127,'fileId','10','int'),
(127,'fileStage','2','int'),
(127,'originalFileName','Hansen & Pinto: Reason Reclaimed.pdf','string'),
(127,'sourceSubmissionFileId',NULL,'string'),
(127,'submissionFileId','11','int'),
(127,'submissionId','9','int'),
(127,'username','fpaglieri','string'),
(128,'fileId','10','int'),
(128,'fileStage','2','int'),
(128,'name','Hansen & Pinto: Reason Reclaimed.pdf','string'),
(128,'originalFileName','Hansen & Pinto: Reason Reclaimed.pdf','string'),
(128,'sourceSubmissionFileId',NULL,'string'),
(128,'submissionFileId','11','int'),
(128,'submissionId','9','int'),
(128,'username','fpaglieri','string'),
(131,'decision','Send to Review','string'),
(131,'editorName','Daniel Barnes','string'),
(131,'submissionId','9','int'),
(132,'reviewAssignmentId','13','string'),
(132,'reviewerName','Julie Janssen','string'),
(132,'round','1','int'),
(132,'stageId','3','int'),
(132,'submissionId','9','int'),
(133,'reviewAssignmentId','14','string'),
(133,'reviewerName','Adela Gallego','string'),
(133,'round','1','int'),
(133,'stageId','3','int'),
(133,'submissionId','9','int'),
(134,'decision','Accept Submission','string'),
(134,'editorName','Daniel Barnes','string'),
(134,'submissionId','9','int'),
(135,'name','Sarah Vogt','string'),
(135,'userGroupName','Copyeditor','string'),
(135,'username','svogt','string'),
(136,'decision','Send To Production','string'),
(136,'editorName','Daniel Barnes','string'),
(136,'submissionId','9','int'),
(137,'name','Stephen Hellier','string'),
(137,'userGroupName','Layout Editor','string'),
(137,'username','shellier','string'),
(138,'name','Sabine Kumar','string'),
(138,'userGroupName','Proofreader','string'),
(138,'username','skumar','string'),
(140,'fileId','11','int'),
(140,'fileStage','2','int'),
(140,'originalFileName','Condensing Water Availability Models to Focus on Specific Water Management Systems.pdf','string'),
(140,'sourceSubmissionFileId',NULL,'string'),
(140,'submissionFileId','12','int'),
(140,'submissionId','10','int'),
(140,'username','jnovak','string'),
(141,'fileId','11','int'),
(141,'fileStage','2','int'),
(141,'name','Condensing Water Availability Models to Focus on Specific Water Management Systems.pdf','string'),
(141,'submissionFileId','12','int'),
(141,'submissionId','10','int'),
(141,'username','jnovak','string'),
(142,'fileId','11','int'),
(142,'fileStage','2','int'),
(142,'originalFileName','Condensing Water Availability Models to Focus on Specific Water Management Systems.pdf','string'),
(142,'sourceSubmissionFileId',NULL,'string'),
(142,'submissionFileId','12','int'),
(142,'submissionId','10','int'),
(142,'username','jnovak','string'),
(143,'fileId','11','int'),
(143,'fileStage','2','int'),
(143,'name','Condensing Water Availability Models to Focus on Specific Water Management Systems.pdf','string'),
(143,'originalFileName','Condensing Water Availability Models to Focus on Specific Water Management Systems.pdf','string'),
(143,'sourceSubmissionFileId',NULL,'string'),
(143,'submissionFileId','12','int'),
(143,'submissionId','10','int'),
(143,'username','jnovak','string'),
(146,'decision','Send to Review','string'),
(146,'editorName','Daniel Barnes','string'),
(146,'submissionId','10','int'),
(147,'fileId','11','int'),
(147,'fileStage','4','int'),
(147,'originalFileName','Condensing Water Availability Models to Focus on Specific Water Management Systems.pdf','string'),
(147,'sourceSubmissionFileId','12','int'),
(147,'submissionFileId','13','int'),
(147,'submissionId','10','int'),
(147,'username','dbarnes','string'),
(148,'fileId','11','int'),
(148,'fileStage','4','int'),
(148,'name','Condensing Water Availability Models to Focus on Specific Water Management Systems.pdf','string'),
(148,'submissionFileId','13','int'),
(148,'submissionId','10','int'),
(148,'username','dbarnes','string'),
(149,'reviewAssignmentId','15','string'),
(149,'reviewerName','Aisla McCrae','string'),
(149,'round','1','int'),
(149,'stageId','3','int'),
(149,'submissionId','10','int'),
(150,'reviewAssignmentId','16','string'),
(150,'reviewerName','Adela Gallego','string'),
(150,'round','1','int'),
(150,'stageId','3','int'),
(150,'submissionId','10','int'),
(151,'reviewAssignmentId','15','int'),
(151,'reviewerName','Aisla McCrae','string'),
(151,'round','1','int'),
(151,'submissionId','10','int'),
(152,'reviewAssignmentId','15','int'),
(152,'reviewerName','Aisla McCrae','string'),
(152,'round','1','int'),
(152,'submissionId','10','int'),
(153,'reviewAssignmentId','16','int'),
(153,'reviewerName','Adela Gallego','string'),
(153,'round','1','int'),
(153,'submissionId','10','int'),
(154,'reviewAssignmentId','16','int'),
(154,'reviewerName','Adela Gallego','string'),
(154,'round','1','int'),
(154,'submissionId','10','int'),
(156,'fileId','12','int'),
(156,'fileStage','2','int'),
(156,'originalFileName','Learning Sustainable Design through Service.pdf','string'),
(156,'sourceSubmissionFileId',NULL,'string'),
(156,'submissionFileId','14','int'),
(156,'submissionId','11','int'),
(156,'username','kalkhafaji','string'),
(157,'fileId','12','int'),
(157,'fileStage','2','int'),
(157,'name','Learning Sustainable Design through Service.pdf','string'),
(157,'submissionFileId','14','int'),
(157,'submissionId','11','int'),
(157,'username','kalkhafaji','string'),
(158,'fileId','12','int'),
(158,'fileStage','2','int'),
(158,'originalFileName','Learning Sustainable Design through Service.pdf','string'),
(158,'sourceSubmissionFileId',NULL,'string'),
(158,'submissionFileId','14','int'),
(158,'submissionId','11','int'),
(158,'username','kalkhafaji','string'),
(159,'fileId','12','int'),
(159,'fileStage','2','int'),
(159,'name','Learning Sustainable Design through Service.pdf','string'),
(159,'originalFileName','Learning Sustainable Design through Service.pdf','string'),
(159,'sourceSubmissionFileId',NULL,'string'),
(159,'submissionFileId','14','int'),
(159,'submissionId','11','int'),
(159,'username','kalkhafaji','string'),
(164,'fileId','13','int'),
(164,'fileStage','2','int'),
(164,'originalFileName','Sodium butyrate improves growth performance of weaned piglets during the first period after weaning.pdf','string'),
(164,'sourceSubmissionFileId',NULL,'string'),
(164,'submissionFileId','15','int'),
(164,'submissionId','12','int'),
(164,'username','lchristopher','string'),
(165,'fileId','13','int'),
(165,'fileStage','2','int'),
(165,'name','Sodium butyrate improves growth performance of weaned piglets during the first period after weaning.pdf','string'),
(165,'submissionFileId','15','int'),
(165,'submissionId','12','int'),
(165,'username','lchristopher','string'),
(166,'fileId','13','int'),
(166,'fileStage','2','int'),
(166,'originalFileName','Sodium butyrate improves growth performance of weaned piglets during the first period after weaning.pdf','string'),
(166,'sourceSubmissionFileId',NULL,'string'),
(166,'submissionFileId','15','int'),
(166,'submissionId','12','int'),
(166,'username','lchristopher','string'),
(167,'fileId','13','int'),
(167,'fileStage','2','int'),
(167,'name','Sodium butyrate improves growth performance of weaned piglets during the first period after weaning.pdf','string'),
(167,'originalFileName','Sodium butyrate improves growth performance of weaned piglets during the first period after weaning.pdf','string'),
(167,'sourceSubmissionFileId',NULL,'string'),
(167,'submissionFileId','15','int'),
(167,'submissionId','12','int'),
(167,'username','lchristopher','string'),
(170,'decision','Send to Review','string'),
(170,'editorName','Daniel Barnes','string'),
(170,'submissionId','12','int'),
(171,'reviewAssignmentId','17','string'),
(171,'reviewerName','Julie Janssen','string'),
(171,'round','1','int'),
(171,'stageId','3','int'),
(171,'submissionId','12','int'),
(172,'reviewAssignmentId','18','string'),
(172,'reviewerName','Paul Hudson','string'),
(172,'round','1','int'),
(172,'stageId','3','int'),
(172,'submissionId','12','int'),
(174,'fileId','14','int'),
(174,'fileStage','2','int'),
(174,'originalFileName','Hydrologic Connectivity in the Edwards Aquifer between San Marcos Springs and Barton Springs during 2009 Drought Conditions.pdf','string'),
(174,'sourceSubmissionFileId',NULL,'string'),
(174,'submissionFileId','16','int'),
(174,'submissionId','13','int'),
(174,'username','lkumiega','string'),
(175,'fileId','14','int'),
(175,'fileStage','2','int'),
(175,'name','Hydrologic Connectivity in the Edwards Aquifer between San Marcos Springs and Barton Springs during 2009 Drought Conditions.pdf','string'),
(175,'submissionFileId','16','int'),
(175,'submissionId','13','int'),
(175,'username','lkumiega','string'),
(176,'fileId','14','int'),
(176,'fileStage','2','int'),
(176,'originalFileName','Hydrologic Connectivity in the Edwards Aquifer between San Marcos Springs and Barton Springs during 2009 Drought Conditions.pdf','string'),
(176,'sourceSubmissionFileId',NULL,'string'),
(176,'submissionFileId','16','int'),
(176,'submissionId','13','int'),
(176,'username','lkumiega','string'),
(177,'fileId','14','int'),
(177,'fileStage','2','int'),
(177,'name','Hydrologic Connectivity in the Edwards Aquifer between San Marcos Springs and Barton Springs during 2009 Drought Conditions.pdf','string'),
(177,'originalFileName','Hydrologic Connectivity in the Edwards Aquifer between San Marcos Springs and Barton Springs during 2009 Drought Conditions.pdf','string'),
(177,'sourceSubmissionFileId',NULL,'string'),
(177,'submissionFileId','16','int'),
(177,'submissionId','13','int'),
(177,'username','lkumiega','string'),
(180,'decision','Send to Review','string'),
(180,'editorName','Daniel Barnes','string'),
(180,'submissionId','13','int'),
(181,'reviewAssignmentId','19','string'),
(181,'reviewerName','Julie Janssen','string'),
(181,'round','1','int'),
(181,'stageId','3','int'),
(181,'submissionId','13','int'),
(182,'reviewAssignmentId','20','string'),
(182,'reviewerName','Aisla McCrae','string'),
(182,'round','1','int'),
(182,'stageId','3','int'),
(182,'submissionId','13','int'),
(183,'reviewAssignmentId','21','string'),
(183,'reviewerName','Adela Gallego','string'),
(183,'round','1','int'),
(183,'stageId','3','int'),
(183,'submissionId','13','int'),
(184,'reviewAssignmentId','19','int'),
(184,'reviewerName','Julie Janssen','string'),
(184,'round','1','int'),
(184,'submissionId','13','int'),
(185,'reviewAssignmentId','19','int'),
(185,'reviewerName','Julie Janssen','string'),
(185,'round','1','int'),
(185,'submissionId','13','int'),
(186,'reviewAssignmentId','20','int'),
(186,'reviewerName','Aisla McCrae','string'),
(186,'round','1','int'),
(186,'submissionId','13','int'),
(187,'reviewAssignmentId','20','int'),
(187,'reviewerName','Aisla McCrae','string'),
(187,'round','1','int'),
(187,'submissionId','13','int'),
(188,'reviewAssignmentId','21','int'),
(188,'reviewerName','Adela Gallego','string'),
(188,'round','1','int'),
(188,'submissionId','13','int'),
(189,'reviewAssignmentId','21','int'),
(189,'reviewerName','Adela Gallego','string'),
(189,'round','1','int'),
(189,'submissionId','13','int'),
(190,'decision','Request Revisions','string'),
(190,'editorName','Daniel Barnes','string'),
(190,'submissionId','13','int'),
(192,'fileId','15','int'),
(192,'fileStage','2','int'),
(192,'originalFileName','Towards Designing an Intercultural Curriculum: A Case Study from the Atlantic Coast of Nicaragua.pdf','string'),
(192,'sourceSubmissionFileId',NULL,'string'),
(192,'submissionFileId','17','int'),
(192,'submissionId','14','int'),
(192,'username','pdaniel','string'),
(193,'fileId','15','int'),
(193,'fileStage','2','int'),
(193,'name','Towards Designing an Intercultural Curriculum: A Case Study from the Atlantic Coast of Nicaragua.pdf','string'),
(193,'submissionFileId','17','int'),
(193,'submissionId','14','int'),
(193,'username','pdaniel','string'),
(194,'fileId','15','int'),
(194,'fileStage','2','int'),
(194,'originalFileName','Towards Designing an Intercultural Curriculum: A Case Study from the Atlantic Coast of Nicaragua.pdf','string'),
(194,'sourceSubmissionFileId',NULL,'string'),
(194,'submissionFileId','17','int'),
(194,'submissionId','14','int'),
(194,'username','pdaniel','string'),
(195,'fileId','15','int'),
(195,'fileStage','2','int'),
(195,'name','Towards Designing an Intercultural Curriculum: A Case Study from the Atlantic Coast of Nicaragua.pdf','string'),
(195,'originalFileName','Towards Designing an Intercultural Curriculum: A Case Study from the Atlantic Coast of Nicaragua.pdf','string'),
(195,'sourceSubmissionFileId',NULL,'string'),
(195,'submissionFileId','17','int'),
(195,'submissionId','14','int'),
(195,'username','pdaniel','string'),
(199,'fileId','16','int'),
(199,'fileStage','2','int'),
(199,'originalFileName','Yam diseases and its management in Nigeria.pdf','string'),
(199,'sourceSubmissionFileId',NULL,'string'),
(199,'submissionFileId','18','int'),
(199,'submissionId','15','int'),
(199,'username','rbaiyewu','string'),
(200,'fileId','16','int'),
(200,'fileStage','2','int'),
(200,'name','Yam diseases and its management in Nigeria.pdf','string'),
(200,'submissionFileId','18','int'),
(200,'submissionId','15','int'),
(200,'username','rbaiyewu','string'),
(201,'fileId','16','int'),
(201,'fileStage','2','int'),
(201,'originalFileName','Yam diseases and its management in Nigeria.pdf','string'),
(201,'sourceSubmissionFileId',NULL,'string'),
(201,'submissionFileId','18','int'),
(201,'submissionId','15','int'),
(201,'username','rbaiyewu','string'),
(202,'fileId','16','int'),
(202,'fileStage','2','int'),
(202,'name','Yam diseases and its management in Nigeria.pdf','string'),
(202,'originalFileName','Yam diseases and its management in Nigeria.pdf','string'),
(202,'sourceSubmissionFileId',NULL,'string'),
(202,'submissionFileId','18','int'),
(202,'submissionId','15','int'),
(202,'username','rbaiyewu','string'),
(205,'decision','Send to Review','string'),
(205,'editorName','Daniel Barnes','string'),
(205,'submissionId','15','int'),
(206,'fileId','16','int'),
(206,'fileStage','4','int'),
(206,'originalFileName','Yam diseases and its management in Nigeria.pdf','string'),
(206,'sourceSubmissionFileId','18','int'),
(206,'submissionFileId','19','int'),
(206,'submissionId','15','int'),
(206,'username','dbarnes','string'),
(207,'fileId','16','int'),
(207,'fileStage','4','int'),
(207,'name','Yam diseases and its management in Nigeria.pdf','string'),
(207,'submissionFileId','19','int'),
(207,'submissionId','15','int'),
(207,'username','dbarnes','string'),
(208,'reviewAssignmentId','22','string'),
(208,'reviewerName','Paul Hudson','string'),
(208,'round','1','int'),
(208,'stageId','3','int'),
(208,'submissionId','15','int'),
(209,'reviewAssignmentId','23','string'),
(209,'reviewerName','Aisla McCrae','string'),
(209,'round','1','int'),
(209,'stageId','3','int'),
(209,'submissionId','15','int'),
(210,'decision','Accept Submission','string'),
(210,'editorName','Daniel Barnes','string'),
(210,'submissionId','15','int'),
(211,'name','Sarah Vogt','string'),
(211,'userGroupName','Copyeditor','string'),
(211,'username','svogt','string'),
(212,'decision','Send To Production','string'),
(212,'editorName','Daniel Barnes','string'),
(212,'submissionId','15','int'),
(213,'name','Stephen Hellier','string'),
(213,'userGroupName','Layout Editor','string'),
(213,'username','shellier','string'),
(215,'fileId','17','int'),
(215,'fileStage','2','int'),
(215,'originalFileName','Influence of long-term nutrition with different dietary fats on fatty acid composition of heavy pigs backfat.pdf','string'),
(215,'sourceSubmissionFileId',NULL,'string'),
(215,'submissionFileId','20','int'),
(215,'submissionId','16','int'),
(215,'username','rrossi','string'),
(216,'fileId','17','int'),
(216,'fileStage','2','int'),
(216,'name','Influence of long-term nutrition with different dietary fats on fatty acid composition of heavy pigs backfat.pdf','string'),
(216,'submissionFileId','20','int'),
(216,'submissionId','16','int'),
(216,'username','rrossi','string'),
(217,'fileId','17','int'),
(217,'fileStage','2','int'),
(217,'originalFileName','Influence of long-term nutrition with different dietary fats on fatty acid composition of heavy pigs backfat.pdf','string'),
(217,'sourceSubmissionFileId',NULL,'string'),
(217,'submissionFileId','20','int'),
(217,'submissionId','16','int'),
(217,'username','rrossi','string'),
(218,'fileId','17','int'),
(218,'fileStage','2','int'),
(218,'name','Influence of long-term nutrition with different dietary fats on fatty acid composition of heavy pigs backfat.pdf','string'),
(218,'originalFileName','Influence of long-term nutrition with different dietary fats on fatty acid composition of heavy pigs backfat.pdf','string'),
(218,'sourceSubmissionFileId',NULL,'string'),
(218,'submissionFileId','20','int'),
(218,'submissionId','16','int'),
(218,'username','rrossi','string'),
(222,'fileId','18','int'),
(222,'fileStage','2','int'),
(222,'originalFileName','Antimicrobial, heavy metal resistance and plasmid profile of coliforms isolated from nosocomial infections in a hospital in Isfahan, Iran.pdf','string'),
(222,'sourceSubmissionFileId',NULL,'string'),
(222,'submissionFileId','21','int'),
(222,'submissionId','17','int'),
(222,'username','vkarbasizaed','string'),
(223,'fileId','18','int'),
(223,'fileStage','2','int'),
(223,'name','Antimicrobial, heavy metal resistance and plasmid profile of coliforms isolated from nosocomial infections in a hospital in Isfahan, Iran.pdf','string'),
(223,'submissionFileId','21','int'),
(223,'submissionId','17','int'),
(223,'username','vkarbasizaed','string'),
(224,'fileId','18','int'),
(224,'fileStage','2','int'),
(224,'originalFileName','Antimicrobial, heavy metal resistance and plasmid profile of coliforms isolated from nosocomial infections in a hospital in Isfahan, Iran.pdf','string'),
(224,'sourceSubmissionFileId',NULL,'string'),
(224,'submissionFileId','21','int'),
(224,'submissionId','17','int'),
(224,'username','vkarbasizaed','string'),
(225,'fileId','18','int'),
(225,'fileStage','2','int'),
(225,'name','Antimicrobial, heavy metal resistance and plasmid profile of coliforms isolated from nosocomial infections in a hospital in Isfahan, Iran.pdf','string'),
(225,'originalFileName','Antimicrobial, heavy metal resistance and plasmid profile of coliforms isolated from nosocomial infections in a hospital in Isfahan, Iran.pdf','string'),
(225,'sourceSubmissionFileId',NULL,'string'),
(225,'submissionFileId','21','int'),
(225,'submissionId','17','int'),
(225,'username','vkarbasizaed','string'),
(228,'decision','Send to Review','string'),
(228,'editorName','Daniel Barnes','string'),
(228,'submissionId','17','int'),
(229,'fileId','18','int'),
(229,'fileStage','4','int'),
(229,'originalFileName','Antimicrobial, heavy metal resistance and plasmid profile of coliforms isolated from nosocomial infections in a hospital in Isfahan, Iran.pdf','string'),
(229,'sourceSubmissionFileId','21','int'),
(229,'submissionFileId','22','int'),
(229,'submissionId','17','int'),
(229,'username','dbarnes','string'),
(230,'fileId','18','int'),
(230,'fileStage','4','int'),
(230,'name','Antimicrobial, heavy metal resistance and plasmid profile of coliforms isolated from nosocomial infections in a hospital in Isfahan, Iran.pdf','string'),
(230,'submissionFileId','22','int'),
(230,'submissionId','17','int'),
(230,'username','dbarnes','string'),
(231,'reviewAssignmentId','24','string'),
(231,'reviewerName','Julie Janssen','string'),
(231,'round','1','int'),
(231,'stageId','3','int'),
(231,'submissionId','17','int'),
(232,'reviewAssignmentId','25','string'),
(232,'reviewerName','Paul Hudson','string'),
(232,'round','1','int'),
(232,'stageId','3','int'),
(232,'submissionId','17','int'),
(233,'decision','Accept Submission','string'),
(233,'editorName','Daniel Barnes','string'),
(233,'submissionId','17','int'),
(234,'name','Maria Fritz','string'),
(234,'userGroupName','Copyeditor','string'),
(234,'username','mfritz','string'),
(235,'decision','Send To Production','string'),
(235,'editorName','Daniel Barnes','string'),
(235,'submissionId','17','int'),
(236,'name','Graham Cox','string'),
(236,'userGroupName','Layout Editor','string'),
(236,'username','gcox','string'),
(237,'name','Catherine Turner','string'),
(237,'userGroupName','Proofreader','string'),
(237,'username','cturner','string'),
(238,'fileId','19','int'),
(238,'fileStage','10','int'),
(238,'originalFileName','article.pdf','string'),
(238,'sourceSubmissionFileId',NULL,'string'),
(238,'submissionFileId','23','int'),
(238,'submissionId','17','int'),
(238,'username','dbarnes','string'),
(239,'fileId','19','int'),
(239,'fileStage','10','int'),
(239,'name','article.pdf','string'),
(239,'submissionFileId','23','int'),
(239,'submissionId','17','int'),
(239,'username','dbarnes','string'),
(240,'fileId','19','int'),
(240,'fileStage','10','int'),
(240,'originalFileName','article.pdf','string'),
(240,'sourceSubmissionFileId',NULL,'string'),
(240,'submissionFileId','23','int'),
(240,'submissionId','17','int'),
(240,'username','dbarnes','string'),
(241,'fileId','19','int'),
(241,'fileStage','10','int'),
(241,'name','article.pdf','string'),
(241,'originalFileName','article.pdf','string'),
(241,'sourceSubmissionFileId',NULL,'string'),
(241,'submissionFileId','23','int'),
(241,'submissionId','17','int'),
(241,'username','dbarnes','string'),
(253,'fileId','20','int'),
(253,'fileStage','2','int'),
(253,'originalFileName','Self-Organization in Multi-Level Institutions in Networked Environments.pdf','string'),
(253,'sourceSubmissionFileId',NULL,'string'),
(253,'submissionFileId','24','int'),
(253,'submissionId','18','int'),
(253,'username','vwilliamson','string'),
(254,'fileId','20','int'),
(254,'fileStage','2','int'),
(254,'name','Self-Organization in Multi-Level Institutions in Networked Environments.pdf','string'),
(254,'submissionFileId','24','int'),
(254,'submissionId','18','int'),
(254,'username','vwilliamson','string'),
(255,'fileId','20','int'),
(255,'fileStage','2','int'),
(255,'originalFileName','Self-Organization in Multi-Level Institutions in Networked Environments.pdf','string'),
(255,'sourceSubmissionFileId',NULL,'string'),
(255,'submissionFileId','24','int'),
(255,'submissionId','18','int'),
(255,'username','vwilliamson','string'),
(256,'fileId','20','int'),
(256,'fileStage','2','int'),
(256,'name','Self-Organization in Multi-Level Institutions in Networked Environments.pdf','string'),
(256,'originalFileName','Self-Organization in Multi-Level Institutions in Networked Environments.pdf','string'),
(256,'sourceSubmissionFileId',NULL,'string'),
(256,'submissionFileId','24','int'),
(256,'submissionId','18','int'),
(256,'username','vwilliamson','string'),
(259,'decision','Decline Submission','string'),
(259,'editorName','Daniel Barnes','string'),
(259,'submissionId','18','int'),
(261,'fileId','21','int'),
(261,'fileStage','2','int'),
(261,'originalFileName','Finocchiaro: Arguments About Arguments.pdf','string'),
(261,'sourceSubmissionFileId',NULL,'string'),
(261,'submissionFileId','25','int'),
(261,'submissionId','19','int'),
(261,'username','zwoods','string'),
(262,'fileId','21','int'),
(262,'fileStage','2','int'),
(262,'name','Finocchiaro: Arguments About Arguments.pdf','string'),
(262,'submissionFileId','25','int'),
(262,'submissionId','19','int'),
(262,'username','zwoods','string'),
(263,'fileId','21','int'),
(263,'fileStage','2','int'),
(263,'originalFileName','Finocchiaro: Arguments About Arguments.pdf','string'),
(263,'sourceSubmissionFileId',NULL,'string'),
(263,'submissionFileId','25','int'),
(263,'submissionId','19','int'),
(263,'username','zwoods','string'),
(264,'fileId','21','int'),
(264,'fileStage','2','int'),
(264,'name','Finocchiaro: Arguments About Arguments.pdf','string'),
(264,'originalFileName','Finocchiaro: Arguments About Arguments.pdf','string'),
(264,'sourceSubmissionFileId',NULL,'string'),
(264,'submissionFileId','25','int'),
(264,'submissionId','19','int'),
(264,'username','zwoods','string'),
(267,'decision','Send to Review','string'),
(267,'editorName','Daniel Barnes','string'),
(267,'submissionId','19','int'),
(268,'fileId','21','int'),
(268,'fileStage','4','int'),
(268,'originalFileName','Finocchiaro: Arguments About Arguments.pdf','string'),
(268,'sourceSubmissionFileId','25','int'),
(268,'submissionFileId','26','int'),
(268,'submissionId','19','int'),
(268,'username','dbarnes','string'),
(269,'fileId','21','int'),
(269,'fileStage','4','int'),
(269,'name','Finocchiaro: Arguments About Arguments.pdf','string'),
(269,'submissionFileId','26','int'),
(269,'submissionId','19','int'),
(269,'username','dbarnes','string'),
(270,'reviewAssignmentId','26','string'),
(270,'reviewerName','Paul Hudson','string'),
(270,'round','1','int'),
(270,'stageId','3','int'),
(270,'submissionId','19','int'),
(271,'reviewAssignmentId','27','string'),
(271,'reviewerName','Aisla McCrae','string'),
(271,'round','1','int'),
(271,'stageId','3','int'),
(271,'submissionId','19','int'),
(272,'decision','Accept Submission','string'),
(272,'editorName','Daniel Barnes','string'),
(272,'submissionId','19','int'),
(273,'name','Sarah Vogt','string'),
(273,'userGroupName','Copyeditor','string'),
(273,'username','svogt','string'),
(275,'fileId','22','int'),
(275,'fileStage','2','int'),
(275,'originalFileName','article.pdf','string'),
(275,'sourceSubmissionFileId',NULL,'string'),
(275,'submissionFileId','27','int'),
(275,'submissionId','20','int'),
(275,'username','admin','string'),
(276,'fileId','22','int'),
(276,'fileStage','2','int'),
(276,'name','article.pdf','string'),
(276,'submissionFileId','27','int'),
(276,'submissionId','20','int'),
(276,'username','admin','string'),
(277,'fileId','22','int'),
(277,'fileStage','2','int'),
(277,'originalFileName','article.pdf','string'),
(277,'sourceSubmissionFileId',NULL,'string'),
(277,'submissionFileId','27','int'),
(277,'submissionId','20','int'),
(277,'username','admin','string'),
(278,'fileId','22','int'),
(278,'fileStage','2','int'),
(278,'name','article.pdf','string'),
(278,'originalFileName','article.pdf','string'),
(278,'sourceSubmissionFileId',NULL,'string'),
(278,'submissionFileId','27','int'),
(278,'submissionId','20','int'),
(278,'username','admin','string'),
(284,'name','admin admin','string'),
(284,'userGroupName','Journal editor','string'),
(284,'username','admin','string'),
(285,'decision','Accept and Skip Review','string'),
(285,'editorName','admin admin','string'),
(285,'submissionId','20','int'),
(286,'fileId','22','int'),
(286,'fileStage','6','int'),
(286,'originalFileName','article.pdf','string'),
(286,'sourceSubmissionFileId','27','int'),
(286,'submissionFileId','28','int'),
(286,'submissionId','20','int'),
(286,'username','admin','string'),
(287,'fileId','22','int'),
(287,'fileStage','6','int'),
(287,'name','article.pdf','string'),
(287,'submissionFileId','28','int'),
(287,'submissionId','20','int'),
(287,'username','admin','string'),
(288,'fileId','23','int'),
(288,'fileStage','10','int'),
(288,'originalFileName','article.pdf','string'),
(288,'sourceSubmissionFileId',NULL,'string'),
(288,'submissionFileId','29','int'),
(288,'submissionId','20','int'),
(288,'username','admin','string'),
(289,'fileId','23','int'),
(289,'fileStage','10','int'),
(289,'name','article.pdf','string'),
(289,'submissionFileId','29','int'),
(289,'submissionId','20','int'),
(289,'username','admin','string'),
(290,'fileId','23','int'),
(290,'fileStage','10','int'),
(290,'originalFileName','article.pdf','string'),
(290,'sourceSubmissionFileId',NULL,'string'),
(290,'submissionFileId','29','int'),
(290,'submissionId','20','int'),
(290,'username','admin','string'),
(291,'fileId','23','int'),
(291,'fileStage','10','int'),
(291,'name','article.pdf','string'),
(291,'originalFileName','article.pdf','string'),
(291,'sourceSubmissionFileId',NULL,'string'),
(291,'submissionFileId','29','int'),
(291,'submissionId','20','int'),
(291,'username','admin','string'),
(292,'decision','Send To Production','string'),
(292,'editorName','admin admin','string'),
(292,'submissionId','20','int'),
(296,'fileId','24','int'),
(296,'fileStage','2','int'),
(296,'originalFileName','article.pdf','string'),
(296,'sourceSubmissionFileId',NULL,'string'),
(296,'submissionFileId','30','int'),
(296,'submissionId','21','int'),
(296,'username','admin','string'),
(297,'fileId','24','int'),
(297,'fileStage','2','int'),
(297,'name','article.pdf','string'),
(297,'submissionFileId','30','int'),
(297,'submissionId','21','int'),
(297,'username','admin','string'),
(298,'fileId','24','int'),
(298,'fileStage','2','int'),
(298,'originalFileName','article.pdf','string'),
(298,'sourceSubmissionFileId',NULL,'string'),
(298,'submissionFileId','30','int'),
(298,'submissionId','21','int'),
(298,'username','admin','string'),
(299,'fileId','24','int'),
(299,'fileStage','2','int'),
(299,'name','article.pdf','string'),
(299,'originalFileName','article.pdf','string'),
(299,'sourceSubmissionFileId',NULL,'string'),
(299,'submissionFileId','30','int'),
(299,'submissionId','21','int'),
(299,'username','admin','string'),
(310,'fileId','25','int'),
(310,'fileStage','2','int'),
(310,'originalFileName','article.pdf','string'),
(310,'sourceSubmissionFileId',NULL,'string'),
(310,'submissionFileId','31','int'),
(310,'submissionId','22','int'),
(310,'username','admin','string'),
(311,'fileId','25','int'),
(311,'fileStage','2','int'),
(311,'name','article.pdf','string'),
(311,'submissionFileId','31','int'),
(311,'submissionId','22','int'),
(311,'username','admin','string'),
(312,'fileId','25','int'),
(312,'fileStage','2','int'),
(312,'originalFileName','article.pdf','string'),
(312,'sourceSubmissionFileId',NULL,'string'),
(312,'submissionFileId','31','int'),
(312,'submissionId','22','int'),
(312,'username','admin','string'),
(313,'fileId','25','int'),
(313,'fileStage','2','int'),
(313,'name','article.pdf','string'),
(313,'originalFileName','article.pdf','string'),
(313,'sourceSubmissionFileId',NULL,'string'),
(313,'submissionFileId','31','int'),
(313,'submissionId','22','int'),
(313,'username','admin','string'),
(322,'fileId','26','int'),
(322,'fileStage','2','int'),
(322,'originalFileName','article.pdf','string'),
(322,'sourceSubmissionFileId',NULL,'string'),
(322,'submissionFileId','32','int'),
(322,'submissionId','23','int'),
(322,'username','admin','string'),
(323,'fileId','26','int'),
(323,'fileStage','2','int'),
(323,'name','article.pdf','string'),
(323,'submissionFileId','32','int'),
(323,'submissionId','23','int'),
(323,'username','admin','string'),
(324,'fileId','26','int'),
(324,'fileStage','2','int'),
(324,'originalFileName','article.pdf','string'),
(324,'sourceSubmissionFileId',NULL,'string'),
(324,'submissionFileId','32','int'),
(324,'submissionId','23','int'),
(324,'username','admin','string'),
(325,'fileId','26','int'),
(325,'fileStage','2','int'),
(325,'name','article.pdf','string'),
(325,'originalFileName','article.pdf','string'),
(325,'sourceSubmissionFileId',NULL,'string'),
(325,'submissionFileId','32','int'),
(325,'submissionId','23','int'),
(325,'username','admin','string'),
(331,'fileId','27','int'),
(331,'fileStage','2','int'),
(331,'originalFileName','article.pdf','string'),
(331,'sourceSubmissionFileId',NULL,'string'),
(331,'submissionFileId','33','int'),
(331,'submissionId','24','int'),
(331,'username','admin','string'),
(332,'fileId','27','int'),
(332,'fileStage','2','int'),
(332,'name','article.pdf','string'),
(332,'submissionFileId','33','int'),
(332,'submissionId','24','int'),
(332,'username','admin','string'),
(333,'fileId','27','int'),
(333,'fileStage','2','int'),
(333,'originalFileName','article.pdf','string'),
(333,'sourceSubmissionFileId',NULL,'string'),
(333,'submissionFileId','33','int'),
(333,'submissionId','24','int'),
(333,'username','admin','string'),
(334,'fileId','27','int'),
(334,'fileStage','2','int'),
(334,'name','article.pdf','string'),
(334,'originalFileName','article.pdf','string'),
(334,'sourceSubmissionFileId',NULL,'string'),
(334,'submissionFileId','33','int'),
(334,'submissionId','24','int'),
(334,'username','admin','string'),
(340,'fileId','28','int'),
(340,'fileStage','2','int'),
(340,'originalFileName','article.pdf','string'),
(340,'sourceSubmissionFileId',NULL,'string'),
(340,'submissionFileId','34','int'),
(340,'submissionId','25','int'),
(340,'username','admin','string'),
(341,'fileId','28','int'),
(341,'fileStage','2','int'),
(341,'name','article.pdf','string'),
(341,'submissionFileId','34','int'),
(341,'submissionId','25','int'),
(341,'username','admin','string'),
(342,'fileId','28','int'),
(342,'fileStage','2','int'),
(342,'originalFileName','article.pdf','string'),
(342,'sourceSubmissionFileId',NULL,'string'),
(342,'submissionFileId','34','int'),
(342,'submissionId','25','int'),
(342,'username','admin','string'),
(343,'fileId','28','int'),
(343,'fileStage','2','int'),
(343,'name','article.pdf','string'),
(343,'originalFileName','article.pdf','string'),
(343,'sourceSubmissionFileId',NULL,'string'),
(343,'submissionFileId','34','int'),
(343,'submissionId','25','int'),
(343,'username','admin','string'),
(351,'fileId','29','int'),
(351,'fileStage','2','int'),
(351,'originalFileName','article.pdf','string'),
(351,'sourceSubmissionFileId',NULL,'string'),
(351,'submissionFileId','35','int'),
(351,'submissionId','26','int'),
(351,'username','admin','string'),
(352,'fileId','29','int'),
(352,'fileStage','2','int'),
(352,'name','article.pdf','string'),
(352,'submissionFileId','35','int'),
(352,'submissionId','26','int'),
(352,'username','admin','string'),
(353,'fileId','29','int'),
(353,'fileStage','2','int'),
(353,'originalFileName','article.pdf','string'),
(353,'sourceSubmissionFileId',NULL,'string'),
(353,'submissionFileId','35','int'),
(353,'submissionId','26','int'),
(353,'username','admin','string'),
(354,'fileId','29','int'),
(354,'fileStage','2','int'),
(354,'name','article.pdf','string'),
(354,'originalFileName','article.pdf','string'),
(354,'sourceSubmissionFileId',NULL,'string'),
(354,'submissionFileId','35','int'),
(354,'submissionId','26','int'),
(354,'username','admin','string'),
(362,'fileId','30','int'),
(362,'fileStage','2','int'),
(362,'originalFileName','article.pdf','string'),
(362,'sourceSubmissionFileId',NULL,'string'),
(362,'submissionFileId','36','int'),
(362,'submissionId','27','int'),
(362,'username','admin','string'),
(363,'fileId','30','int'),
(363,'fileStage','2','int'),
(363,'name','article.pdf','string'),
(363,'submissionFileId','36','int'),
(363,'submissionId','27','int'),
(363,'username','admin','string'),
(364,'fileId','30','int'),
(364,'fileStage','2','int'),
(364,'originalFileName','article.pdf','string'),
(364,'sourceSubmissionFileId',NULL,'string'),
(364,'submissionFileId','36','int'),
(364,'submissionId','27','int'),
(364,'username','admin','string'),
(365,'fileId','30','int'),
(365,'fileStage','2','int'),
(365,'name','article.pdf','string'),
(365,'originalFileName','article.pdf','string'),
(365,'sourceSubmissionFileId',NULL,'string'),
(365,'submissionFileId','36','int'),
(365,'submissionId','27','int'),
(365,'username','admin','string'),
(375,'fileId','31','int'),
(375,'fileStage','2','int'),
(375,'originalFileName','article.pdf','string'),
(375,'sourceSubmissionFileId',NULL,'string'),
(375,'submissionFileId','37','int'),
(375,'submissionId','28','int'),
(375,'username','admin','string'),
(376,'fileId','31','int'),
(376,'fileStage','2','int'),
(376,'name','article.pdf','string'),
(376,'submissionFileId','37','int'),
(376,'submissionId','28','int'),
(376,'username','admin','string'),
(377,'fileId','31','int'),
(377,'fileStage','2','int'),
(377,'originalFileName','article.pdf','string'),
(377,'sourceSubmissionFileId',NULL,'string'),
(377,'submissionFileId','37','int'),
(377,'submissionId','28','int'),
(377,'username','admin','string'),
(378,'fileId','31','int'),
(378,'fileStage','2','int'),
(378,'name','article.pdf','string'),
(378,'originalFileName','article.pdf','string'),
(378,'sourceSubmissionFileId',NULL,'string'),
(378,'submissionFileId','37','int'),
(378,'submissionId','28','int'),
(378,'username','admin','string'),
(387,'fileId','32','int'),
(387,'fileStage','2','int'),
(387,'originalFileName','article.pdf','string'),
(387,'sourceSubmissionFileId',NULL,'string'),
(387,'submissionFileId','38','int'),
(387,'submissionId','29','int'),
(387,'username','admin','string'),
(388,'fileId','32','int'),
(388,'fileStage','2','int'),
(388,'name','article.pdf','string'),
(388,'submissionFileId','38','int'),
(388,'submissionId','29','int'),
(388,'username','admin','string'),
(389,'fileId','32','int'),
(389,'fileStage','2','int'),
(389,'originalFileName','article.pdf','string'),
(389,'sourceSubmissionFileId',NULL,'string'),
(389,'submissionFileId','38','int'),
(389,'submissionId','29','int'),
(389,'username','admin','string'),
(390,'fileId','32','int'),
(390,'fileStage','2','int'),
(390,'name','article.pdf','string'),
(390,'originalFileName','article.pdf','string'),
(390,'sourceSubmissionFileId',NULL,'string'),
(390,'submissionFileId','38','int'),
(390,'submissionId','29','int'),
(390,'username','admin','string'),
(401,'fileId','33','int'),
(401,'fileStage','2','int'),
(401,'originalFileName','article.pdf','string'),
(401,'sourceSubmissionFileId',NULL,'string'),
(401,'submissionFileId','39','int'),
(401,'submissionId','30','int'),
(401,'username','admin','string'),
(402,'fileId','33','int'),
(402,'fileStage','2','int'),
(402,'name','article.pdf','string'),
(402,'submissionFileId','39','int'),
(402,'submissionId','30','int'),
(402,'username','admin','string'),
(403,'fileId','33','int'),
(403,'fileStage','2','int'),
(403,'originalFileName','article.pdf','string'),
(403,'sourceSubmissionFileId',NULL,'string'),
(403,'submissionFileId','39','int'),
(403,'submissionId','30','int'),
(403,'username','admin','string'),
(404,'fileId','33','int'),
(404,'fileStage','2','int'),
(404,'name','article.pdf','string'),
(404,'originalFileName','article.pdf','string'),
(404,'sourceSubmissionFileId',NULL,'string'),
(404,'submissionFileId','39','int'),
(404,'submissionId','30','int'),
(404,'username','admin','string'),
(421,'fileId','34','int'),
(421,'fileStage','2','int'),
(421,'originalFileName','article.pdf','string'),
(421,'sourceSubmissionFileId',NULL,'string'),
(421,'submissionFileId','40','int'),
(421,'submissionId','31','int'),
(421,'username','admin','string'),
(422,'fileId','34','int'),
(422,'fileStage','2','int'),
(422,'name','article.pdf','string'),
(422,'submissionFileId','40','int'),
(422,'submissionId','31','int'),
(422,'username','admin','string'),
(423,'fileId','34','int'),
(423,'fileStage','2','int'),
(423,'originalFileName','article.pdf','string'),
(423,'sourceSubmissionFileId',NULL,'string'),
(423,'submissionFileId','40','int'),
(423,'submissionId','31','int'),
(423,'username','admin','string'),
(424,'fileId','34','int'),
(424,'fileStage','2','int'),
(424,'name','article.pdf','string'),
(424,'originalFileName','article.pdf','string'),
(424,'sourceSubmissionFileId',NULL,'string'),
(424,'submissionFileId','40','int'),
(424,'submissionId','31','int'),
(424,'username','admin','string'),
(438,'decision','Accept and Skip Review','string'),
(438,'editorName','admin admin','string'),
(438,'submissionId','21','int'),
(439,'fileId','24','int'),
(439,'fileStage','6','int'),
(439,'originalFileName','article.pdf','string'),
(439,'sourceSubmissionFileId','30','int'),
(439,'submissionFileId','41','int'),
(439,'submissionId','21','int'),
(439,'username','admin','string'),
(440,'fileId','24','int'),
(440,'fileStage','6','int'),
(440,'name','article.pdf','string'),
(440,'submissionFileId','41','int'),
(440,'submissionId','21','int'),
(440,'username','admin','string'),
(441,'decision','Send To Production','string'),
(441,'editorName','admin admin','string'),
(441,'submissionId','21','int'),
(442,'fileId','35','int'),
(442,'fileStage','10','int'),
(442,'originalFileName','article.pdf','string'),
(442,'sourceSubmissionFileId',NULL,'string'),
(442,'submissionFileId','42','int'),
(442,'submissionId','21','int'),
(442,'username','admin','string'),
(443,'fileId','35','int'),
(443,'fileStage','10','int'),
(443,'name','article.pdf','string'),
(443,'submissionFileId','42','int'),
(443,'submissionId','21','int'),
(443,'username','admin','string'),
(444,'fileId','35','int'),
(444,'fileStage','10','int'),
(444,'originalFileName','article.pdf','string'),
(444,'sourceSubmissionFileId',NULL,'string'),
(444,'submissionFileId','42','int'),
(444,'submissionId','21','int'),
(444,'username','admin','string'),
(445,'fileId','35','int'),
(445,'fileStage','10','int'),
(445,'name','article.pdf','string'),
(445,'originalFileName','article.pdf','string'),
(445,'sourceSubmissionFileId',NULL,'string'),
(445,'submissionFileId','42','int'),
(445,'submissionId','21','int'),
(445,'username','admin','string'),
(448,'decision','Accept and Skip Review','string'),
(448,'editorName','admin admin','string'),
(448,'submissionId','22','int'),
(449,'fileId','25','int'),
(449,'fileStage','6','int'),
(449,'originalFileName','article.pdf','string'),
(449,'sourceSubmissionFileId','31','int'),
(449,'submissionFileId','43','int'),
(449,'submissionId','22','int'),
(449,'username','admin','string'),
(450,'fileId','25','int'),
(450,'fileStage','6','int'),
(450,'name','article.pdf','string'),
(450,'submissionFileId','43','int'),
(450,'submissionId','22','int'),
(450,'username','admin','string'),
(451,'decision','Send To Production','string'),
(451,'editorName','admin admin','string'),
(451,'submissionId','22','int'),
(452,'fileId','36','int'),
(452,'fileStage','10','int'),
(452,'originalFileName','article.pdf','string'),
(452,'sourceSubmissionFileId',NULL,'string'),
(452,'submissionFileId','44','int'),
(452,'submissionId','22','int'),
(452,'username','admin','string'),
(453,'fileId','36','int'),
(453,'fileStage','10','int'),
(453,'name','article.pdf','string'),
(453,'submissionFileId','44','int'),
(453,'submissionId','22','int'),
(453,'username','admin','string'),
(454,'fileId','36','int'),
(454,'fileStage','10','int'),
(454,'originalFileName','article.pdf','string'),
(454,'sourceSubmissionFileId',NULL,'string'),
(454,'submissionFileId','44','int'),
(454,'submissionId','22','int'),
(454,'username','admin','string'),
(455,'fileId','36','int'),
(455,'fileStage','10','int'),
(455,'name','article.pdf','string'),
(455,'originalFileName','article.pdf','string'),
(455,'sourceSubmissionFileId',NULL,'string'),
(455,'submissionFileId','44','int'),
(455,'submissionId','22','int'),
(455,'username','admin','string'),
(458,'decision','Accept and Skip Review','string'),
(458,'editorName','admin admin','string'),
(458,'submissionId','23','int'),
(459,'fileId','26','int'),
(459,'fileStage','6','int'),
(459,'originalFileName','article.pdf','string'),
(459,'sourceSubmissionFileId','32','int'),
(459,'submissionFileId','45','int'),
(459,'submissionId','23','int'),
(459,'username','admin','string'),
(460,'fileId','26','int'),
(460,'fileStage','6','int'),
(460,'name','article.pdf','string'),
(460,'submissionFileId','45','int'),
(460,'submissionId','23','int'),
(460,'username','admin','string'),
(461,'fileId','37','int'),
(461,'fileStage','10','int'),
(461,'originalFileName','article.pdf','string'),
(461,'sourceSubmissionFileId',NULL,'string'),
(461,'submissionFileId','46','int'),
(461,'submissionId','23','int'),
(461,'username','admin','string'),
(462,'fileId','37','int'),
(462,'fileStage','10','int'),
(462,'name','article.pdf','string'),
(462,'submissionFileId','46','int'),
(462,'submissionId','23','int'),
(462,'username','admin','string'),
(463,'fileId','37','int'),
(463,'fileStage','10','int'),
(463,'originalFileName','article.pdf','string'),
(463,'sourceSubmissionFileId',NULL,'string'),
(463,'submissionFileId','46','int'),
(463,'submissionId','23','int'),
(463,'username','admin','string'),
(464,'fileId','37','int'),
(464,'fileStage','10','int'),
(464,'name','article.pdf','string'),
(464,'originalFileName','article.pdf','string'),
(464,'sourceSubmissionFileId',NULL,'string'),
(464,'submissionFileId','46','int'),
(464,'submissionId','23','int'),
(464,'username','admin','string'),
(467,'decision','Accept and Skip Review','string'),
(467,'editorName','admin admin','string'),
(467,'submissionId','24','int'),
(468,'fileId','27','int'),
(468,'fileStage','6','int'),
(468,'originalFileName','article.pdf','string'),
(468,'sourceSubmissionFileId','33','int'),
(468,'submissionFileId','47','int'),
(468,'submissionId','24','int'),
(468,'username','admin','string'),
(469,'fileId','27','int'),
(469,'fileStage','6','int'),
(469,'name','article.pdf','string'),
(469,'submissionFileId','47','int'),
(469,'submissionId','24','int'),
(469,'username','admin','string'),
(470,'fileId','38','int'),
(470,'fileStage','10','int'),
(470,'originalFileName','article.pdf','string'),
(470,'sourceSubmissionFileId',NULL,'string'),
(470,'submissionFileId','48','int'),
(470,'submissionId','24','int'),
(470,'username','admin','string'),
(471,'fileId','38','int'),
(471,'fileStage','10','int'),
(471,'name','article.pdf','string'),
(471,'submissionFileId','48','int'),
(471,'submissionId','24','int'),
(471,'username','admin','string'),
(472,'fileId','38','int'),
(472,'fileStage','10','int'),
(472,'originalFileName','article.pdf','string'),
(472,'sourceSubmissionFileId',NULL,'string'),
(472,'submissionFileId','48','int'),
(472,'submissionId','24','int'),
(472,'username','admin','string'),
(473,'fileId','38','int'),
(473,'fileStage','10','int'),
(473,'name','article.pdf','string'),
(473,'originalFileName','article.pdf','string'),
(473,'sourceSubmissionFileId',NULL,'string'),
(473,'submissionFileId','48','int'),
(473,'submissionId','24','int'),
(473,'username','admin','string'),
(476,'decision','Accept and Skip Review','string'),
(476,'editorName','admin admin','string'),
(476,'submissionId','25','int'),
(477,'fileId','28','int'),
(477,'fileStage','6','int'),
(477,'originalFileName','article.pdf','string'),
(477,'sourceSubmissionFileId','34','int'),
(477,'submissionFileId','49','int'),
(477,'submissionId','25','int'),
(477,'username','admin','string'),
(478,'fileId','28','int'),
(478,'fileStage','6','int'),
(478,'name','article.pdf','string'),
(478,'submissionFileId','49','int'),
(478,'submissionId','25','int'),
(478,'username','admin','string'),
(479,'fileId','39','int'),
(479,'fileStage','10','int'),
(479,'originalFileName','article.pdf','string'),
(479,'sourceSubmissionFileId',NULL,'string'),
(479,'submissionFileId','50','int'),
(479,'submissionId','25','int'),
(479,'username','admin','string'),
(480,'fileId','39','int'),
(480,'fileStage','10','int'),
(480,'name','article.pdf','string'),
(480,'submissionFileId','50','int'),
(480,'submissionId','25','int'),
(480,'username','admin','string'),
(481,'fileId','39','int'),
(481,'fileStage','10','int'),
(481,'originalFileName','article.pdf','string'),
(481,'sourceSubmissionFileId',NULL,'string'),
(481,'submissionFileId','50','int'),
(481,'submissionId','25','int'),
(481,'username','admin','string'),
(482,'fileId','39','int'),
(482,'fileStage','10','int'),
(482,'name','article.pdf','string'),
(482,'originalFileName','article.pdf','string'),
(482,'sourceSubmissionFileId',NULL,'string'),
(482,'submissionFileId','50','int'),
(482,'submissionId','25','int'),
(482,'username','admin','string'),
(485,'decision','Accept and Skip Review','string'),
(485,'editorName','admin admin','string'),
(485,'submissionId','26','int'),
(486,'fileId','29','int'),
(486,'fileStage','6','int'),
(486,'originalFileName','article.pdf','string'),
(486,'sourceSubmissionFileId','35','int'),
(486,'submissionFileId','51','int'),
(486,'submissionId','26','int'),
(486,'username','admin','string'),
(487,'fileId','29','int'),
(487,'fileStage','6','int'),
(487,'name','article.pdf','string'),
(487,'submissionFileId','51','int'),
(487,'submissionId','26','int'),
(487,'username','admin','string'),
(488,'fileId','40','int'),
(488,'fileStage','10','int'),
(488,'originalFileName','article.pdf','string'),
(488,'sourceSubmissionFileId',NULL,'string'),
(488,'submissionFileId','52','int'),
(488,'submissionId','26','int'),
(488,'username','admin','string'),
(489,'fileId','40','int'),
(489,'fileStage','10','int'),
(489,'name','article.pdf','string'),
(489,'submissionFileId','52','int'),
(489,'submissionId','26','int'),
(489,'username','admin','string'),
(490,'fileId','40','int'),
(490,'fileStage','10','int'),
(490,'originalFileName','article.pdf','string'),
(490,'sourceSubmissionFileId',NULL,'string'),
(490,'submissionFileId','52','int'),
(490,'submissionId','26','int'),
(490,'username','admin','string'),
(491,'fileId','40','int'),
(491,'fileStage','10','int'),
(491,'name','article.pdf','string'),
(491,'originalFileName','article.pdf','string'),
(491,'sourceSubmissionFileId',NULL,'string'),
(491,'submissionFileId','52','int'),
(491,'submissionId','26','int'),
(491,'username','admin','string'),
(494,'decision','Accept and Skip Review','string'),
(494,'editorName','admin admin','string'),
(494,'submissionId','27','int'),
(495,'fileId','30','int'),
(495,'fileStage','6','int'),
(495,'originalFileName','article.pdf','string'),
(495,'sourceSubmissionFileId','36','int'),
(495,'submissionFileId','53','int'),
(495,'submissionId','27','int'),
(495,'username','admin','string'),
(496,'fileId','30','int'),
(496,'fileStage','6','int'),
(496,'name','article.pdf','string'),
(496,'submissionFileId','53','int'),
(496,'submissionId','27','int'),
(496,'username','admin','string'),
(497,'fileId','41','int'),
(497,'fileStage','10','int'),
(497,'originalFileName','article.pdf','string'),
(497,'sourceSubmissionFileId',NULL,'string'),
(497,'submissionFileId','54','int'),
(497,'submissionId','27','int'),
(497,'username','admin','string'),
(498,'fileId','41','int'),
(498,'fileStage','10','int'),
(498,'name','article.pdf','string'),
(498,'submissionFileId','54','int'),
(498,'submissionId','27','int'),
(498,'username','admin','string'),
(499,'fileId','41','int'),
(499,'fileStage','10','int'),
(499,'originalFileName','article.pdf','string'),
(499,'sourceSubmissionFileId',NULL,'string'),
(499,'submissionFileId','54','int'),
(499,'submissionId','27','int'),
(499,'username','admin','string'),
(500,'fileId','41','int'),
(500,'fileStage','10','int'),
(500,'name','article.pdf','string'),
(500,'originalFileName','article.pdf','string'),
(500,'sourceSubmissionFileId',NULL,'string'),
(500,'submissionFileId','54','int'),
(500,'submissionId','27','int'),
(500,'username','admin','string'),
(503,'decision','Accept and Skip Review','string'),
(503,'editorName','admin admin','string'),
(503,'submissionId','28','int'),
(504,'fileId','31','int'),
(504,'fileStage','6','int'),
(504,'originalFileName','article.pdf','string'),
(504,'sourceSubmissionFileId','37','int'),
(504,'submissionFileId','55','int'),
(504,'submissionId','28','int'),
(504,'username','admin','string'),
(505,'fileId','31','int'),
(505,'fileStage','6','int'),
(505,'name','article.pdf','string'),
(505,'submissionFileId','55','int'),
(505,'submissionId','28','int'),
(505,'username','admin','string'),
(506,'fileId','42','int'),
(506,'fileStage','10','int'),
(506,'originalFileName','article.pdf','string'),
(506,'sourceSubmissionFileId',NULL,'string'),
(506,'submissionFileId','56','int'),
(506,'submissionId','28','int'),
(506,'username','admin','string'),
(507,'fileId','42','int'),
(507,'fileStage','10','int'),
(507,'name','article.pdf','string'),
(507,'submissionFileId','56','int'),
(507,'submissionId','28','int'),
(507,'username','admin','string'),
(508,'fileId','42','int'),
(508,'fileStage','10','int'),
(508,'originalFileName','article.pdf','string'),
(508,'sourceSubmissionFileId',NULL,'string'),
(508,'submissionFileId','56','int'),
(508,'submissionId','28','int'),
(508,'username','admin','string'),
(509,'fileId','42','int'),
(509,'fileStage','10','int'),
(509,'name','article.pdf','string'),
(509,'originalFileName','article.pdf','string'),
(509,'sourceSubmissionFileId',NULL,'string'),
(509,'submissionFileId','56','int'),
(509,'submissionId','28','int'),
(509,'username','admin','string'),
(512,'decision','Accept and Skip Review','string'),
(512,'editorName','admin admin','string'),
(512,'submissionId','29','int'),
(513,'fileId','32','int'),
(513,'fileStage','6','int'),
(513,'originalFileName','article.pdf','string'),
(513,'sourceSubmissionFileId','38','int'),
(513,'submissionFileId','57','int'),
(513,'submissionId','29','int'),
(513,'username','admin','string'),
(514,'fileId','32','int'),
(514,'fileStage','6','int'),
(514,'name','article.pdf','string'),
(514,'submissionFileId','57','int'),
(514,'submissionId','29','int'),
(514,'username','admin','string'),
(515,'fileId','43','int'),
(515,'fileStage','10','int'),
(515,'originalFileName','article.pdf','string'),
(515,'sourceSubmissionFileId',NULL,'string'),
(515,'submissionFileId','58','int'),
(515,'submissionId','29','int'),
(515,'username','admin','string'),
(516,'fileId','43','int'),
(516,'fileStage','10','int'),
(516,'name','article.pdf','string'),
(516,'submissionFileId','58','int'),
(516,'submissionId','29','int'),
(516,'username','admin','string'),
(517,'fileId','43','int'),
(517,'fileStage','10','int'),
(517,'originalFileName','article.pdf','string'),
(517,'sourceSubmissionFileId',NULL,'string'),
(517,'submissionFileId','58','int'),
(517,'submissionId','29','int'),
(517,'username','admin','string'),
(518,'fileId','43','int'),
(518,'fileStage','10','int'),
(518,'name','article.pdf','string'),
(518,'originalFileName','article.pdf','string'),
(518,'sourceSubmissionFileId',NULL,'string'),
(518,'submissionFileId','58','int'),
(518,'submissionId','29','int'),
(518,'username','admin','string'),
(521,'decision','Accept and Skip Review','string'),
(521,'editorName','admin admin','string'),
(521,'submissionId','31','int'),
(522,'fileId','34','int'),
(522,'fileStage','6','int'),
(522,'originalFileName','article.pdf','string'),
(522,'sourceSubmissionFileId','40','int'),
(522,'submissionFileId','59','int'),
(522,'submissionId','31','int'),
(522,'username','admin','string'),
(523,'fileId','34','int'),
(523,'fileStage','6','int'),
(523,'name','article.pdf','string'),
(523,'submissionFileId','59','int'),
(523,'submissionId','31','int'),
(523,'username','admin','string'),
(524,'fileId','44','int'),
(524,'fileStage','10','int'),
(524,'originalFileName','article.pdf','string'),
(524,'sourceSubmissionFileId',NULL,'string'),
(524,'submissionFileId','60','int'),
(524,'submissionId','31','int'),
(524,'username','admin','string'),
(525,'fileId','44','int'),
(525,'fileStage','10','int'),
(525,'name','article.pdf','string'),
(525,'submissionFileId','60','int'),
(525,'submissionId','31','int'),
(525,'username','admin','string'),
(526,'fileId','44','int'),
(526,'fileStage','10','int'),
(526,'originalFileName','article.pdf','string'),
(526,'sourceSubmissionFileId',NULL,'string'),
(526,'submissionFileId','60','int'),
(526,'submissionId','31','int'),
(526,'username','admin','string'),
(527,'fileId','44','int'),
(527,'fileStage','10','int'),
(527,'name','article.pdf','string'),
(527,'originalFileName','article.pdf','string'),
(527,'sourceSubmissionFileId',NULL,'string'),
(527,'submissionFileId','60','int'),
(527,'submissionId','31','int'),
(527,'username','admin','string'),
(530,'decision','Accept and Skip Review','string'),
(530,'editorName','admin admin','string'),
(530,'submissionId','30','int'),
(531,'fileId','33','int'),
(531,'fileStage','6','int'),
(531,'originalFileName','article.pdf','string'),
(531,'sourceSubmissionFileId','39','int'),
(531,'submissionFileId','61','int'),
(531,'submissionId','30','int'),
(531,'username','admin','string'),
(532,'fileId','33','int'),
(532,'fileStage','6','int'),
(532,'name','article.pdf','string'),
(532,'submissionFileId','61','int'),
(532,'submissionId','30','int'),
(532,'username','admin','string'),
(533,'fileId','45','int'),
(533,'fileStage','10','int'),
(533,'originalFileName','article.pdf','string'),
(533,'sourceSubmissionFileId',NULL,'string'),
(533,'submissionFileId','62','int'),
(533,'submissionId','30','int'),
(533,'username','admin','string'),
(534,'fileId','45','int'),
(534,'fileStage','10','int'),
(534,'name','article.pdf','string'),
(534,'submissionFileId','62','int'),
(534,'submissionId','30','int'),
(534,'username','admin','string'),
(535,'fileId','45','int'),
(535,'fileStage','10','int'),
(535,'originalFileName','article.pdf','string'),
(535,'sourceSubmissionFileId',NULL,'string'),
(535,'submissionFileId','62','int'),
(535,'submissionId','30','int'),
(535,'username','admin','string'),
(536,'fileId','45','int'),
(536,'fileStage','10','int'),
(536,'name','article.pdf','string'),
(536,'originalFileName','article.pdf','string'),
(536,'sourceSubmissionFileId',NULL,'string'),
(536,'submissionFileId','62','int'),
(536,'submissionId','30','int'),
(536,'username','admin','string'),
(540,'fileId','46','int'),
(540,'fileStage','2','int'),
(540,'originalFileName','article.pdf','string'),
(540,'sourceSubmissionFileId',NULL,'string'),
(540,'submissionFileId','63','int'),
(540,'submissionId','32','int'),
(540,'username','admin','string'),
(541,'fileId','46','int'),
(541,'fileStage','2','int'),
(541,'name','article.pdf','string'),
(541,'submissionFileId','63','int'),
(541,'submissionId','32','int'),
(541,'username','admin','string'),
(542,'fileId','46','int'),
(542,'fileStage','2','int'),
(542,'originalFileName','article.pdf','string'),
(542,'sourceSubmissionFileId',NULL,'string'),
(542,'submissionFileId','63','int'),
(542,'submissionId','32','int'),
(542,'username','admin','string'),
(543,'fileId','46','int'),
(543,'fileStage','2','int'),
(543,'name','article.pdf','string'),
(543,'originalFileName','article.pdf','string'),
(543,'sourceSubmissionFileId',NULL,'string'),
(543,'submissionFileId','63','int'),
(543,'submissionId','32','int'),
(543,'username','admin','string'),
(555,'fileId','47','int'),
(555,'fileStage','2','int'),
(555,'originalFileName','article.pdf','string'),
(555,'sourceSubmissionFileId',NULL,'string'),
(555,'submissionFileId','64','int'),
(555,'submissionId','33','int'),
(555,'username','admin','string'),
(556,'fileId','47','int'),
(556,'fileStage','2','int'),
(556,'name','article.pdf','string'),
(556,'submissionFileId','64','int'),
(556,'submissionId','33','int'),
(556,'username','admin','string'),
(557,'fileId','47','int'),
(557,'fileStage','2','int'),
(557,'originalFileName','article.pdf','string'),
(557,'sourceSubmissionFileId',NULL,'string'),
(557,'submissionFileId','64','int'),
(557,'submissionId','33','int'),
(557,'username','admin','string'),
(558,'fileId','47','int'),
(558,'fileStage','2','int'),
(558,'name','article.pdf','string'),
(558,'originalFileName','article.pdf','string'),
(558,'sourceSubmissionFileId',NULL,'string'),
(558,'submissionFileId','64','int'),
(558,'submissionId','33','int'),
(558,'username','admin','string'),
(564,'fileId','48','int'),
(564,'fileStage','2','int'),
(564,'originalFileName','article.pdf','string'),
(564,'sourceSubmissionFileId',NULL,'string'),
(564,'submissionFileId','65','int'),
(564,'submissionId','34','int'),
(564,'username','admin','string'),
(565,'fileId','48','int'),
(565,'fileStage','2','int'),
(565,'name','article.pdf','string'),
(565,'submissionFileId','65','int'),
(565,'submissionId','34','int'),
(565,'username','admin','string'),
(566,'fileId','48','int'),
(566,'fileStage','2','int'),
(566,'originalFileName','article.pdf','string'),
(566,'sourceSubmissionFileId',NULL,'string'),
(566,'submissionFileId','65','int'),
(566,'submissionId','34','int'),
(566,'username','admin','string'),
(567,'fileId','48','int'),
(567,'fileStage','2','int'),
(567,'name','article.pdf','string'),
(567,'originalFileName','article.pdf','string'),
(567,'sourceSubmissionFileId',NULL,'string'),
(567,'submissionFileId','65','int'),
(567,'submissionId','34','int'),
(567,'username','admin','string'),
(576,'fileId','49','int'),
(576,'fileStage','2','int'),
(576,'originalFileName','article.pdf','string'),
(576,'sourceSubmissionFileId',NULL,'string'),
(576,'submissionFileId','66','int'),
(576,'submissionId','35','int'),
(576,'username','admin','string'),
(578,'fileId','49','int'),
(578,'fileStage','2','int'),
(578,'originalFileName','article.pdf','string'),
(578,'sourceSubmissionFileId',NULL,'string'),
(578,'submissionFileId','66','int'),
(578,'submissionId','35','int'),
(578,'username','admin','string'),
(587,'fileId','50','int'),
(587,'fileStage','2','int'),
(587,'originalFileName','article.pdf','string'),
(587,'sourceSubmissionFileId',NULL,'string'),
(587,'submissionFileId','67','int'),
(587,'submissionId','36','int'),
(587,'username','admin','string'),
(589,'fileId','50','int'),
(589,'fileStage','2','int'),
(589,'originalFileName','article.pdf','string'),
(589,'sourceSubmissionFileId',NULL,'string'),
(589,'submissionFileId','67','int'),
(589,'submissionId','36','int'),
(589,'username','admin','string'),
(594,'fileStage','2','int'),
(594,'sourceSubmissionFileId',NULL,'string'),
(594,'submissionFileId','67','int'),
(594,'submissionId','36','int'),
(594,'username','admin','string'),
(596,'fileStage','2','int'),
(596,'sourceSubmissionFileId',NULL,'string'),
(596,'submissionFileId','66','int'),
(596,'submissionId','35','int'),
(596,'username','admin','string'),
(599,'fileId','51','int'),
(599,'fileStage','2','int'),
(599,'originalFileName','article.pdf','string'),
(599,'sourceSubmissionFileId',NULL,'string'),
(599,'submissionFileId','68','int'),
(599,'submissionId','37','int'),
(599,'username','admin','string'),
(601,'fileId','51','int'),
(601,'fileStage','2','int'),
(601,'originalFileName','article.pdf','string'),
(601,'sourceSubmissionFileId',NULL,'string'),
(601,'submissionFileId','68','int'),
(601,'submissionId','37','int'),
(601,'username','admin','string'),
(606,'fileStage','2','int'),
(606,'sourceSubmissionFileId',NULL,'string'),
(606,'submissionFileId','68','int'),
(606,'submissionId','37','int'),
(606,'username','admin','string'),
(609,'fileId','52','int'),
(609,'fileStage','2','int'),
(609,'originalFileName','article.pdf','string'),
(609,'sourceSubmissionFileId',NULL,'string'),
(609,'submissionFileId','69','int'),
(609,'submissionId','38','int'),
(609,'username','admin','string'),
(611,'fileId','52','int'),
(611,'fileStage','2','int'),
(611,'originalFileName','article.pdf','string'),
(611,'sourceSubmissionFileId',NULL,'string'),
(611,'submissionFileId','69','int'),
(611,'submissionId','38','int'),
(611,'username','admin','string'),
(616,'fileStage','2','int'),
(616,'sourceSubmissionFileId',NULL,'string'),
(616,'submissionFileId','69','int'),
(616,'submissionId','38','int'),
(616,'username','admin','string'),
(619,'fileId','53','int'),
(619,'fileStage','2','int'),
(619,'originalFileName','article.pdf','string'),
(619,'sourceSubmissionFileId',NULL,'string'),
(619,'submissionFileId','70','int'),
(619,'submissionId','39','int'),
(619,'username','admin','string'),
(620,'fileId','53','int'),
(620,'fileStage','2','int'),
(620,'name','article.pdf','string'),
(620,'submissionFileId','70','int'),
(620,'submissionId','39','int'),
(620,'username','admin','string'),
(621,'fileId','53','int'),
(621,'fileStage','2','int'),
(621,'originalFileName','article.pdf','string'),
(621,'sourceSubmissionFileId',NULL,'string'),
(621,'submissionFileId','70','int'),
(621,'submissionId','39','int'),
(621,'username','admin','string'),
(622,'fileId','53','int'),
(622,'fileStage','2','int'),
(622,'name','article.pdf','string'),
(622,'originalFileName','article.pdf','string'),
(622,'sourceSubmissionFileId',NULL,'string'),
(622,'submissionFileId','70','int'),
(622,'submissionId','39','int'),
(622,'username','admin','string'),
(629,'fileId','54','int'),
(629,'fileStage','2','int'),
(629,'originalFileName','article.pdf','string'),
(629,'sourceSubmissionFileId',NULL,'string'),
(629,'submissionFileId','71','int'),
(629,'submissionId','40','int'),
(629,'username','admin','string'),
(630,'fileId','54','int'),
(630,'fileStage','2','int'),
(630,'name','article.pdf','string'),
(630,'submissionFileId','71','int'),
(630,'submissionId','40','int'),
(630,'username','admin','string'),
(631,'fileId','54','int'),
(631,'fileStage','2','int'),
(631,'originalFileName','article.pdf','string'),
(631,'sourceSubmissionFileId',NULL,'string'),
(631,'submissionFileId','71','int'),
(631,'submissionId','40','int'),
(631,'username','admin','string'),
(632,'fileId','54','int'),
(632,'fileStage','2','int'),
(632,'name','article.pdf','string'),
(632,'originalFileName','article.pdf','string'),
(632,'sourceSubmissionFileId',NULL,'string'),
(632,'submissionFileId','71','int'),
(632,'submissionId','40','int'),
(632,'username','admin','string'),
(640,'fileId','55','int'),
(640,'fileStage','2','int'),
(640,'originalFileName','article.pdf','string'),
(640,'sourceSubmissionFileId',NULL,'string'),
(640,'submissionFileId','72','int'),
(640,'submissionId','41','int'),
(640,'username','admin','string'),
(641,'fileId','55','int'),
(641,'fileStage','2','int'),
(641,'name','article.pdf','string'),
(641,'submissionFileId','72','int'),
(641,'submissionId','41','int'),
(641,'username','admin','string'),
(642,'fileId','55','int'),
(642,'fileStage','2','int'),
(642,'originalFileName','article.pdf','string'),
(642,'sourceSubmissionFileId',NULL,'string'),
(642,'submissionFileId','72','int'),
(642,'submissionId','41','int'),
(642,'username','admin','string'),
(643,'fileId','55','int'),
(643,'fileStage','2','int'),
(643,'name','article.pdf','string'),
(643,'originalFileName','article.pdf','string'),
(643,'sourceSubmissionFileId',NULL,'string'),
(643,'submissionFileId','72','int'),
(643,'submissionId','41','int'),
(643,'username','admin','string'),
(652,'decision','Accept and Skip Review','string'),
(652,'editorName','admin admin','string'),
(652,'submissionId','32','int'),
(653,'fileId','46','int'),
(653,'fileStage','6','int'),
(653,'originalFileName','article.pdf','string'),
(653,'sourceSubmissionFileId','63','int'),
(653,'submissionFileId','73','int'),
(653,'submissionId','32','int'),
(653,'username','admin','string'),
(654,'fileId','46','int'),
(654,'fileStage','6','int'),
(654,'name','article.pdf','string'),
(654,'submissionFileId','73','int'),
(654,'submissionId','32','int'),
(654,'username','admin','string'),
(655,'fileId','56','int'),
(655,'fileStage','10','int'),
(655,'originalFileName','article.pdf','string'),
(655,'sourceSubmissionFileId',NULL,'string'),
(655,'submissionFileId','74','int'),
(655,'submissionId','32','int'),
(655,'username','admin','string'),
(656,'fileId','56','int'),
(656,'fileStage','10','int'),
(656,'name','article.pdf','string'),
(656,'submissionFileId','74','int'),
(656,'submissionId','32','int'),
(656,'username','admin','string'),
(657,'fileId','56','int'),
(657,'fileStage','10','int'),
(657,'originalFileName','article.pdf','string'),
(657,'sourceSubmissionFileId',NULL,'string'),
(657,'submissionFileId','74','int'),
(657,'submissionId','32','int'),
(657,'username','admin','string'),
(658,'fileId','56','int'),
(658,'fileStage','10','int'),
(658,'name','article.pdf','string'),
(658,'originalFileName','article.pdf','string'),
(658,'sourceSubmissionFileId',NULL,'string'),
(658,'submissionFileId','74','int'),
(658,'submissionId','32','int'),
(658,'username','admin','string'),
(661,'decision','Accept and Skip Review','string'),
(661,'editorName','admin admin','string'),
(661,'submissionId','33','int'),
(662,'fileId','47','int'),
(662,'fileStage','6','int'),
(662,'originalFileName','article.pdf','string'),
(662,'sourceSubmissionFileId','64','int'),
(662,'submissionFileId','75','int'),
(662,'submissionId','33','int'),
(662,'username','admin','string'),
(663,'fileId','47','int'),
(663,'fileStage','6','int'),
(663,'name','article.pdf','string'),
(663,'submissionFileId','75','int'),
(663,'submissionId','33','int'),
(663,'username','admin','string'),
(664,'fileId','57','int'),
(664,'fileStage','10','int'),
(664,'originalFileName','article.pdf','string'),
(664,'sourceSubmissionFileId',NULL,'string'),
(664,'submissionFileId','76','int'),
(664,'submissionId','33','int'),
(664,'username','admin','string'),
(665,'fileId','57','int'),
(665,'fileStage','10','int'),
(665,'name','article.pdf','string'),
(665,'submissionFileId','76','int'),
(665,'submissionId','33','int'),
(665,'username','admin','string'),
(666,'fileId','57','int'),
(666,'fileStage','10','int'),
(666,'originalFileName','article.pdf','string'),
(666,'sourceSubmissionFileId',NULL,'string'),
(666,'submissionFileId','76','int'),
(666,'submissionId','33','int'),
(666,'username','admin','string'),
(667,'fileId','57','int'),
(667,'fileStage','10','int'),
(667,'name','article.pdf','string'),
(667,'originalFileName','article.pdf','string'),
(667,'sourceSubmissionFileId',NULL,'string'),
(667,'submissionFileId','76','int'),
(667,'submissionId','33','int'),
(667,'username','admin','string'),
(670,'decision','Accept and Skip Review','string'),
(670,'editorName','admin admin','string'),
(670,'submissionId','34','int'),
(671,'fileId','48','int'),
(671,'fileStage','6','int'),
(671,'originalFileName','article.pdf','string'),
(671,'sourceSubmissionFileId','65','int'),
(671,'submissionFileId','77','int'),
(671,'submissionId','34','int'),
(671,'username','admin','string'),
(672,'fileId','48','int'),
(672,'fileStage','6','int'),
(672,'name','article.pdf','string'),
(672,'submissionFileId','77','int'),
(672,'submissionId','34','int'),
(672,'username','admin','string'),
(673,'fileId','58','int'),
(673,'fileStage','10','int'),
(673,'originalFileName','article.pdf','string'),
(673,'sourceSubmissionFileId',NULL,'string'),
(673,'submissionFileId','78','int'),
(673,'submissionId','34','int'),
(673,'username','admin','string'),
(674,'fileId','58','int'),
(674,'fileStage','10','int'),
(674,'name','article.pdf','string'),
(674,'submissionFileId','78','int'),
(674,'submissionId','34','int'),
(674,'username','admin','string'),
(675,'fileId','58','int'),
(675,'fileStage','10','int'),
(675,'originalFileName','article.pdf','string'),
(675,'sourceSubmissionFileId',NULL,'string'),
(675,'submissionFileId','78','int'),
(675,'submissionId','34','int'),
(675,'username','admin','string'),
(676,'fileId','58','int'),
(676,'fileStage','10','int'),
(676,'name','article.pdf','string'),
(676,'originalFileName','article.pdf','string'),
(676,'sourceSubmissionFileId',NULL,'string'),
(676,'submissionFileId','78','int'),
(676,'submissionId','34','int'),
(676,'username','admin','string'),
(679,'decision','Accept and Skip Review','string'),
(679,'editorName','admin admin','string'),
(679,'submissionId','39','int'),
(680,'fileId','53','int'),
(680,'fileStage','6','int'),
(680,'originalFileName','article.pdf','string'),
(680,'sourceSubmissionFileId','70','int'),
(680,'submissionFileId','79','int'),
(680,'submissionId','39','int'),
(680,'username','admin','string'),
(681,'fileId','53','int'),
(681,'fileStage','6','int'),
(681,'name','article.pdf','string'),
(681,'submissionFileId','79','int'),
(681,'submissionId','39','int'),
(681,'username','admin','string'),
(682,'fileId','59','int'),
(682,'fileStage','10','int'),
(682,'originalFileName','article.pdf','string'),
(682,'sourceSubmissionFileId',NULL,'string'),
(682,'submissionFileId','80','int'),
(682,'submissionId','39','int'),
(682,'username','admin','string'),
(683,'fileId','59','int'),
(683,'fileStage','10','int'),
(683,'name','article.pdf','string'),
(683,'submissionFileId','80','int'),
(683,'submissionId','39','int'),
(683,'username','admin','string'),
(684,'fileId','59','int'),
(684,'fileStage','10','int'),
(684,'originalFileName','article.pdf','string'),
(684,'sourceSubmissionFileId',NULL,'string'),
(684,'submissionFileId','80','int'),
(684,'submissionId','39','int'),
(684,'username','admin','string'),
(685,'fileId','59','int'),
(685,'fileStage','10','int'),
(685,'name','article.pdf','string'),
(685,'originalFileName','article.pdf','string'),
(685,'sourceSubmissionFileId',NULL,'string'),
(685,'submissionFileId','80','int'),
(685,'submissionId','39','int'),
(685,'username','admin','string'),
(688,'decision','Accept and Skip Review','string'),
(688,'editorName','admin admin','string'),
(688,'submissionId','40','int'),
(689,'fileId','54','int'),
(689,'fileStage','6','int'),
(689,'originalFileName','article.pdf','string'),
(689,'sourceSubmissionFileId','71','int'),
(689,'submissionFileId','81','int'),
(689,'submissionId','40','int'),
(689,'username','admin','string'),
(690,'fileId','54','int'),
(690,'fileStage','6','int'),
(690,'name','article.pdf','string'),
(690,'submissionFileId','81','int'),
(690,'submissionId','40','int'),
(690,'username','admin','string'),
(691,'fileId','60','int'),
(691,'fileStage','10','int'),
(691,'originalFileName','article.pdf','string'),
(691,'sourceSubmissionFileId',NULL,'string'),
(691,'submissionFileId','82','int'),
(691,'submissionId','40','int'),
(691,'username','admin','string'),
(692,'fileId','60','int'),
(692,'fileStage','10','int'),
(692,'name','article.pdf','string'),
(692,'submissionFileId','82','int'),
(692,'submissionId','40','int'),
(692,'username','admin','string'),
(693,'fileId','60','int'),
(693,'fileStage','10','int'),
(693,'originalFileName','article.pdf','string'),
(693,'sourceSubmissionFileId',NULL,'string'),
(693,'submissionFileId','82','int'),
(693,'submissionId','40','int'),
(693,'username','admin','string'),
(694,'fileId','60','int'),
(694,'fileStage','10','int'),
(694,'name','article.pdf','string'),
(694,'originalFileName','article.pdf','string'),
(694,'sourceSubmissionFileId',NULL,'string'),
(694,'submissionFileId','82','int'),
(694,'submissionId','40','int'),
(694,'username','admin','string'),
(697,'decision','Accept and Skip Review','string'),
(697,'editorName','admin admin','string'),
(697,'submissionId','41','int'),
(698,'fileId','55','int'),
(698,'fileStage','6','int'),
(698,'originalFileName','article.pdf','string'),
(698,'sourceSubmissionFileId','72','int'),
(698,'submissionFileId','83','int'),
(698,'submissionId','41','int'),
(698,'username','admin','string'),
(699,'fileId','55','int'),
(699,'fileStage','6','int'),
(699,'name','article.pdf','string'),
(699,'submissionFileId','83','int'),
(699,'submissionId','41','int'),
(699,'username','admin','string'),
(700,'fileId','61','int'),
(700,'fileStage','10','int'),
(700,'originalFileName','article.pdf','string'),
(700,'sourceSubmissionFileId',NULL,'string'),
(700,'submissionFileId','84','int'),
(700,'submissionId','41','int'),
(700,'username','admin','string'),
(701,'fileId','61','int'),
(701,'fileStage','10','int'),
(701,'name','article.pdf','string'),
(701,'submissionFileId','84','int'),
(701,'submissionId','41','int'),
(701,'username','admin','string'),
(702,'fileId','61','int'),
(702,'fileStage','10','int'),
(702,'originalFileName','article.pdf','string'),
(702,'sourceSubmissionFileId',NULL,'string'),
(702,'submissionFileId','84','int'),
(702,'submissionId','41','int'),
(702,'username','admin','string'),
(703,'fileId','61','int'),
(703,'fileStage','10','int'),
(703,'name','article.pdf','string'),
(703,'originalFileName','article.pdf','string'),
(703,'sourceSubmissionFileId',NULL,'string'),
(703,'submissionFileId','84','int'),
(703,'submissionId','41','int'),
(703,'username','admin','string'),
(716,'fileId','62','int'),
(716,'fileStage','2','int'),
(716,'originalFileName','article.pdf','string'),
(716,'sourceSubmissionFileId',NULL,'string'),
(716,'submissionFileId','85','int'),
(716,'submissionId','42','int'),
(716,'username','admin','string'),
(717,'fileId','62','int'),
(717,'fileStage','2','int'),
(717,'name','article.pdf','string'),
(717,'submissionFileId','85','int'),
(717,'submissionId','42','int'),
(717,'username','admin','string'),
(718,'fileId','62','int'),
(718,'fileStage','2','int'),
(718,'originalFileName','article.pdf','string'),
(718,'sourceSubmissionFileId',NULL,'string'),
(718,'submissionFileId','85','int'),
(718,'submissionId','42','int'),
(718,'username','admin','string'),
(719,'fileId','62','int'),
(719,'fileStage','2','int'),
(719,'name','article.pdf','string'),
(719,'originalFileName','article.pdf','string'),
(719,'sourceSubmissionFileId',NULL,'string'),
(719,'submissionFileId','85','int'),
(719,'submissionId','42','int'),
(719,'username','admin','string'),
(722,'name','Waldo  Tobler','string'),
(722,'userGroupName','Author','string'),
(722,'username','tobler','string'),
(725,'fileId','63','int'),
(725,'fileStage','2','int'),
(725,'originalFileName','article.pdf','string'),
(725,'sourceSubmissionFileId',NULL,'string'),
(725,'submissionFileId','86','int'),
(725,'submissionId','43','int'),
(725,'username','tobler','string'),
(726,'fileId','63','int'),
(726,'fileStage','2','int'),
(726,'name','article.pdf','string'),
(726,'submissionFileId','86','int'),
(726,'submissionId','43','int'),
(726,'username','tobler','string'),
(727,'fileId','63','int'),
(727,'fileStage','2','int'),
(727,'originalFileName','article.pdf','string'),
(727,'sourceSubmissionFileId',NULL,'string'),
(727,'submissionFileId','86','int'),
(727,'submissionId','43','int'),
(727,'username','tobler','string'),
(728,'fileId','63','int'),
(728,'fileStage','2','int'),
(728,'name','article.pdf','string'),
(728,'originalFileName','article.pdf','string'),
(728,'sourceSubmissionFileId',NULL,'string'),
(728,'submissionFileId','86','int'),
(728,'submissionId','43','int'),
(728,'username','tobler','string');
/*!40000 ALTER TABLE `event_log_settings` ENABLE KEYS */;
UNLOCK TABLES;
commit;

--
-- Table structure for table `files`
--

DROP TABLE IF EXISTS `files`;
/*!40101 SET @saved_cs_client     = @@character_set_client */;
/*!40101 SET character_set_client = utf8mb4 */;
CREATE TABLE `files` (
  `file_id` bigint unsigned NOT NULL AUTO_INCREMENT,
  `path` varchar(255) NOT NULL,
  `mimetype` varchar(255) NOT NULL,
  PRIMARY KEY (`file_id`)
) ENGINE=InnoDB AUTO_INCREMENT=64 DEFAULT CHARSET=utf8mb3;
/*!40101 SET character_set_client = @saved_cs_client */;

--
-- Dumping data for table `files`
--

LOCK TABLES `files` WRITE;
/*!40000 ALTER TABLE `files` DISABLE KEYS */;
set autocommit=0;
INSERT INTO `files` VALUES
(1,'journals/1/articles/1/6870a347417ef.pdf','application/pdf'),
(2,'journals/1/articles/1/6870a3733e775.pdf','application/pdf'),
(3,'journals/1/articles/2/6870a3bb3f2e2.pdf','application/pdf'),
(4,'journals/1/articles/3/6870a3d4a3f78.pdf','application/pdf'),
(5,'journals/1/articles/4/6870a3ed1269b.pdf','application/pdf'),
(6,'journals/1/articles/5/6870a3f831137.pdf','application/pdf'),
(7,'journals/1/articles/6/6870a4173c284.pdf','application/pdf'),
(8,'journals/1/articles/7/6870a43442f6c.pdf','application/pdf'),
(9,'journals/1/articles/8/6870a450b5dd2.pdf','application/pdf'),
(10,'journals/1/articles/9/6870a45bb0c2e.pdf','application/pdf'),
(11,'journals/1/articles/10/6870a47aed066.pdf','application/pdf'),
(12,'journals/1/articles/11/6870a49ab536c.pdf','application/pdf'),
(13,'journals/1/articles/12/6870a4a5c635b.pdf','application/pdf'),
(14,'journals/1/articles/13/6870a4baa62d0.pdf','application/pdf'),
(15,'journals/1/articles/14/6870a4eab8334.pdf','application/pdf'),
(16,'journals/1/articles/15/6870a4f3d74f6.pdf','application/pdf'),
(17,'journals/1/articles/16/6870a512116c5.pdf','application/pdf'),
(18,'journals/1/articles/17/6870a51aeba81.pdf','application/pdf'),
(19,'journals/1/articles/17/6870a53943982.pdf','application/pdf'),
(20,'journals/1/articles/18/6870a563976b8.pdf','application/pdf'),
(21,'journals/1/articles/19/6870a5705884f.pdf','application/pdf'),
(22,'journals/2/articles/20/6874d30484adc.pdf','application/pdf'),
(23,'journals/2/articles/20/6874f07d4ba4e.pdf','application/pdf'),
(24,'journals/2/articles/21/6874f1806c326.pdf','application/pdf'),
(25,'journals/2/articles/22/6874f2a3d839c.pdf','application/pdf'),
(26,'journals/2/articles/23/6874f42cbd8f8.pdf','application/pdf'),
(27,'journals/2/articles/24/6874f5755d24a.pdf','application/pdf'),
(28,'journals/2/articles/25/6874f63549ea0.pdf','application/pdf'),
(29,'journals/2/articles/26/6874f7e15e7cc.pdf','application/pdf'),
(30,'journals/2/articles/27/6874f924f0c00.pdf','application/pdf'),
(31,'journals/2/articles/28/6874f9ed633d7.pdf','application/pdf'),
(32,'journals/2/articles/29/6874fb519c353.pdf','application/pdf'),
(33,'journals/2/articles/30/6874fc5885594.pdf','application/pdf'),
(34,'journals/2/articles/31/6874fdeef06fb.pdf','application/pdf'),
(35,'journals/2/articles/21/6875009f468db.pdf','application/pdf'),
(36,'journals/2/articles/22/687500fc62690.pdf','application/pdf'),
(37,'journals/2/articles/23/6875011b4dc8d.pdf','application/pdf'),
(38,'journals/2/articles/24/68750137ab1f4.pdf','application/pdf'),
(39,'journals/2/articles/25/687501580499c.pdf','application/pdf'),
(40,'journals/2/articles/26/68750178c589a.pdf','application/pdf'),
(41,'journals/2/articles/27/687501c50d304.pdf','application/pdf'),
(42,'journals/2/articles/28/687502018c402.pdf','application/pdf'),
(43,'journals/2/articles/29/6875021f64f7f.pdf','application/pdf'),
(44,'journals/2/articles/31/6875024231a8a.pdf','application/pdf'),
(45,'journals/2/articles/30/6875025f98699.pdf','application/pdf'),
(46,'journals/2/articles/32/687502fa99124.pdf','application/pdf'),
(47,'journals/2/articles/33/6875040e3b74f.pdf','application/pdf'),
(48,'journals/2/articles/34/6875051ba91ab.pdf','application/pdf'),
(53,'journals/2/articles/39/68750c8a1a8f3.pdf','application/pdf'),
(54,'journals/2/articles/40/68750d58e5faf.pdf','application/pdf'),
(55,'journals/2/articles/41/68750f94d02c2.pdf','application/pdf'),
(56,'journals/2/articles/32/6875115ac72e4.pdf','application/pdf'),
(57,'journals/2/articles/33/6875117939454.pdf','application/pdf'),
(58,'journals/2/articles/34/687511980a7e3.pdf','application/pdf'),
(59,'journals/2/articles/39/687511c04c55b.pdf','application/pdf'),
(60,'journals/2/articles/40/687511e10b0f4.pdf','application/pdf'),
(61,'journals/2/articles/41/687512016ac1d.pdf','application/pdf'),
(62,'journals/2/articles/42/689d8fb5032d7.pdf','application/pdf'),
(63,'journals/2/articles/43/689d906eea217.pdf','application/pdf');
/*!40000 ALTER TABLE `files` ENABLE KEYS */;
UNLOCK TABLES;
commit;

--
-- Table structure for table `filter_groups`
--

DROP TABLE IF EXISTS `filter_groups`;
/*!40101 SET @saved_cs_client     = @@character_set_client */;
/*!40101 SET character_set_client = utf8mb4 */;
CREATE TABLE `filter_groups` (
  `filter_group_id` bigint NOT NULL AUTO_INCREMENT,
  `symbolic` varchar(255) DEFAULT NULL,
  `display_name` varchar(255) DEFAULT NULL,
  `description` varchar(255) DEFAULT NULL,
  `input_type` varchar(255) DEFAULT NULL,
  `output_type` varchar(255) DEFAULT NULL,
  PRIMARY KEY (`filter_group_id`),
  UNIQUE KEY `filter_groups_symbolic` (`symbolic`)
) ENGINE=InnoDB AUTO_INCREMENT=28 DEFAULT CHARSET=utf8mb3;
/*!40101 SET character_set_client = @saved_cs_client */;

--
-- Dumping data for table `filter_groups`
--

LOCK TABLES `filter_groups` WRITE;
/*!40000 ALTER TABLE `filter_groups` DISABLE KEYS */;
set autocommit=0;
INSERT INTO `filter_groups` VALUES
(1,'article=>dc11','plugins.metadata.dc11.articleAdapter.displayName','plugins.metadata.dc11.articleAdapter.description','class::classes.submission.Submission','metadata::plugins.metadata.dc11.schema.Dc11Schema(ARTICLE)'),
(2,'article=>native-xml','plugins.importexport.native.displayName','plugins.importexport.native.description','class::classes.submission.Submission[]','xml::schema(plugins/importexport/native/native.xsd)'),
(3,'native-xml=>article','plugins.importexport.native.displayName','plugins.importexport.native.description','xml::schema(plugins/importexport/native/native.xsd)','class::classes.submission.Submission[]'),
(4,'issue=>native-xml','plugins.importexport.native.displayName','plugins.importexport.native.description','class::classes.issue.Issue[]','xml::schema(plugins/importexport/native/native.xsd)'),
(5,'native-xml=>issue','plugins.importexport.native.displayName','plugins.importexport.native.description','xml::schema(plugins/importexport/native/native.xsd)','class::classes.issue.Issue[]'),
(6,'issuegalley=>native-xml','plugins.importexport.native.displayName','plugins.importexport.native.description','class::classes.issue.IssueGalley[]','xml::schema(plugins/importexport/native/native.xsd)'),
(7,'native-xml=>issuegalley','plugins.importexport.native.displayName','plugins.importexport.native.description','xml::schema(plugins/importexport/native/native.xsd)','class::classes.issue.IssueGalley[]'),
(8,'author=>native-xml','plugins.importexport.native.displayName','plugins.importexport.native.description','class::classes.article.Author[]','xml::schema(plugins/importexport/native/native.xsd)'),
(9,'native-xml=>author','plugins.importexport.native.displayName','plugins.importexport.native.description','xml::schema(plugins/importexport/native/native.xsd)','class::classes.article.Author[]'),
(10,'SubmissionFile=>native-xml','plugins.importexport.native.displayName','plugins.importexport.native.description','class::lib.pkp.classes.submission.SubmissionFile','xml::schema(plugins/importexport/native/native.xsd)'),
(11,'native-xml=>SubmissionFile','plugins.importexport.native.displayName','plugins.importexport.native.description','xml::schema(plugins/importexport/native/native.xsd)','class::lib.pkp.classes.submission.SubmissionFile'),
(12,'article-galley=>native-xml','plugins.importexport.native.displayName','plugins.importexport.native.description','class::classes.article.ArticleGalley','xml::schema(plugins/importexport/native/native.xsd)'),
(13,'native-xml=>ArticleGalley','plugins.importexport.native.displayName','plugins.importexport.native.description','xml::schema(plugins/importexport/native/native.xsd)','class::classes.article.ArticleGalley[]'),
(14,'publication=>native-xml','plugins.importexport.native.displayName','plugins.importexport.native.description','class::classes.publication.Publication','xml::schema(plugins/importexport/native/native.xsd)'),
(15,'native-xml=>Publication','plugins.importexport.native.displayName','plugins.importexport.native.description','xml::schema(plugins/importexport/native/native.xsd)','class::classes.publication.Publication'),
(16,'article=>doaj-xml','plugins.importexport.doaj.displayName','plugins.importexport.doaj.description','class::classes.submission.Submission[]','xml::schema(plugins/importexport/doaj/doajArticles.xsd)'),
(17,'article=>doaj-json','plugins.importexport.doaj.displayName','plugins.importexport.doaj.description','class::classes.submission.Submission','primitive::string'),
(18,'user=>user-xml','plugins.importexport.users.displayName','plugins.importexport.users.description','class::lib.pkp.classes.user.User[]','xml::schema(lib/pkp/plugins/importexport/users/pkp-users.xsd)'),
(19,'user-xml=>user','plugins.importexport.users.displayName','plugins.importexport.users.description','xml::schema(lib/pkp/plugins/importexport/users/pkp-users.xsd)','class::classes.users.User[]'),
(20,'usergroup=>user-xml','plugins.importexport.users.displayName','plugins.importexport.users.description','class::lib.pkp.classes.security.UserGroup[]','xml::schema(lib/pkp/plugins/importexport/users/pkp-users.xsd)'),
(21,'user-xml=>usergroup','plugins.importexport.native.displayName','plugins.importexport.native.description','xml::schema(lib/pkp/plugins/importexport/users/pkp-users.xsd)','class::lib.pkp.classes.security.UserGroup[]'),
(22,'article=>pubmed-xml','plugins.importexport.pubmed.displayName','plugins.importexport.pubmed.description','class::classes.submission.Submission[]','xml::dtd'),
(23,'issue=>datacite-xml','plugins.importexport.datacite.displayName','plugins.importexport.datacite.description','class::classes.issue.Issue','xml::schema(http://schema.datacite.org/meta/kernel-4/metadata.xsd)'),
(24,'article=>datacite-xml','plugins.importexport.datacite.displayName','plugins.importexport.datacite.description','class::classes.submission.Submission','xml::schema(http://schema.datacite.org/meta/kernel-4/metadata.xsd)'),
(25,'galley=>datacite-xml','plugins.importexport.datacite.displayName','plugins.importexport.datacite.description','class::classes.article.ArticleGalley','xml::schema(http://schema.datacite.org/meta/kernel-4/metadata.xsd)'),
(26,'issue=>crossref-xml','plugins.importexport.crossref.displayName','plugins.importexport.crossref.description','class::classes.issue.Issue[]','xml::schema(https://www.crossref.org/schemas/crossref4.3.6.xsd)'),
(27,'article=>crossref-xml','plugins.importexport.crossref.displayName','plugins.importexport.crossref.description','class::classes.submission.Submission[]','xml::schema(https://www.crossref.org/schemas/crossref4.3.6.xsd)');
/*!40000 ALTER TABLE `filter_groups` ENABLE KEYS */;
UNLOCK TABLES;
commit;

--
-- Table structure for table `filter_settings`
--

DROP TABLE IF EXISTS `filter_settings`;
/*!40101 SET @saved_cs_client     = @@character_set_client */;
/*!40101 SET character_set_client = utf8mb4 */;
CREATE TABLE `filter_settings` (
  `filter_id` bigint NOT NULL,
  `locale` varchar(14) NOT NULL DEFAULT '',
  `setting_name` varchar(255) NOT NULL,
  `setting_value` text,
  `setting_type` varchar(6) NOT NULL,
  UNIQUE KEY `filter_settings_pkey` (`filter_id`,`locale`,`setting_name`),
  KEY `filter_settings_id` (`filter_id`)
) ENGINE=InnoDB DEFAULT CHARSET=utf8mb3;
/*!40101 SET character_set_client = @saved_cs_client */;

--
-- Dumping data for table `filter_settings`
--

LOCK TABLES `filter_settings` WRITE;
/*!40000 ALTER TABLE `filter_settings` DISABLE KEYS */;
set autocommit=0;
/*!40000 ALTER TABLE `filter_settings` ENABLE KEYS */;
UNLOCK TABLES;
commit;

--
-- Table structure for table `filters`
--

DROP TABLE IF EXISTS `filters`;
/*!40101 SET @saved_cs_client     = @@character_set_client */;
/*!40101 SET character_set_client = utf8mb4 */;
CREATE TABLE `filters` (
  `filter_id` bigint NOT NULL AUTO_INCREMENT,
  `filter_group_id` bigint NOT NULL DEFAULT '0',
  `context_id` bigint NOT NULL DEFAULT '0',
  `display_name` varchar(255) DEFAULT NULL,
  `class_name` varchar(255) DEFAULT NULL,
  `is_template` smallint NOT NULL DEFAULT '0',
  `parent_filter_id` bigint NOT NULL DEFAULT '0',
  `seq` bigint NOT NULL DEFAULT '0',
  PRIMARY KEY (`filter_id`)
) ENGINE=InnoDB AUTO_INCREMENT=28 DEFAULT CHARSET=utf8mb3;
/*!40101 SET character_set_client = @saved_cs_client */;

--
-- Dumping data for table `filters`
--

LOCK TABLES `filters` WRITE;
/*!40000 ALTER TABLE `filters` DISABLE KEYS */;
set autocommit=0;
INSERT INTO `filters` VALUES
(1,1,0,'Extract metadata from a(n) Submission','plugins.metadata.dc11.filter.Dc11SchemaArticleAdapter',0,0,0),
(2,2,0,'Native XML submission export','plugins.importexport.native.filter.ArticleNativeXmlFilter',0,0,0),
(3,3,0,'Native XML submission import','plugins.importexport.native.filter.NativeXmlArticleFilter',0,0,0),
(4,4,0,'Native XML issue export','plugins.importexport.native.filter.IssueNativeXmlFilter',0,0,0),
(5,5,0,'Native XML issue import','plugins.importexport.native.filter.NativeXmlIssueFilter',0,0,0),
(6,6,0,'Native XML issue galley export','plugins.importexport.native.filter.IssueGalleyNativeXmlFilter',0,0,0),
(7,7,0,'Native XML issue galley import','plugins.importexport.native.filter.NativeXmlIssueGalleyFilter',0,0,0),
(8,8,0,'Native XML author export','plugins.importexport.native.filter.AuthorNativeXmlFilter',0,0,0),
(9,9,0,'Native XML author import','plugins.importexport.native.filter.NativeXmlAuthorFilter',0,0,0),
(10,11,0,'Native XML submission file import','plugins.importexport.native.filter.NativeXmlArticleFileFilter',0,0,0),
(11,10,0,'Native XML submission file export','lib.pkp.plugins.importexport.native.filter.SubmissionFileNativeXmlFilter',0,0,0),
(12,12,0,'Native XML representation export','plugins.importexport.native.filter.ArticleGalleyNativeXmlFilter',0,0,0),
(13,13,0,'Native XML representation import','plugins.importexport.native.filter.NativeXmlArticleGalleyFilter',0,0,0),
(14,14,0,'Native XML Publication export','plugins.importexport.native.filter.PublicationNativeXmlFilter',0,0,0),
(15,15,0,'Native XML publication import','plugins.importexport.native.filter.NativeXmlPublicationFilter',0,0,0),
(16,16,0,'DOAJ XML export','plugins.importexport.doaj.filter.DOAJXmlFilter',0,0,0),
(17,17,0,'DOAJ JSON export','plugins.importexport.doaj.filter.DOAJJsonFilter',0,0,0),
(18,18,0,'User XML user export','lib.pkp.plugins.importexport.users.filter.PKPUserUserXmlFilter',0,0,0),
(19,19,0,'User XML user import','lib.pkp.plugins.importexport.users.filter.UserXmlPKPUserFilter',0,0,0),
(20,20,0,'Native XML user group export','lib.pkp.plugins.importexport.users.filter.UserGroupNativeXmlFilter',0,0,0),
(21,21,0,'Native XML user group import','lib.pkp.plugins.importexport.users.filter.NativeXmlUserGroupFilter',0,0,0),
(22,22,0,'ArticlePubMedXmlFilter','plugins.importexport.pubmed.filter.ArticlePubMedXmlFilter',0,0,0),
(23,23,0,'DataCite XML export','plugins.importexport.datacite.filter.DataciteXmlFilter',0,0,0),
(24,24,0,'DataCite XML export','plugins.importexport.datacite.filter.DataciteXmlFilter',0,0,0),
(25,25,0,'DataCite XML export','plugins.importexport.datacite.filter.DataciteXmlFilter',0,0,0),
(26,26,0,'Crossref XML issue export','plugins.importexport.crossref.filter.IssueCrossrefXmlFilter',0,0,0),
(27,27,0,'Crossref XML issue export','plugins.importexport.crossref.filter.ArticleCrossrefXmlFilter',0,0,0);
/*!40000 ALTER TABLE `filters` ENABLE KEYS */;
UNLOCK TABLES;
commit;

--
-- Table structure for table `genre_settings`
--

DROP TABLE IF EXISTS `genre_settings`;
/*!40101 SET @saved_cs_client     = @@character_set_client */;
/*!40101 SET character_set_client = utf8mb4 */;
CREATE TABLE `genre_settings` (
  `genre_id` bigint NOT NULL,
  `locale` varchar(14) NOT NULL DEFAULT '',
  `setting_name` varchar(255) NOT NULL,
  `setting_value` text,
  `setting_type` varchar(6) NOT NULL COMMENT '(bool|int|float|string|object)',
  UNIQUE KEY `genre_settings_pkey` (`genre_id`,`locale`,`setting_name`),
  KEY `genre_settings_genre_id` (`genre_id`)
) ENGINE=InnoDB DEFAULT CHARSET=utf8mb3;
/*!40101 SET character_set_client = @saved_cs_client */;

--
-- Dumping data for table `genre_settings`
--

LOCK TABLES `genre_settings` WRITE;
/*!40000 ALTER TABLE `genre_settings` DISABLE KEYS */;
set autocommit=0;
INSERT INTO `genre_settings` VALUES
(1,'en_US','name','Article Text','string'),
(1,'fr_CA','name','Texte de l\'article','string'),
(2,'en_US','name','Research Instrument','string'),
(2,'fr_CA','name','Instruments de recherche','string'),
(3,'en_US','name','Research Materials','string'),
(3,'fr_CA','name','Documents de recherche','string'),
(4,'en_US','name','Research Results','string'),
(4,'fr_CA','name','Résultats de recherche','string'),
(5,'en_US','name','Transcripts','string'),
(5,'fr_CA','name','Transcriptions','string'),
(6,'en_US','name','Data Analysis','string'),
(6,'fr_CA','name','Analyse de données','string'),
(7,'en_US','name','Data Set','string'),
(7,'fr_CA','name','Ensemble de données','string'),
(8,'en_US','name','Source Texts','string'),
(8,'fr_CA','name','Textes source','string'),
(9,'en_US','name','Multimedia','string'),
(9,'fr_CA','name','Multimédias','string'),
(10,'en_US','name','Image','string'),
(10,'fr_CA','name','Image','string'),
(11,'en_US','name','HTML Stylesheet','string'),
(11,'fr_CA','name','Feuille de style HTML','string'),
(12,'en_US','name','Other','string'),
(12,'fr_CA','name','Autre','string'),
(13,'en_US','name','Article Text','string'),
(14,'en_US','name','Research Instrument','string'),
(15,'en_US','name','Research Materials','string'),
(16,'en_US','name','Research Results','string'),
(17,'en_US','name','Transcripts','string'),
(18,'en_US','name','Data Analysis','string'),
(19,'en_US','name','Data Set','string'),
(20,'en_US','name','Source Texts','string'),
(21,'en_US','name','Multimedia','string'),
(22,'en_US','name','Image','string'),
(23,'en_US','name','HTML Stylesheet','string'),
(24,'en_US','name','Other','string');
/*!40000 ALTER TABLE `genre_settings` ENABLE KEYS */;
UNLOCK TABLES;
commit;

--
-- Table structure for table `genres`
--

DROP TABLE IF EXISTS `genres`;
/*!40101 SET @saved_cs_client     = @@character_set_client */;
/*!40101 SET character_set_client = utf8mb4 */;
CREATE TABLE `genres` (
  `genre_id` bigint NOT NULL AUTO_INCREMENT,
  `context_id` bigint NOT NULL,
  `seq` bigint NOT NULL,
  `enabled` smallint NOT NULL DEFAULT '1',
  `category` bigint NOT NULL DEFAULT '1',
  `dependent` smallint NOT NULL DEFAULT '0',
  `supplementary` smallint NOT NULL DEFAULT '0',
  `entry_key` varchar(30) DEFAULT NULL,
  PRIMARY KEY (`genre_id`)
) ENGINE=InnoDB AUTO_INCREMENT=25 DEFAULT CHARSET=utf8mb3;
/*!40101 SET character_set_client = @saved_cs_client */;

--
-- Dumping data for table `genres`
--

LOCK TABLES `genres` WRITE;
/*!40000 ALTER TABLE `genres` DISABLE KEYS */;
set autocommit=0;
INSERT INTO `genres` VALUES
(1,1,0,1,1,0,0,'SUBMISSION'),
(2,1,1,1,3,0,1,'RESEARCHINSTRUMENT'),
(3,1,2,1,3,0,1,'RESEARCHMATERIALS'),
(4,1,3,1,3,0,1,'RESEARCHRESULTS'),
(5,1,4,1,3,0,1,'TRANSCRIPTS'),
(6,1,5,1,3,0,1,'DATAANALYSIS'),
(7,1,6,1,3,0,1,'DATASET'),
(8,1,7,1,3,0,1,'SOURCETEXTS'),
(9,1,8,1,1,1,1,'MULTIMEDIA'),
(10,1,9,1,2,1,0,'IMAGE'),
(11,1,10,1,1,1,0,'STYLE'),
(12,1,11,1,3,0,1,'OTHER'),
(13,2,0,1,1,0,0,'SUBMISSION'),
(14,2,1,1,3,0,1,'RESEARCHINSTRUMENT'),
(15,2,2,1,3,0,1,'RESEARCHMATERIALS'),
(16,2,3,1,3,0,1,'RESEARCHRESULTS'),
(17,2,4,1,3,0,1,'TRANSCRIPTS'),
(18,2,5,1,3,0,1,'DATAANALYSIS'),
(19,2,6,1,3,0,1,'DATASET'),
(20,2,7,1,3,0,1,'SOURCETEXTS'),
(21,2,8,1,1,1,1,'MULTIMEDIA'),
(22,2,9,1,2,1,0,'IMAGE'),
(23,2,10,1,1,1,0,'STYLE'),
(24,2,11,1,3,0,1,'OTHER');
/*!40000 ALTER TABLE `genres` ENABLE KEYS */;
UNLOCK TABLES;
commit;

--
-- Table structure for table `institutional_subscription_ip`
--

DROP TABLE IF EXISTS `institutional_subscription_ip`;
/*!40101 SET @saved_cs_client     = @@character_set_client */;
/*!40101 SET character_set_client = utf8mb4 */;
CREATE TABLE `institutional_subscription_ip` (
  `institutional_subscription_ip_id` bigint NOT NULL AUTO_INCREMENT,
  `subscription_id` bigint NOT NULL,
  `ip_string` varchar(40) NOT NULL,
  `ip_start` bigint NOT NULL,
  `ip_end` bigint DEFAULT NULL,
  PRIMARY KEY (`institutional_subscription_ip_id`),
  KEY `institutional_subscription_ip_subscription_id` (`subscription_id`),
  KEY `institutional_subscription_ip_start` (`ip_start`),
  KEY `institutional_subscription_ip_end` (`ip_end`)
) ENGINE=InnoDB DEFAULT CHARSET=utf8mb3;
/*!40101 SET character_set_client = @saved_cs_client */;

--
-- Dumping data for table `institutional_subscription_ip`
--

LOCK TABLES `institutional_subscription_ip` WRITE;
/*!40000 ALTER TABLE `institutional_subscription_ip` DISABLE KEYS */;
set autocommit=0;
/*!40000 ALTER TABLE `institutional_subscription_ip` ENABLE KEYS */;
UNLOCK TABLES;
commit;

--
-- Table structure for table `institutional_subscriptions`
--

DROP TABLE IF EXISTS `institutional_subscriptions`;
/*!40101 SET @saved_cs_client     = @@character_set_client */;
/*!40101 SET character_set_client = utf8mb4 */;
CREATE TABLE `institutional_subscriptions` (
  `institutional_subscription_id` bigint NOT NULL AUTO_INCREMENT,
  `subscription_id` bigint NOT NULL,
  `institution_name` varchar(255) NOT NULL,
  `mailing_address` varchar(255) DEFAULT NULL,
  `domain` varchar(255) DEFAULT NULL,
  PRIMARY KEY (`institutional_subscription_id`),
  KEY `institutional_subscriptions_subscription_id` (`subscription_id`),
  KEY `institutional_subscriptions_domain` (`domain`)
) ENGINE=InnoDB DEFAULT CHARSET=utf8mb3;
/*!40101 SET character_set_client = @saved_cs_client */;

--
-- Dumping data for table `institutional_subscriptions`
--

LOCK TABLES `institutional_subscriptions` WRITE;
/*!40000 ALTER TABLE `institutional_subscriptions` DISABLE KEYS */;
set autocommit=0;
/*!40000 ALTER TABLE `institutional_subscriptions` ENABLE KEYS */;
UNLOCK TABLES;
commit;

--
-- Table structure for table `issue_files`
--

DROP TABLE IF EXISTS `issue_files`;
/*!40101 SET @saved_cs_client     = @@character_set_client */;
/*!40101 SET character_set_client = utf8mb4 */;
CREATE TABLE `issue_files` (
  `file_id` bigint NOT NULL AUTO_INCREMENT,
  `issue_id` bigint NOT NULL,
  `file_name` varchar(90) NOT NULL,
  `file_type` varchar(255) NOT NULL,
  `file_size` bigint NOT NULL,
  `content_type` bigint NOT NULL,
  `original_file_name` varchar(127) DEFAULT NULL,
  `date_uploaded` datetime NOT NULL,
  `date_modified` datetime NOT NULL,
  PRIMARY KEY (`file_id`),
  KEY `issue_files_issue_id` (`issue_id`)
) ENGINE=InnoDB DEFAULT CHARSET=utf8mb3;
/*!40101 SET character_set_client = @saved_cs_client */;

--
-- Dumping data for table `issue_files`
--

LOCK TABLES `issue_files` WRITE;
/*!40000 ALTER TABLE `issue_files` DISABLE KEYS */;
set autocommit=0;
/*!40000 ALTER TABLE `issue_files` ENABLE KEYS */;
UNLOCK TABLES;
commit;

--
-- Table structure for table `issue_galley_settings`
--

DROP TABLE IF EXISTS `issue_galley_settings`;
/*!40101 SET @saved_cs_client     = @@character_set_client */;
/*!40101 SET character_set_client = utf8mb4 */;
CREATE TABLE `issue_galley_settings` (
  `galley_id` bigint NOT NULL,
  `locale` varchar(14) NOT NULL DEFAULT '',
  `setting_name` varchar(255) NOT NULL,
  `setting_value` text,
  `setting_type` varchar(6) NOT NULL COMMENT '(bool|int|float|string|object)',
  UNIQUE KEY `issue_galley_settings_pkey` (`galley_id`,`locale`,`setting_name`),
  KEY `issue_galley_settings_galley_id` (`galley_id`)
) ENGINE=InnoDB DEFAULT CHARSET=utf8mb3;
/*!40101 SET character_set_client = @saved_cs_client */;

--
-- Dumping data for table `issue_galley_settings`
--

LOCK TABLES `issue_galley_settings` WRITE;
/*!40000 ALTER TABLE `issue_galley_settings` DISABLE KEYS */;
set autocommit=0;
/*!40000 ALTER TABLE `issue_galley_settings` ENABLE KEYS */;
UNLOCK TABLES;
commit;

--
-- Table structure for table `issue_galleys`
--

DROP TABLE IF EXISTS `issue_galleys`;
/*!40101 SET @saved_cs_client     = @@character_set_client */;
/*!40101 SET character_set_client = utf8mb4 */;
CREATE TABLE `issue_galleys` (
  `galley_id` bigint NOT NULL AUTO_INCREMENT,
  `locale` varchar(14) DEFAULT NULL,
  `issue_id` bigint NOT NULL,
  `file_id` bigint NOT NULL,
  `label` varchar(32) DEFAULT NULL,
  `seq` double(8,2) NOT NULL DEFAULT '0.00',
  `url_path` varchar(64) DEFAULT NULL,
  PRIMARY KEY (`galley_id`),
  KEY `issue_galleys_issue_id` (`issue_id`),
  KEY `issue_galleys_url_path` (`url_path`)
) ENGINE=InnoDB DEFAULT CHARSET=utf8mb3;
/*!40101 SET character_set_client = @saved_cs_client */;

--
-- Dumping data for table `issue_galleys`
--

LOCK TABLES `issue_galleys` WRITE;
/*!40000 ALTER TABLE `issue_galleys` DISABLE KEYS */;
set autocommit=0;
/*!40000 ALTER TABLE `issue_galleys` ENABLE KEYS */;
UNLOCK TABLES;
commit;

--
-- Table structure for table `issue_settings`
--

DROP TABLE IF EXISTS `issue_settings`;
/*!40101 SET @saved_cs_client     = @@character_set_client */;
/*!40101 SET character_set_client = utf8mb4 */;
CREATE TABLE `issue_settings` (
  `issue_id` bigint NOT NULL,
  `locale` varchar(14) NOT NULL DEFAULT '',
  `setting_name` varchar(255) NOT NULL,
  `setting_value` text,
  `setting_type` varchar(6) NOT NULL,
  UNIQUE KEY `issue_settings_pkey` (`issue_id`,`locale`,`setting_name`),
  KEY `issue_settings_issue_id` (`issue_id`),
  KEY `issue_settings_name_value` (`setting_name`(50),`setting_value`(150))
) ENGINE=InnoDB DEFAULT CHARSET=utf8mb3;
/*!40101 SET character_set_client = @saved_cs_client */;

--
-- Dumping data for table `issue_settings`
--

LOCK TABLES `issue_settings` WRITE;
/*!40000 ALTER TABLE `issue_settings` DISABLE KEYS */;
set autocommit=0;
INSERT INTO `issue_settings` VALUES
(1,'en_US','description','','string'),
(1,'en_US','title','','string'),
(1,'fr_CA','description','','string'),
(1,'fr_CA','title','','string'),
(2,'en_US','description','','string'),
(2,'en_US','title','','string'),
(2,'fr_CA','description','','string'),
(2,'fr_CA','title','','string'),
(3,'en_US','description','','string'),
(3,'en_US','title','geoMetadata Demo Issue Edition 1','string'),
(4,'en_US','description','','string'),
(4,'en_US','title','geoMetadata Demo Issue Edition 2','string');
/*!40000 ALTER TABLE `issue_settings` ENABLE KEYS */;
UNLOCK TABLES;
commit;

--
-- Table structure for table `issues`
--

DROP TABLE IF EXISTS `issues`;
/*!40101 SET @saved_cs_client     = @@character_set_client */;
/*!40101 SET character_set_client = utf8mb4 */;
CREATE TABLE `issues` (
  `issue_id` bigint NOT NULL AUTO_INCREMENT,
  `journal_id` bigint NOT NULL,
  `volume` smallint DEFAULT NULL,
  `number` varchar(40) DEFAULT NULL,
  `year` smallint DEFAULT NULL,
  `published` smallint NOT NULL DEFAULT '0',
  `current` smallint NOT NULL DEFAULT '0',
  `date_published` datetime DEFAULT NULL,
  `date_notified` datetime DEFAULT NULL,
  `last_modified` datetime DEFAULT NULL,
  `access_status` smallint NOT NULL DEFAULT '1',
  `open_access_date` datetime DEFAULT NULL,
  `show_volume` smallint NOT NULL DEFAULT '0',
  `show_number` smallint NOT NULL DEFAULT '0',
  `show_year` smallint NOT NULL DEFAULT '0',
  `show_title` smallint NOT NULL DEFAULT '0',
  `style_file_name` varchar(90) DEFAULT NULL,
  `original_style_file_name` varchar(255) DEFAULT NULL,
  `url_path` varchar(64) DEFAULT NULL,
  PRIMARY KEY (`issue_id`),
  KEY `issues_journal_id` (`journal_id`),
  KEY `issues_url_path` (`url_path`)
) ENGINE=InnoDB AUTO_INCREMENT=5 DEFAULT CHARSET=utf8mb3;
/*!40101 SET character_set_client = @saved_cs_client */;

--
-- Dumping data for table `issues`
--

LOCK TABLES `issues` WRITE;
/*!40000 ALTER TABLE `issues` DISABLE KEYS */;
set autocommit=0;
INSERT INTO `issues` VALUES
(1,1,1,'2',2014,1,1,'2025-07-11 05:37:57',NULL,'2025-07-11 05:47:09',1,NULL,1,1,1,0,NULL,NULL,''),
(2,1,2,'1',2015,0,0,NULL,NULL,'2025-07-11 05:47:08',1,NULL,1,1,1,0,NULL,NULL,''),
(3,2,1,'1',2024,1,0,'2024-09-19 00:00:00',NULL,'2025-07-14 13:10:06',1,NULL,1,1,1,1,NULL,NULL,''),
(4,2,1,'2',2025,1,1,'2025-07-14 14:20:01',NULL,'2025-07-14 14:20:01',1,NULL,1,1,1,1,NULL,NULL,'');
/*!40000 ALTER TABLE `issues` ENABLE KEYS */;
UNLOCK TABLES;
commit;

--
-- Table structure for table `item_views`
--

DROP TABLE IF EXISTS `item_views`;
/*!40101 SET @saved_cs_client     = @@character_set_client */;
/*!40101 SET character_set_client = utf8mb4 */;
CREATE TABLE `item_views` (
  `assoc_type` bigint NOT NULL,
  `assoc_id` bigint NOT NULL,
  `user_id` bigint DEFAULT NULL,
  `date_last_viewed` datetime DEFAULT NULL,
  UNIQUE KEY `item_views_pkey` (`assoc_type`,`assoc_id`,`user_id`)
) ENGINE=InnoDB DEFAULT CHARSET=utf8mb3;
/*!40101 SET character_set_client = @saved_cs_client */;

--
-- Dumping data for table `item_views`
--

LOCK TABLES `item_views` WRITE;
/*!40000 ALTER TABLE `item_views` DISABLE KEYS */;
set autocommit=0;
/*!40000 ALTER TABLE `item_views` ENABLE KEYS */;
UNLOCK TABLES;
commit;

--
-- Table structure for table `jobs`
--

DROP TABLE IF EXISTS `jobs`;
/*!40101 SET @saved_cs_client     = @@character_set_client */;
/*!40101 SET character_set_client = utf8mb4 */;
CREATE TABLE `jobs` (
  `id` bigint unsigned NOT NULL AUTO_INCREMENT,
  `queue` varchar(255) NOT NULL,
  `payload` longtext NOT NULL,
  `attempts` tinyint unsigned NOT NULL,
  `reserved_at` int unsigned DEFAULT NULL,
  `available_at` int unsigned NOT NULL,
  `created_at` int unsigned NOT NULL,
  PRIMARY KEY (`id`),
  KEY `jobs_queue_reserved_at_index` (`queue`,`reserved_at`)
) ENGINE=InnoDB DEFAULT CHARSET=utf8mb3;
/*!40101 SET character_set_client = @saved_cs_client */;

--
-- Dumping data for table `jobs`
--

LOCK TABLES `jobs` WRITE;
/*!40000 ALTER TABLE `jobs` DISABLE KEYS */;
set autocommit=0;
/*!40000 ALTER TABLE `jobs` ENABLE KEYS */;
UNLOCK TABLES;
commit;

--
-- Table structure for table `journal_settings`
--

DROP TABLE IF EXISTS `journal_settings`;
/*!40101 SET @saved_cs_client     = @@character_set_client */;
/*!40101 SET character_set_client = utf8mb4 */;
CREATE TABLE `journal_settings` (
  `journal_id` bigint NOT NULL,
  `locale` varchar(14) NOT NULL DEFAULT '',
  `setting_name` varchar(255) NOT NULL,
  `setting_value` mediumtext,
  `setting_type` varchar(6) DEFAULT NULL,
  UNIQUE KEY `journal_settings_pkey` (`journal_id`,`locale`,`setting_name`),
  KEY `journal_settings_journal_id` (`journal_id`)
) ENGINE=InnoDB DEFAULT CHARSET=utf8mb3;
/*!40101 SET character_set_client = @saved_cs_client */;

--
-- Dumping data for table `journal_settings`
--

LOCK TABLES `journal_settings` WRITE;
/*!40000 ALTER TABLE `journal_settings` DISABLE KEYS */;
set autocommit=0;
INSERT INTO `journal_settings` VALUES
(1,'','contactEmail','rvaca@mailinator.com',NULL),
(1,'','contactName','Ramiro Vaca',NULL),
(1,'','copyrightYearBasis','issue',NULL),
(1,'','defaultReviewMode','2',NULL),
(1,'','disableSubmissions','0',NULL),
(1,'','disableUserReg','1',NULL),
(1,'','emailSignature','<br/>\n________________________________________________________________________<br/>\n<a href=\"http://localhost/index.php/publicknowledge\">Journal of Public Knowledge</a>',NULL),
(1,'','enableOai','1',NULL),
(1,'','itemsPerPage','25',NULL),
(1,'','keywords','request',NULL),
(1,'','mailingAddress','123 456th Street\nBurnaby, British Columbia\nCanada',NULL),
(1,'','membershipFee','0',NULL),
(1,'','numPageLinks','10',NULL),
(1,'','numWeeksPerResponse','4',NULL),
(1,'','numWeeksPerReview','4',NULL),
(1,'','onlineIssn','0378-5955',NULL),
(1,'','printIssn','0378-5955',NULL),
(1,'','publicationFee','0',NULL),
(1,'','publisherInstitution','Public Knowledge Project',NULL),
(1,'','purchaseArticleFee','0',NULL),
(1,'','restrictArticleAccess','0',NULL),
(1,'','restrictSiteAccess','0',NULL),
(1,'','supportedFormLocales','[\"en_US\",\"fr_CA\"]',NULL),
(1,'','supportedLocales','[\"en_US\",\"fr_CA\"]',NULL),
(1,'','supportedSubmissionLocales','[\"en_US\",\"fr_CA\"]',NULL),
(1,'','supportEmail','rvaca@mailinator.com',NULL),
(1,'','supportName','Ramiro Vaca',NULL),
(1,'','themePluginPath','default',NULL),
(1,'en_US','abbreviation','publicknowledgeJ Pub Know',NULL),
(1,'en_US','acronym','JPKJPK',NULL),
(1,'en_US','authorInformation','Interested in submitting to this journal? We recommend that you review the <a href=\"http://localhost/index.php/publicknowledge/about\">About the Journal</a> page for the journal\'s section policies, as well as the <a href=\"http://localhost/index.php/publicknowledge/about/submissions#authorGuidelines\">Author Guidelines</a>. Authors need to <a href=\"http://localhost/index.php/publicknowledge/user/register\">register</a> with the journal prior to submitting or, if already registered, can simply <a href=\"http://localhost/index.php/index/login\">log in</a> and begin the five-step process.',NULL),
(1,'en_US','clockssLicense','This journal utilizes the CLOCKSS system to create a distributed archiving system among participating libraries and permits those libraries to create permanent archives of the journal for purposes of preservation and restoration. <a href=\"http://clockss.org/\">More...</a>',NULL),
(1,'en_US','customHeaders','<meta name=\"pkp\" content=\"Test metatag.\">',NULL),
(1,'en_US','librarianInformation','We encourage research librarians to list this journal among their library\'s electronic journal holdings. As well, it may be worth noting that this journal\'s open source publishing system is suitable for libraries to host for their faculty members to use with journals they are involved in editing (see <a href=\"http://pkp.sfu.ca/ojs\">Open Journal Systems</a>).',NULL),
(1,'en_US','lockssLicense','This journal utilizes the LOCKSS system to create a distributed archiving system among participating libraries and permits those libraries to create permanent archives of the journal for purposes of preservation and restoration. <a href=\"http://www.lockss.org/\">More...</a>',NULL),
(1,'en_US','name','Journal of Public Knowledge',NULL),
(1,'en_US','openAccessPolicy','This journal provides immediate open access to its content on the principle that making research freely available to the public supports a greater global exchange of knowledge.',NULL),
(1,'en_US','privacyStatement','<p>The names and email addresses entered in this journal site will be used exclusively for the stated purposes of this journal and will not be made available for any other purpose or to any other party.</p>',NULL),
(1,'en_US','readerInformation','We encourage readers to sign up for the publishing notification service for this journal. Use the <a href=\"http://localhost/index.php/publicknowledge/user/register\">Register</a> link at the top of the home page for the journal. This registration will result in the reader receiving the Table of Contents by email for each new issue of the journal. This list also allows the journal to claim a certain level of support or readership. See the journal\'s <a href=\"http://localhost/index.php/publicknowledge/about/submissions#privacyStatement\">Privacy Statement</a>, which assures readers that their name and email address will not be used for other purposes.',NULL),
(1,'en_US','searchDescription','The Journal of Public Knowledge is a peer-reviewed quarterly publication on the subject of public access to science.',NULL),
(1,'en_US','submissionChecklist','[{\"order\":1,\"content\":\"The submission has not been previously published, nor is it before another journal for consideration (or an explanation has been provided in Comments to the Editor).\"},{\"order\":2,\"content\":\"The submission file is in OpenOffice, Microsoft Word, or RTF document file format.\"},{\"order\":3,\"content\":\"Where available, URLs for the references have been provided.\"},{\"order\":4,\"content\":\"The text is single-spaced; uses a 12-point font; employs italics, rather than underlining (except with URL addresses); and all illustrations, figures, and tables are placed within the text at the appropriate points, rather than at the end.\"},{\"order\":5,\"content\":\"The text adheres to the stylistic and bibliographic requirements outlined in the Author Guidelines.\"}]',NULL),
(1,'fr_CA','authorInformation','Intéressé-e à soumettre à cette revue ? Nous vous recommandons de consulter les politiques de rubrique de la revue à la page <a href=\"http://localhost/index.php/publicknowledge/about\">À propos de la revue</a> ainsi que les <a href=\"http://localhost/index.php/publicknowledge/about/submissions#authorGuidelines\">Directives aux auteurs</a>. Les auteurs-es doivent <a href=\"http://localhost/index.php/publicknowledge/user/register\">s\'inscrire</a> auprès de la revue avant de présenter une soumission, ou s\'ils et elles sont déjà inscrits-es, simplement <a href=\"http://localhost/index.php/publicknowledge/login\">ouvrir une session</a> et accéder au tableau de bord pour commencer les 5 étapes du processus.',NULL),
(1,'fr_CA','clockssLicense','Cette revue utilise le système CLOCKSS pour créer un système d\'archivage distribué parmi les bibliothèques participantes et permet à ces bibliothèques de créer des archives permanentes de la revue à des fins de conservation et de reconstitution. <a href=\"http://clockss.org/\">En apprendre davantage... </a>',NULL),
(1,'fr_CA','librarianInformation','Nous incitons les bibliothécaires à lister cette revue dans leur fonds de revues numériques. Aussi, il peut être pertinent de mentionner que ce système de publication en libre accès est conçu pour être hébergé par les bibliothèques de recherche pour que les membres de leurs facultés l\'utilisent avec les revues dans lesquelles ils sont impliqués (voir <a href=\"http://pkp.sfu.ca/ojs\">Open Journal Systems</a>).',NULL),
(1,'fr_CA','lockssLicense','Cette revue utilise le système LOCKSS pour créer un système de distribution des archives parmi les bibliothèques participantes et afin de permettre à ces bibliothèques de créer des archives permanentes pour fins de préservation et de restauration. <a href=\"http://lockss.org/\">En apprendre davantage...</a>',NULL),
(1,'fr_CA','name','Journal de la connaissance du public',NULL),
(1,'fr_CA','openAccessPolicy','Cette revue fournit le libre accès immédiat à son contenu se basant sur le principe que rendre la recherche disponible au public gratuitement facilite un plus grand échange du savoir, à l\'échelle de la planète.',NULL),
(1,'fr_CA','privacyStatement','<p>Les noms et courriels saisis dans le site de cette revue seront utilisés exclusivement aux fins indiquées par cette revue et ne serviront à aucune autre fin, ni à toute autre partie.</p>',NULL),
(1,'fr_CA','readerInformation','Nous invitons les lecteurs-trices à s\'inscrire pour recevoir les avis de publication de cette revue. Utiliser le lien <a href=\"http://localhost/index.php/publicknowledge/user/register\">S\'inscrire</a> en haut de la page d\'accueil de la revue. Cette inscription permettra au,à la lecteur-trice de recevoir par courriel le sommaire de chaque nouveau numéro de la revue. Cette liste permet aussi à la revue de revendiquer un certain niveau de soutien ou de lectorat. Voir la <a href=\"http://localhost/index.php/publicknowledge/about/submissions#privacyStatement\">Déclaration de confidentialité</a> de la revue qui certifie aux lecteurs-trices que leur nom et leur courriel ne seront pas utilisés à d\'autres fins.',NULL),
(1,'fr_CA','submissionChecklist','[{\"order\":1,\"content\":\"La soumission n\'a pas déjà été publiée et n\'est pas considérée actuellement par une autre revue. Si ce n\'est pas le cas, fournir une explication dans le champ « Commentaires au,à la rédacteur-trice ».\"},{\"order\":2,\"content\":\"Le fichier de la soumission est dans un des formats de fichier suivants : OpenOffice, Microsoft Word, RTF ou WordPerfect.\"},{\"order\":3,\"content\":\"Lorsque possible, les URL des références ont été fournies.\"},{\"order\":4,\"content\":\"Le texte est à simple interligne, utilise une police de 12 points, emploie l\'italique plutôt que le souligné (sauf pour les adresses URL) et place toutes les illustrations, figures et tableaux aux endroits appropriés dans le texte plutôt qu\'à la fin.\"},{\"order\":5,\"content\":\"Le texte se conforme aux exigences stylistiques et bibliographiques décrites dans les  <a href=\\\"http:\\/\\/localhost\\/index.php\\/publicknowledge\\/about\\/submissions#authorGuidelines\\\">Directives aux auteurs<\\/a>, qui se trouvent dans la section « À propos de la revue ».\"}]',NULL),
(2,'','copyrightYearBasis','issue',NULL),
(2,'','defaultReviewMode','2',NULL),
(2,'','disableSubmissions','0',NULL),
(2,'','disableUserReg','1',NULL),
(2,'','emailSignature','<br/>\n________________________________________________________________________<br/>\n<a href=\"http://localhost:8000/index.php/gmdj\">geoMetadata Demo Journal</a>',NULL),
(2,'','enableOai','1',NULL),
(2,'','itemsPerPage','25',NULL),
(2,'','keywords','request',NULL),
(2,'','membershipFee','0',NULL),
(2,'','numPageLinks','10',NULL),
(2,'','numWeeksPerResponse','4',NULL),
(2,'','numWeeksPerReview','4',NULL),
(2,'','publicationFee','0',NULL),
(2,'','purchaseArticleFee','0',NULL),
(2,'','restrictArticleAccess','0',NULL),
(2,'','restrictSiteAccess','0',NULL),
(2,'','supportedFormLocales','[\"en_US\"]',NULL),
(2,'','supportedLocales','[\"en_US\"]',NULL),
(2,'','supportedSubmissionLocales','[\"en_US\"]',NULL),
(2,'','themePluginPath','default',NULL),
(2,'en_US','acronym','GMDJ',NULL),
(2,'en_US','authorInformation','Interested in submitting to this journal? We recommend that you review the <a href=\"http://localhost:8000/index.php/gmdj/about\">About the Journal</a> page for the journal\'s section policies, as well as the <a href=\"http://localhost:8000/index.php/gmdj/about/submissions#authorGuidelines\">Author Guidelines</a>. Authors need to <a href=\"http://localhost:8000/index.php/gmdj/user/register\">register</a> with the journal prior to submitting or, if already registered, can simply <a href=\"http://localhost:8000/index.php/index/login\">log in</a> and begin the five-step process.',NULL),
(2,'en_US','clockssLicense','This journal utilizes the CLOCKSS system to create a distributed archiving system among participating libraries and permits those libraries to create permanent archives of the journal for purposes of preservation and restoration. <a href=\"http://clockss.org/\">More...</a>',NULL),
(2,'en_US','librarianInformation','We encourage research librarians to list this journal among their library\'s electronic journal holdings. As well, it may be worth noting that this journal\'s open source publishing system is suitable for libraries to host for their faculty members to use with journals they are involved in editing (see <a href=\"http://pkp.sfu.ca/ojs\">Open Journal Systems</a>).',NULL),
(2,'en_US','lockssLicense','This journal utilizes the LOCKSS system to create a distributed archiving system among participating libraries and permits those libraries to create permanent archives of the journal for purposes of preservation and restoration. <a href=\"http://www.lockss.org/\">More...</a>',NULL),
(2,'en_US','name','geoMetadata Demo Journal',NULL),
(2,'en_US','openAccessPolicy','This journal provides immediate open access to its content on the principle that making research freely available to the public supports a greater global exchange of knowledge.',NULL),
(2,'en_US','privacyStatement','<p>The names and email addresses entered in this journal site will be used exclusively for the stated purposes of this journal and will not be made available for any other purpose or to any other party.</p>',NULL),
(2,'en_US','readerInformation','We encourage readers to sign up for the publishing notification service for this journal. Use the <a href=\"http://localhost:8000/index.php/gmdj/user/register\">Register</a> link at the top of the home page for the journal. This registration will result in the reader receiving the Table of Contents by email for each new issue of the journal. This list also allows the journal to claim a certain level of support or readership. See the journal\'s <a href=\"http://localhost:8000/index.php/gmdj/about/submissions#privacyStatement\">Privacy Statement</a>, which assures readers that their name and email address will not be used for other purposes.',NULL),
(2,'en_US','submissionChecklist','[{\"order\":1,\"content\":\"The submission has not been previously published, nor is it before another journal for consideration (or an explanation has been provided in Comments to the Editor).\"},{\"order\":2,\"content\":\"The submission file is in OpenOffice, Microsoft Word, or RTF document file format.\"},{\"order\":3,\"content\":\"Where available, URLs for the references have been provided.\"},{\"order\":4,\"content\":\"The text is single-spaced; uses a 12-point font; employs italics, rather than underlining (except with URL addresses); and all illustrations, figures, and tables are placed within the text at the appropriate points, rather than at the end.\"},{\"order\":5,\"content\":\"The text adheres to the stylistic and bibliographic requirements outlined in the Author Guidelines.\"}]',NULL),
(2,'fr_CA','acronym',NULL,NULL),
(2,'fr_CA','name',NULL,NULL);
/*!40000 ALTER TABLE `journal_settings` ENABLE KEYS */;
UNLOCK TABLES;
commit;

--
-- Table structure for table `journals`
--

DROP TABLE IF EXISTS `journals`;
/*!40101 SET @saved_cs_client     = @@character_set_client */;
/*!40101 SET character_set_client = utf8mb4 */;
CREATE TABLE `journals` (
  `journal_id` bigint NOT NULL AUTO_INCREMENT,
  `path` varchar(32) NOT NULL,
  `seq` double(8,2) NOT NULL DEFAULT '0.00' COMMENT 'Used to order lists of journals',
  `primary_locale` varchar(14) NOT NULL,
  `enabled` smallint NOT NULL DEFAULT '1' COMMENT 'Controls whether or not the journal is considered "live" and will appear on the website. (Note that disabled journals may still be accessible, but only if the user knows the URL.)',
  PRIMARY KEY (`journal_id`),
  UNIQUE KEY `journals_path` (`path`)
) ENGINE=InnoDB AUTO_INCREMENT=3 DEFAULT CHARSET=utf8mb3;
/*!40101 SET character_set_client = @saved_cs_client */;

--
-- Dumping data for table `journals`
--

LOCK TABLES `journals` WRITE;
/*!40000 ALTER TABLE `journals` DISABLE KEYS */;
set autocommit=0;
INSERT INTO `journals` VALUES
(1,'publicknowledge',1.00,'en_US',1),
(2,'gmdj',2.00,'en_US',1);
/*!40000 ALTER TABLE `journals` ENABLE KEYS */;
UNLOCK TABLES;
commit;

--
-- Table structure for table `library_file_settings`
--

DROP TABLE IF EXISTS `library_file_settings`;
/*!40101 SET @saved_cs_client     = @@character_set_client */;
/*!40101 SET character_set_client = utf8mb4 */;
CREATE TABLE `library_file_settings` (
  `file_id` bigint NOT NULL,
  `locale` varchar(14) NOT NULL DEFAULT '',
  `setting_name` varchar(255) NOT NULL,
  `setting_value` text,
  `setting_type` varchar(6) NOT NULL COMMENT '(bool|int|float|string|object|date)',
  UNIQUE KEY `library_file_settings_pkey` (`file_id`,`locale`,`setting_name`),
  KEY `library_file_settings_id` (`file_id`)
) ENGINE=InnoDB DEFAULT CHARSET=utf8mb3;
/*!40101 SET character_set_client = @saved_cs_client */;

--
-- Dumping data for table `library_file_settings`
--

LOCK TABLES `library_file_settings` WRITE;
/*!40000 ALTER TABLE `library_file_settings` DISABLE KEYS */;
set autocommit=0;
/*!40000 ALTER TABLE `library_file_settings` ENABLE KEYS */;
UNLOCK TABLES;
commit;

--
-- Table structure for table `library_files`
--

DROP TABLE IF EXISTS `library_files`;
/*!40101 SET @saved_cs_client     = @@character_set_client */;
/*!40101 SET character_set_client = utf8mb4 */;
CREATE TABLE `library_files` (
  `file_id` bigint NOT NULL AUTO_INCREMENT,
  `context_id` bigint NOT NULL,
  `file_name` varchar(255) NOT NULL,
  `original_file_name` varchar(255) NOT NULL,
  `file_type` varchar(255) NOT NULL,
  `file_size` bigint NOT NULL,
  `type` smallint NOT NULL,
  `date_uploaded` datetime NOT NULL,
  `date_modified` datetime NOT NULL,
  `submission_id` bigint NOT NULL,
  `public_access` smallint DEFAULT '0',
  PRIMARY KEY (`file_id`),
  KEY `library_files_context_id` (`context_id`),
  KEY `library_files_submission_id` (`submission_id`)
) ENGINE=InnoDB DEFAULT CHARSET=utf8mb3;
/*!40101 SET character_set_client = @saved_cs_client */;

--
-- Dumping data for table `library_files`
--

LOCK TABLES `library_files` WRITE;
/*!40000 ALTER TABLE `library_files` DISABLE KEYS */;
set autocommit=0;
/*!40000 ALTER TABLE `library_files` ENABLE KEYS */;
UNLOCK TABLES;
commit;

--
-- Table structure for table `metadata_description_settings`
--

DROP TABLE IF EXISTS `metadata_description_settings`;
/*!40101 SET @saved_cs_client     = @@character_set_client */;
/*!40101 SET character_set_client = utf8mb4 */;
CREATE TABLE `metadata_description_settings` (
  `metadata_description_id` bigint NOT NULL,
  `locale` varchar(14) NOT NULL DEFAULT '',
  `setting_name` varchar(255) NOT NULL,
  `setting_value` text,
  `setting_type` varchar(6) NOT NULL,
  UNIQUE KEY `metadata_descripton_settings_pkey` (`metadata_description_id`,`locale`,`setting_name`),
  KEY `metadata_description_settings_id` (`metadata_description_id`)
) ENGINE=InnoDB DEFAULT CHARSET=utf8mb3;
/*!40101 SET character_set_client = @saved_cs_client */;

--
-- Dumping data for table `metadata_description_settings`
--

LOCK TABLES `metadata_description_settings` WRITE;
/*!40000 ALTER TABLE `metadata_description_settings` DISABLE KEYS */;
set autocommit=0;
/*!40000 ALTER TABLE `metadata_description_settings` ENABLE KEYS */;
UNLOCK TABLES;
commit;

--
-- Table structure for table `metadata_descriptions`
--

DROP TABLE IF EXISTS `metadata_descriptions`;
/*!40101 SET @saved_cs_client     = @@character_set_client */;
/*!40101 SET character_set_client = utf8mb4 */;
CREATE TABLE `metadata_descriptions` (
  `metadata_description_id` bigint NOT NULL AUTO_INCREMENT,
  `assoc_type` bigint NOT NULL DEFAULT '0',
  `assoc_id` bigint NOT NULL DEFAULT '0',
  `schema_namespace` varchar(255) NOT NULL,
  `schema_name` varchar(255) NOT NULL,
  `display_name` varchar(255) DEFAULT NULL,
  `seq` bigint NOT NULL DEFAULT '0',
  PRIMARY KEY (`metadata_description_id`),
  KEY `metadata_descriptions_assoc` (`assoc_type`,`assoc_id`)
) ENGINE=InnoDB DEFAULT CHARSET=utf8mb3;
/*!40101 SET character_set_client = @saved_cs_client */;

--
-- Dumping data for table `metadata_descriptions`
--

LOCK TABLES `metadata_descriptions` WRITE;
/*!40000 ALTER TABLE `metadata_descriptions` DISABLE KEYS */;
set autocommit=0;
/*!40000 ALTER TABLE `metadata_descriptions` ENABLE KEYS */;
UNLOCK TABLES;
commit;

--
-- Table structure for table `metrics`
--

DROP TABLE IF EXISTS `metrics`;
/*!40101 SET @saved_cs_client     = @@character_set_client */;
/*!40101 SET character_set_client = utf8mb4 */;
CREATE TABLE `metrics` (
  `load_id` varchar(255) NOT NULL,
  `context_id` bigint NOT NULL,
  `pkp_section_id` bigint DEFAULT NULL,
  `assoc_object_type` bigint DEFAULT NULL,
  `assoc_object_id` bigint DEFAULT NULL,
  `submission_id` bigint DEFAULT NULL,
  `representation_id` bigint DEFAULT NULL,
  `assoc_type` bigint NOT NULL,
  `assoc_id` bigint NOT NULL,
  `day` varchar(8) DEFAULT NULL,
  `month` varchar(6) DEFAULT NULL,
  `file_type` smallint DEFAULT NULL,
  `country_id` varchar(2) DEFAULT NULL,
  `region` varchar(2) DEFAULT NULL,
  `city` varchar(255) DEFAULT NULL,
  `metric_type` varchar(255) NOT NULL,
  `metric` int NOT NULL,
  KEY `metrics_load_id` (`load_id`),
  KEY `metrics_metric_type_context_id` (`metric_type`,`context_id`),
  KEY `metrics_metric_type_submission_id_assoc_type` (`metric_type`,`submission_id`,`assoc_type`),
  KEY `metrics_metric_type_submission_id_assoc` (`metric_type`,`context_id`,`assoc_type`,`assoc_id`)
) ENGINE=InnoDB DEFAULT CHARSET=utf8mb3;
/*!40101 SET character_set_client = @saved_cs_client */;

--
-- Dumping data for table `metrics`
--

LOCK TABLES `metrics` WRITE;
/*!40000 ALTER TABLE `metrics` DISABLE KEYS */;
set autocommit=0;
INSERT INTO `metrics` VALUES
('usage_events_20250713.log',1,1,NULL,NULL,3,NULL,1048585,3,'20250713','202507',NULL,NULL,NULL,NULL,'ojs::counter',2),
('usage_events_20250713.log',1,1,NULL,NULL,2,NULL,1048585,2,'20250713','202507',NULL,NULL,NULL,NULL,'ojs::counter',1),
('usage_events_20250713.log',1,NULL,NULL,NULL,NULL,NULL,256,1,'20250713','202507',NULL,NULL,NULL,NULL,'ojs::counter',1);
/*!40000 ALTER TABLE `metrics` ENABLE KEYS */;
UNLOCK TABLES;
commit;

--
-- Table structure for table `navigation_menu_item_assignment_settings`
--

DROP TABLE IF EXISTS `navigation_menu_item_assignment_settings`;
/*!40101 SET @saved_cs_client     = @@character_set_client */;
/*!40101 SET character_set_client = utf8mb4 */;
CREATE TABLE `navigation_menu_item_assignment_settings` (
  `navigation_menu_item_assignment_id` bigint NOT NULL,
  `locale` varchar(14) NOT NULL DEFAULT '',
  `setting_name` varchar(255) NOT NULL,
  `setting_value` text,
  `setting_type` varchar(6) NOT NULL,
  UNIQUE KEY `navigation_menu_item_assignment_settings_pkey` (`navigation_menu_item_assignment_id`,`locale`,`setting_name`),
  KEY `assignment_settings_navigation_menu_item_assignment_id` (`navigation_menu_item_assignment_id`)
) ENGINE=InnoDB DEFAULT CHARSET=utf8mb3;
/*!40101 SET character_set_client = @saved_cs_client */;

--
-- Dumping data for table `navigation_menu_item_assignment_settings`
--

LOCK TABLES `navigation_menu_item_assignment_settings` WRITE;
/*!40000 ALTER TABLE `navigation_menu_item_assignment_settings` DISABLE KEYS */;
set autocommit=0;
INSERT INTO `navigation_menu_item_assignment_settings` VALUES
(49,'en_US','title','Map','string');
/*!40000 ALTER TABLE `navigation_menu_item_assignment_settings` ENABLE KEYS */;
UNLOCK TABLES;
commit;

--
-- Table structure for table `navigation_menu_item_assignments`
--

DROP TABLE IF EXISTS `navigation_menu_item_assignments`;
/*!40101 SET @saved_cs_client     = @@character_set_client */;
/*!40101 SET character_set_client = utf8mb4 */;
CREATE TABLE `navigation_menu_item_assignments` (
  `navigation_menu_item_assignment_id` bigint NOT NULL AUTO_INCREMENT,
  `navigation_menu_id` bigint NOT NULL,
  `navigation_menu_item_id` bigint NOT NULL,
  `parent_id` bigint DEFAULT NULL,
  `seq` bigint DEFAULT '0',
  PRIMARY KEY (`navigation_menu_item_assignment_id`)
) ENGINE=InnoDB AUTO_INCREMENT=50 DEFAULT CHARSET=utf8mb3;
/*!40101 SET character_set_client = @saved_cs_client */;

--
-- Dumping data for table `navigation_menu_item_assignments`
--

LOCK TABLES `navigation_menu_item_assignments` WRITE;
/*!40000 ALTER TABLE `navigation_menu_item_assignments` DISABLE KEYS */;
set autocommit=0;
INSERT INTO `navigation_menu_item_assignments` VALUES
(1,1,1,0,0),
(2,1,2,0,1),
(3,1,3,0,2),
(4,1,4,3,0),
(5,1,5,3,1),
(6,1,6,3,2),
(7,1,7,3,3),
(8,2,8,0,0),
(9,2,9,0,1),
(10,2,10,0,2),
(11,2,11,10,0),
(12,2,12,10,1),
(13,2,13,10,2),
(14,2,14,10,3),
(15,3,15,0,0),
(16,3,16,0,1),
(17,3,17,0,2),
(18,3,18,0,3),
(19,3,19,18,0),
(20,3,20,18,1),
(21,3,21,18,2),
(22,3,22,18,3),
(23,3,23,18,4),
(24,4,25,0,0),
(25,4,26,0,1),
(26,4,27,0,2),
(27,4,28,27,0),
(28,4,29,27,1),
(29,4,30,27,2),
(30,4,31,27,3),
(40,5,32,0,0),
(41,5,33,0,1),
(42,5,34,0,2),
(43,5,35,0,3),
(44,5,36,35,4),
(45,5,37,35,5),
(46,5,38,35,6),
(47,5,39,35,7),
(48,5,40,35,8),
(49,5,42,0,9);
/*!40000 ALTER TABLE `navigation_menu_item_assignments` ENABLE KEYS */;
UNLOCK TABLES;
commit;

--
-- Table structure for table `navigation_menu_item_settings`
--

DROP TABLE IF EXISTS `navigation_menu_item_settings`;
/*!40101 SET @saved_cs_client     = @@character_set_client */;
/*!40101 SET character_set_client = utf8mb4 */;
CREATE TABLE `navigation_menu_item_settings` (
  `navigation_menu_item_id` bigint NOT NULL,
  `locale` varchar(14) NOT NULL DEFAULT '',
  `setting_name` varchar(255) NOT NULL,
  `setting_value` longtext,
  `setting_type` varchar(6) NOT NULL,
  UNIQUE KEY `navigation_menu_item_settings_pkey` (`navigation_menu_item_id`,`locale`,`setting_name`),
  KEY `navigation_menu_item_settings_navigation_menu_id` (`navigation_menu_item_id`)
) ENGINE=InnoDB DEFAULT CHARSET=utf8mb3;
/*!40101 SET character_set_client = @saved_cs_client */;

--
-- Dumping data for table `navigation_menu_item_settings`
--

LOCK TABLES `navigation_menu_item_settings` WRITE;
/*!40000 ALTER TABLE `navigation_menu_item_settings` DISABLE KEYS */;
set autocommit=0;
INSERT INTO `navigation_menu_item_settings` VALUES
(1,'','titleLocaleKey','navigation.register','string'),
(2,'','titleLocaleKey','navigation.login','string'),
(3,'','titleLocaleKey','{$loggedInUsername}','string'),
(4,'','titleLocaleKey','navigation.dashboard','string'),
(5,'','titleLocaleKey','common.viewProfile','string'),
(6,'','titleLocaleKey','navigation.admin','string'),
(7,'','titleLocaleKey','user.logOut','string'),
(8,'','titleLocaleKey','navigation.register','string'),
(9,'','titleLocaleKey','navigation.login','string'),
(10,'','titleLocaleKey','{$loggedInUsername}','string'),
(11,'','titleLocaleKey','navigation.dashboard','string'),
(12,'','titleLocaleKey','common.viewProfile','string'),
(13,'','titleLocaleKey','navigation.admin','string'),
(14,'','titleLocaleKey','user.logOut','string'),
(15,'','titleLocaleKey','navigation.current','string'),
(16,'','titleLocaleKey','navigation.archives','string'),
(17,'','titleLocaleKey','manager.announcements','string'),
(18,'','titleLocaleKey','navigation.about','string'),
(19,'','titleLocaleKey','about.aboutContext','string'),
(20,'','titleLocaleKey','about.submissions','string'),
(21,'','titleLocaleKey','about.editorialTeam','string'),
(22,'','titleLocaleKey','manager.setup.privacyStatement','string'),
(23,'','titleLocaleKey','about.contact','string'),
(24,'','titleLocaleKey','common.search','string'),
(25,'','titleLocaleKey','navigation.register','string'),
(26,'','titleLocaleKey','navigation.login','string'),
(27,'','titleLocaleKey','{$loggedInUsername}','string'),
(28,'','titleLocaleKey','navigation.dashboard','string'),
(29,'','titleLocaleKey','common.viewProfile','string'),
(30,'','titleLocaleKey','navigation.admin','string'),
(31,'','titleLocaleKey','user.logOut','string'),
(32,'','titleLocaleKey','navigation.current','string'),
(33,'','titleLocaleKey','navigation.archives','string'),
(34,'','titleLocaleKey','manager.announcements','string'),
(35,'','titleLocaleKey','navigation.about','string'),
(36,'','titleLocaleKey','about.aboutContext','string'),
(37,'','titleLocaleKey','about.submissions','string'),
(38,'','titleLocaleKey','about.editorialTeam','string'),
(39,'','titleLocaleKey','manager.setup.privacyStatement','string'),
(40,'','titleLocaleKey','about.contact','string'),
(41,'','titleLocaleKey','common.search','string'),
(42,'en_US','content','','string'),
(42,'en_US','remoteUrl','http://localhost:8000/index.php/gmdj/map','string'),
(42,'en_US','title','Map','string');
/*!40000 ALTER TABLE `navigation_menu_item_settings` ENABLE KEYS */;
UNLOCK TABLES;
commit;

--
-- Table structure for table `navigation_menu_items`
--

DROP TABLE IF EXISTS `navigation_menu_items`;
/*!40101 SET @saved_cs_client     = @@character_set_client */;
/*!40101 SET character_set_client = utf8mb4 */;
CREATE TABLE `navigation_menu_items` (
  `navigation_menu_item_id` bigint NOT NULL AUTO_INCREMENT,
  `context_id` bigint NOT NULL,
  `path` varchar(255) DEFAULT '',
  `type` varchar(255) DEFAULT '',
  PRIMARY KEY (`navigation_menu_item_id`)
) ENGINE=InnoDB AUTO_INCREMENT=43 DEFAULT CHARSET=utf8mb3;
/*!40101 SET character_set_client = @saved_cs_client */;

--
-- Dumping data for table `navigation_menu_items`
--

LOCK TABLES `navigation_menu_items` WRITE;
/*!40000 ALTER TABLE `navigation_menu_items` DISABLE KEYS */;
set autocommit=0;
INSERT INTO `navigation_menu_items` VALUES
(1,0,NULL,'NMI_TYPE_USER_REGISTER'),
(2,0,NULL,'NMI_TYPE_USER_LOGIN'),
(3,0,NULL,'NMI_TYPE_USER_DASHBOARD'),
(4,0,NULL,'NMI_TYPE_USER_DASHBOARD'),
(5,0,NULL,'NMI_TYPE_USER_PROFILE'),
(6,0,NULL,'NMI_TYPE_ADMINISTRATION'),
(7,0,NULL,'NMI_TYPE_USER_LOGOUT'),
(8,1,NULL,'NMI_TYPE_USER_REGISTER'),
(9,1,NULL,'NMI_TYPE_USER_LOGIN'),
(10,1,NULL,'NMI_TYPE_USER_DASHBOARD'),
(11,1,NULL,'NMI_TYPE_USER_DASHBOARD'),
(12,1,NULL,'NMI_TYPE_USER_PROFILE'),
(13,1,NULL,'NMI_TYPE_ADMINISTRATION'),
(14,1,NULL,'NMI_TYPE_USER_LOGOUT'),
(15,1,NULL,'NMI_TYPE_CURRENT'),
(16,1,NULL,'NMI_TYPE_ARCHIVES'),
(17,1,NULL,'NMI_TYPE_ANNOUNCEMENTS'),
(18,1,NULL,'NMI_TYPE_ABOUT'),
(19,1,NULL,'NMI_TYPE_ABOUT'),
(20,1,NULL,'NMI_TYPE_SUBMISSIONS'),
(21,1,NULL,'NMI_TYPE_EDITORIAL_TEAM'),
(22,1,NULL,'NMI_TYPE_PRIVACY'),
(23,1,NULL,'NMI_TYPE_CONTACT'),
(24,1,NULL,'NMI_TYPE_SEARCH'),
(25,2,NULL,'NMI_TYPE_USER_REGISTER'),
(26,2,NULL,'NMI_TYPE_USER_LOGIN'),
(27,2,NULL,'NMI_TYPE_USER_DASHBOARD'),
(28,2,NULL,'NMI_TYPE_USER_DASHBOARD'),
(29,2,NULL,'NMI_TYPE_USER_PROFILE'),
(30,2,NULL,'NMI_TYPE_ADMINISTRATION'),
(31,2,NULL,'NMI_TYPE_USER_LOGOUT'),
(32,2,NULL,'NMI_TYPE_CURRENT'),
(33,2,NULL,'NMI_TYPE_ARCHIVES'),
(34,2,NULL,'NMI_TYPE_ANNOUNCEMENTS'),
(35,2,NULL,'NMI_TYPE_ABOUT'),
(36,2,NULL,'NMI_TYPE_ABOUT'),
(37,2,NULL,'NMI_TYPE_SUBMISSIONS'),
(38,2,NULL,'NMI_TYPE_EDITORIAL_TEAM'),
(39,2,NULL,'NMI_TYPE_PRIVACY'),
(40,2,NULL,'NMI_TYPE_CONTACT'),
(41,2,NULL,'NMI_TYPE_SEARCH'),
(42,2,'','NMI_TYPE_REMOTE_URL');
/*!40000 ALTER TABLE `navigation_menu_items` ENABLE KEYS */;
UNLOCK TABLES;
commit;

--
-- Table structure for table `navigation_menus`
--

DROP TABLE IF EXISTS `navigation_menus`;
/*!40101 SET @saved_cs_client     = @@character_set_client */;
/*!40101 SET character_set_client = utf8mb4 */;
CREATE TABLE `navigation_menus` (
  `navigation_menu_id` bigint NOT NULL AUTO_INCREMENT,
  `context_id` bigint NOT NULL,
  `area_name` varchar(255) DEFAULT '',
  `title` varchar(255) NOT NULL,
  PRIMARY KEY (`navigation_menu_id`)
) ENGINE=InnoDB AUTO_INCREMENT=6 DEFAULT CHARSET=utf8mb3;
/*!40101 SET character_set_client = @saved_cs_client */;

--
-- Dumping data for table `navigation_menus`
--

LOCK TABLES `navigation_menus` WRITE;
/*!40000 ALTER TABLE `navigation_menus` DISABLE KEYS */;
set autocommit=0;
INSERT INTO `navigation_menus` VALUES
(1,0,'user','User Navigation Menu'),
(2,1,'user','User Navigation Menu'),
(3,1,'primary','Primary Navigation Menu'),
(4,2,'user','User Navigation Menu'),
(5,2,'primary','Primary Navigation Menu');
/*!40000 ALTER TABLE `navigation_menus` ENABLE KEYS */;
UNLOCK TABLES;
commit;

--
-- Table structure for table `notes`
--

DROP TABLE IF EXISTS `notes`;
/*!40101 SET @saved_cs_client     = @@character_set_client */;
/*!40101 SET character_set_client = utf8mb4 */;
CREATE TABLE `notes` (
  `note_id` bigint NOT NULL AUTO_INCREMENT,
  `assoc_type` bigint NOT NULL,
  `assoc_id` bigint NOT NULL,
  `user_id` bigint NOT NULL,
  `date_created` datetime NOT NULL,
  `date_modified` datetime DEFAULT NULL,
  `title` varchar(255) DEFAULT NULL,
  `contents` text,
  PRIMARY KEY (`note_id`),
  KEY `notes_assoc` (`assoc_type`,`assoc_id`)
) ENGINE=InnoDB AUTO_INCREMENT=2 DEFAULT CHARSET=utf8mb3;
/*!40101 SET character_set_client = @saved_cs_client */;

--
-- Dumping data for table `notes`
--

LOCK TABLES `notes` WRITE;
/*!40000 ALTER TABLE `notes` DISABLE KEYS */;
set autocommit=0;
INSERT INTO `notes` VALUES
(1,1048586,1,6,'2025-07-11 05:40:27','2025-07-11 05:40:27','Recommendation','<p>Daniel Barnes, David Buskins, Stephanie Berardo:<br><br>The recommendation regarding the submission to Journal of Public Knowledge, \"The influence of lactation on the quantity and quality of cashmere production\" is: Accept Submission</p><br/><br/>\n________________________________________________________________________<br/>\n<a href=\"http://localhost/index.php/publicknowledge\">Journal of Public Knowledge</a>');
/*!40000 ALTER TABLE `notes` ENABLE KEYS */;
UNLOCK TABLES;
commit;

--
-- Table structure for table `notification_mail_list`
--

DROP TABLE IF EXISTS `notification_mail_list`;
/*!40101 SET @saved_cs_client     = @@character_set_client */;
/*!40101 SET character_set_client = utf8mb4 */;
CREATE TABLE `notification_mail_list` (
  `notification_mail_list_id` bigint NOT NULL AUTO_INCREMENT,
  `email` varchar(90) NOT NULL,
  `confirmed` smallint NOT NULL DEFAULT '0',
  `token` varchar(40) NOT NULL,
  `context` bigint NOT NULL,
  PRIMARY KEY (`notification_mail_list_id`),
  UNIQUE KEY `notification_mail_list_email_context` (`email`,`context`)
) ENGINE=InnoDB DEFAULT CHARSET=utf8mb3;
/*!40101 SET character_set_client = @saved_cs_client */;

--
-- Dumping data for table `notification_mail_list`
--

LOCK TABLES `notification_mail_list` WRITE;
/*!40000 ALTER TABLE `notification_mail_list` DISABLE KEYS */;
set autocommit=0;
/*!40000 ALTER TABLE `notification_mail_list` ENABLE KEYS */;
UNLOCK TABLES;
commit;

--
-- Table structure for table `notification_settings`
--

DROP TABLE IF EXISTS `notification_settings`;
/*!40101 SET @saved_cs_client     = @@character_set_client */;
/*!40101 SET character_set_client = utf8mb4 */;
CREATE TABLE `notification_settings` (
  `notification_id` bigint NOT NULL,
  `locale` varchar(14) DEFAULT NULL,
  `setting_name` varchar(64) NOT NULL,
  `setting_value` text NOT NULL,
  `setting_type` varchar(6) NOT NULL COMMENT '(bool|int|float|string|object)',
  UNIQUE KEY `notification_settings_pkey` (`notification_id`,`locale`,`setting_name`)
) ENGINE=InnoDB DEFAULT CHARSET=utf8mb3;
/*!40101 SET character_set_client = @saved_cs_client */;

--
-- Dumping data for table `notification_settings`
--

LOCK TABLES `notification_settings` WRITE;
/*!40000 ALTER TABLE `notification_settings` DISABLE KEYS */;
set autocommit=0;
INSERT INTO `notification_settings` VALUES
(573,'','contents','This is a kind reminder for you to check your journal\'s health through the editorial report.','string'),
(574,'','contents','This is a kind reminder for you to check your journal\'s health through the editorial report.','string'),
(575,'','contents','This is a kind reminder for you to check your journal\'s health through the editorial report.','string'),
(576,'','contents','This is a kind reminder for you to check your journal\'s health through the editorial report.','string'),
(577,'','contents','This is a kind reminder for you to check your journal\'s health through the editorial report.','string'),
(578,'','contents','This is a kind reminder for you to check your journal\'s health through the editorial report.','string'),
(579,'','contents','This is a kind reminder for you to check your journal\'s health through the editorial report.','string');
/*!40000 ALTER TABLE `notification_settings` ENABLE KEYS */;
UNLOCK TABLES;
commit;

--
-- Table structure for table `notification_subscription_settings`
--

DROP TABLE IF EXISTS `notification_subscription_settings`;
/*!40101 SET @saved_cs_client     = @@character_set_client */;
/*!40101 SET character_set_client = utf8mb4 */;
CREATE TABLE `notification_subscription_settings` (
  `setting_id` bigint NOT NULL AUTO_INCREMENT,
  `setting_name` varchar(64) NOT NULL,
  `setting_value` text NOT NULL,
  `user_id` bigint NOT NULL,
  `context` bigint NOT NULL,
  `setting_type` varchar(6) NOT NULL COMMENT '(bool|int|float|string|object)',
  PRIMARY KEY (`setting_id`)
) ENGINE=InnoDB AUTO_INCREMENT=39 DEFAULT CHARSET=utf8mb3;
/*!40101 SET character_set_client = @saved_cs_client */;

--
-- Dumping data for table `notification_subscription_settings`
--

LOCK TABLES `notification_subscription_settings` WRITE;
/*!40000 ALTER TABLE `notification_subscription_settings` DISABLE KEYS */;
set autocommit=0;
INSERT INTO `notification_subscription_settings` VALUES
(1,'blocked_emailed_notification','8',17,1,'int'),
(2,'blocked_emailed_notification','268435477',17,1,'int'),
(3,'blocked_emailed_notification','8',18,1,'int'),
(4,'blocked_emailed_notification','268435477',18,1,'int'),
(5,'blocked_emailed_notification','8',19,1,'int'),
(6,'blocked_emailed_notification','268435477',19,1,'int'),
(7,'blocked_emailed_notification','8',20,1,'int'),
(8,'blocked_emailed_notification','268435477',20,1,'int'),
(9,'blocked_emailed_notification','8',21,1,'int'),
(10,'blocked_emailed_notification','268435477',21,1,'int'),
(11,'blocked_emailed_notification','8',22,1,'int'),
(12,'blocked_emailed_notification','268435477',22,1,'int'),
(13,'blocked_emailed_notification','8',23,1,'int'),
(14,'blocked_emailed_notification','268435477',23,1,'int'),
(15,'blocked_emailed_notification','8',24,1,'int'),
(16,'blocked_emailed_notification','268435477',24,1,'int'),
(17,'blocked_emailed_notification','8',25,1,'int'),
(18,'blocked_emailed_notification','268435477',25,1,'int'),
(19,'blocked_emailed_notification','8',26,1,'int'),
(20,'blocked_emailed_notification','268435477',26,1,'int'),
(21,'blocked_emailed_notification','8',27,1,'int'),
(22,'blocked_emailed_notification','268435477',27,1,'int'),
(23,'blocked_emailed_notification','8',28,1,'int'),
(24,'blocked_emailed_notification','268435477',28,1,'int'),
(25,'blocked_emailed_notification','8',29,1,'int'),
(26,'blocked_emailed_notification','268435477',29,1,'int'),
(27,'blocked_emailed_notification','8',30,1,'int'),
(28,'blocked_emailed_notification','268435477',30,1,'int'),
(29,'blocked_emailed_notification','8',31,1,'int'),
(30,'blocked_emailed_notification','268435477',31,1,'int'),
(31,'blocked_emailed_notification','8',32,1,'int'),
(32,'blocked_emailed_notification','268435477',32,1,'int'),
(33,'blocked_emailed_notification','8',33,1,'int'),
(34,'blocked_emailed_notification','268435477',33,1,'int'),
(35,'blocked_emailed_notification','8',34,1,'int'),
(36,'blocked_emailed_notification','268435477',34,1,'int'),
(37,'blocked_emailed_notification','8',35,1,'int'),
(38,'blocked_emailed_notification','268435477',35,1,'int');
/*!40000 ALTER TABLE `notification_subscription_settings` ENABLE KEYS */;
UNLOCK TABLES;
commit;

--
-- Table structure for table `notifications`
--

DROP TABLE IF EXISTS `notifications`;
/*!40101 SET @saved_cs_client     = @@character_set_client */;
/*!40101 SET character_set_client = utf8mb4 */;
CREATE TABLE `notifications` (
  `notification_id` bigint NOT NULL AUTO_INCREMENT,
  `context_id` bigint NOT NULL,
  `user_id` bigint DEFAULT NULL,
  `level` bigint NOT NULL,
  `type` bigint NOT NULL,
  `date_created` datetime NOT NULL,
  `date_read` datetime DEFAULT NULL,
  `assoc_type` bigint DEFAULT NULL,
  `assoc_id` bigint DEFAULT NULL,
  PRIMARY KEY (`notification_id`),
  KEY `notifications_context_id_user_id` (`context_id`,`user_id`,`level`),
  KEY `notifications_context_id` (`context_id`,`level`),
  KEY `notifications_assoc` (`assoc_type`,`assoc_id`),
  KEY `notifications_user_id_level` (`user_id`,`level`)
) ENGINE=InnoDB AUTO_INCREMENT=590 DEFAULT CHARSET=utf8mb3;
/*!40101 SET character_set_client = @saved_cs_client */;

--
-- Dumping data for table `notifications`
--

LOCK TABLES `notifications` WRITE;
/*!40000 ALTER TABLE `notifications` DISABLE KEYS */;
set autocommit=0;
INSERT INTO `notifications` VALUES
(6,1,3,2,16777217,'2025-07-11 05:38:17',NULL,1048585,1),
(7,1,5,2,16777217,'2025-07-11 05:38:17',NULL,1048585,1),
(8,1,4,2,16777217,'2025-07-11 05:38:17',NULL,1048585,1),
(9,1,0,2,16777243,'2025-07-11 05:38:17',NULL,1048585,1),
(10,1,0,2,16777245,'2025-07-11 05:38:17',NULL,1048585,1),
(11,1,0,2,16777236,'2025-07-11 05:38:19','2025-07-11 05:38:21',523,1),
(13,1,7,3,16777227,'2025-07-11 05:38:24',NULL,517,1),
(15,1,9,3,16777227,'2025-07-11 05:38:27',NULL,517,2),
(17,1,10,3,16777227,'2025-07-11 05:38:30',NULL,517,3),
(24,1,17,2,16777235,'2025-07-11 05:38:37',NULL,1048585,1),
(32,1,17,3,16777259,'2025-07-11 05:39:23',NULL,1048585,1),
(33,1,16,3,16777259,'2025-07-11 05:39:23',NULL,1048585,1),
(34,1,14,3,16777259,'2025-07-11 05:39:23',NULL,1048585,1),
(35,1,12,3,16777259,'2025-07-11 05:39:23',NULL,1048585,1),
(36,1,5,3,16777259,'2025-07-11 05:39:23',NULL,1048585,1),
(37,1,4,3,16777259,'2025-07-11 05:39:23',NULL,1048585,1),
(38,1,3,3,16777259,'2025-07-11 05:39:23',NULL,1048585,1),
(42,1,3,2,16777217,'2025-07-11 05:40:13',NULL,1048585,2),
(43,1,5,2,16777217,'2025-07-11 05:40:13',NULL,1048585,2),
(44,1,4,2,16777217,'2025-07-11 05:40:13',NULL,1048585,2),
(45,1,0,2,16777243,'2025-07-11 05:40:13',NULL,1048585,2),
(46,1,0,2,16777245,'2025-07-11 05:40:13',NULL,1048585,2),
(47,1,0,2,16777236,'2025-07-11 05:40:16','2025-07-11 05:40:17',523,2),
(48,1,18,2,16777231,'2025-07-11 05:40:16',NULL,1048585,2),
(50,1,3,3,16777249,'2025-07-11 05:40:27',NULL,1048586,1),
(51,1,4,3,16777249,'2025-07-11 05:40:27',NULL,1048586,1),
(52,1,5,3,16777249,'2025-07-11 05:40:27',NULL,1048586,1),
(53,1,3,2,16777217,'2025-07-11 05:40:38',NULL,1048585,3),
(54,1,5,2,16777217,'2025-07-11 05:40:39',NULL,1048585,3),
(55,1,4,2,16777217,'2025-07-11 05:40:39',NULL,1048585,3),
(56,1,0,2,16777243,'2025-07-11 05:40:39',NULL,1048585,3),
(57,1,0,2,16777245,'2025-07-11 05:40:39',NULL,1048585,3),
(58,1,0,2,16777236,'2025-07-11 05:40:41','2025-07-11 05:40:43',523,3),
(60,1,9,3,16777227,'2025-07-11 05:40:45',NULL,517,4),
(62,1,10,3,16777227,'2025-07-11 05:40:49',NULL,517,5),
(64,1,19,2,16777230,'2025-07-11 05:40:50',NULL,1048585,3),
(65,1,3,2,16777251,'2025-07-11 05:40:50','2025-07-11 05:40:51',1048585,3),
(66,1,4,2,16777251,'2025-07-11 05:40:50',NULL,1048585,3),
(67,1,5,2,16777251,'2025-07-11 05:40:50',NULL,1048585,3),
(70,1,3,2,16777217,'2025-07-11 05:41:05',NULL,1048585,4),
(71,1,5,2,16777217,'2025-07-11 05:41:05',NULL,1048585,4),
(72,1,4,2,16777217,'2025-07-11 05:41:05',NULL,1048585,4),
(73,1,0,2,16777243,'2025-07-11 05:41:05',NULL,1048585,4),
(74,1,0,2,16777245,'2025-07-11 05:41:05',NULL,1048585,4),
(75,1,3,2,16777217,'2025-07-11 05:41:14',NULL,1048585,5),
(76,1,5,2,16777217,'2025-07-11 05:41:14',NULL,1048585,5),
(77,1,4,2,16777217,'2025-07-11 05:41:14',NULL,1048585,5),
(78,1,0,2,16777243,'2025-07-11 05:41:14',NULL,1048585,5),
(79,1,0,2,16777245,'2025-07-11 05:41:14',NULL,1048585,5),
(80,1,0,2,16777236,'2025-07-11 05:41:17','2025-07-11 05:41:18',523,4),
(82,1,8,3,16777227,'2025-07-11 05:41:21',NULL,517,6),
(84,1,10,3,16777227,'2025-07-11 05:41:24',NULL,517,7),
(91,1,21,2,16777235,'2025-07-11 05:41:30',NULL,1048585,5),
(92,1,3,2,16777254,'2025-07-11 05:41:30','2025-07-11 05:41:31',1048585,5),
(93,1,4,2,16777254,'2025-07-11 05:41:30',NULL,1048585,5),
(94,1,5,2,16777254,'2025-07-11 05:41:30',NULL,1048585,5),
(97,1,3,2,16777217,'2025-07-11 05:41:45',NULL,1048585,6),
(98,1,5,2,16777217,'2025-07-11 05:41:45',NULL,1048585,6),
(99,1,4,2,16777217,'2025-07-11 05:41:45',NULL,1048585,6),
(100,1,0,2,16777243,'2025-07-11 05:41:45',NULL,1048585,6),
(101,1,0,2,16777245,'2025-07-11 05:41:45',NULL,1048585,6),
(102,1,0,2,16777236,'2025-07-11 05:41:48','2025-07-11 05:41:49',523,5),
(104,1,7,3,16777227,'2025-07-11 05:41:52',NULL,517,8),
(106,1,10,3,16777227,'2025-07-11 05:41:56',NULL,517,9),
(113,1,22,2,16777235,'2025-07-11 05:42:02',NULL,1048585,6),
(114,1,3,2,16777254,'2025-07-11 05:42:02','2025-07-11 05:42:03',1048585,6),
(115,1,4,2,16777254,'2025-07-11 05:42:02',NULL,1048585,6),
(116,1,5,2,16777254,'2025-07-11 05:42:02',NULL,1048585,6),
(118,1,3,2,16777217,'2025-07-11 05:42:14',NULL,1048585,7),
(119,1,5,2,16777217,'2025-07-11 05:42:14',NULL,1048585,7),
(120,1,4,2,16777217,'2025-07-11 05:42:14',NULL,1048585,7),
(121,1,0,2,16777243,'2025-07-11 05:42:14',NULL,1048585,7),
(122,1,0,2,16777245,'2025-07-11 05:42:14',NULL,1048585,7),
(123,1,0,2,16777236,'2025-07-11 05:42:17','2025-07-11 05:42:18',523,6),
(124,1,23,2,16777231,'2025-07-11 05:42:17',NULL,1048585,7),
(127,1,9,3,16777227,'2025-07-11 05:42:24',NULL,517,11),
(129,1,10,3,16777227,'2025-07-11 05:42:28',NULL,517,12),
(131,1,3,2,16777219,'2025-07-11 05:42:34',NULL,517,10),
(132,1,4,2,16777219,'2025-07-11 05:42:34',NULL,517,10),
(133,1,5,2,16777219,'2025-07-11 05:42:34',NULL,517,10),
(135,1,3,2,16777217,'2025-07-11 05:42:45',NULL,1048585,8),
(136,1,5,2,16777217,'2025-07-11 05:42:45',NULL,1048585,8),
(137,1,4,2,16777217,'2025-07-11 05:42:45',NULL,1048585,8),
(138,1,0,2,16777243,'2025-07-11 05:42:45',NULL,1048585,8),
(139,1,0,2,16777245,'2025-07-11 05:42:45',NULL,1048585,8),
(140,1,3,2,16777217,'2025-07-11 05:42:53',NULL,1048585,9),
(141,1,6,2,16777217,'2025-07-11 05:42:53',NULL,1048585,9),
(142,1,0,2,16777243,'2025-07-11 05:42:53',NULL,1048585,9),
(143,1,0,2,16777245,'2025-07-11 05:42:53',NULL,1048585,9),
(144,1,0,2,16777236,'2025-07-11 05:42:56','2025-07-11 05:42:58',523,7),
(146,1,7,3,16777227,'2025-07-11 05:43:01',NULL,517,13),
(148,1,10,3,16777227,'2025-07-11 05:43:04',NULL,517,14),
(154,1,25,2,16777235,'2025-07-11 05:43:10',NULL,1048585,9),
(155,1,3,2,16777254,'2025-07-11 05:43:10','2025-07-11 05:43:11',1048585,9),
(156,1,6,2,16777254,'2025-07-11 05:43:10',NULL,1048585,9),
(159,1,3,2,16777217,'2025-07-11 05:43:25',NULL,1048585,10),
(160,1,5,2,16777217,'2025-07-11 05:43:25',NULL,1048585,10),
(161,1,4,2,16777217,'2025-07-11 05:43:25',NULL,1048585,10),
(162,1,0,2,16777243,'2025-07-11 05:43:25',NULL,1048585,10),
(163,1,0,2,16777245,'2025-07-11 05:43:25',NULL,1048585,10),
(164,1,0,2,16777236,'2025-07-11 05:43:28','2025-07-11 05:43:30',523,8),
(165,1,26,2,16777231,'2025-07-11 05:43:28',NULL,1048585,10),
(170,1,3,2,16777219,'2025-07-11 05:43:42',NULL,517,15),
(171,1,4,2,16777219,'2025-07-11 05:43:42',NULL,517,15),
(172,1,5,2,16777219,'2025-07-11 05:43:42',NULL,517,15),
(173,1,3,2,16777219,'2025-07-11 05:43:47',NULL,517,16),
(174,1,4,2,16777219,'2025-07-11 05:43:47',NULL,517,16),
(175,1,5,2,16777219,'2025-07-11 05:43:47',NULL,517,16),
(177,1,3,2,16777217,'2025-07-11 05:43:59',NULL,1048585,11),
(178,1,5,2,16777217,'2025-07-11 05:43:59',NULL,1048585,11),
(179,1,4,2,16777217,'2025-07-11 05:43:59',NULL,1048585,11),
(180,1,0,2,16777243,'2025-07-11 05:43:59',NULL,1048585,11),
(181,1,0,2,16777245,'2025-07-11 05:43:59',NULL,1048585,11),
(182,1,3,2,16777217,'2025-07-11 05:44:08',NULL,1048585,12),
(183,1,5,2,16777217,'2025-07-11 05:44:08',NULL,1048585,12),
(184,1,4,2,16777217,'2025-07-11 05:44:08',NULL,1048585,12),
(185,1,0,2,16777243,'2025-07-11 05:44:08',NULL,1048585,12),
(186,1,0,2,16777245,'2025-07-11 05:44:08',NULL,1048585,12),
(187,1,0,2,16777236,'2025-07-11 05:44:12','2025-07-11 05:44:13',523,9),
(188,1,28,2,16777231,'2025-07-11 05:44:12',NULL,1048585,12),
(189,1,7,3,16777227,'2025-07-11 05:44:16',NULL,517,17),
(191,1,8,3,16777227,'2025-07-11 05:44:20',NULL,517,18),
(193,1,3,2,16777217,'2025-07-11 05:44:29',NULL,1048585,13),
(194,1,5,2,16777217,'2025-07-11 05:44:29',NULL,1048585,13),
(195,1,4,2,16777217,'2025-07-11 05:44:29',NULL,1048585,13),
(196,1,0,2,16777243,'2025-07-11 05:44:29',NULL,1048585,13),
(197,1,0,2,16777245,'2025-07-11 05:44:29',NULL,1048585,13),
(198,1,0,2,16777236,'2025-07-11 05:44:33','2025-07-11 05:44:34',523,10),
(206,1,3,2,16777219,'2025-07-11 05:44:50',NULL,517,19),
(207,1,4,2,16777219,'2025-07-11 05:44:50',NULL,517,19),
(208,1,5,2,16777219,'2025-07-11 05:44:50',NULL,517,19),
(209,1,3,2,16777219,'2025-07-11 05:44:55',NULL,517,20),
(210,1,4,2,16777219,'2025-07-11 05:44:56',NULL,517,20),
(211,1,5,2,16777219,'2025-07-11 05:44:56',NULL,517,20),
(212,1,3,2,16777219,'2025-07-11 05:45:02',NULL,517,21),
(213,1,4,2,16777219,'2025-07-11 05:45:02',NULL,517,21),
(214,1,5,2,16777219,'2025-07-11 05:45:02',NULL,517,21),
(215,1,29,3,16777232,'2025-07-11 05:45:08',NULL,1048585,13),
(216,1,3,2,16777217,'2025-07-11 05:45:17',NULL,1048585,14),
(217,1,5,2,16777217,'2025-07-11 05:45:17',NULL,1048585,14),
(218,1,4,2,16777217,'2025-07-11 05:45:17',NULL,1048585,14),
(219,1,0,2,16777243,'2025-07-11 05:45:17',NULL,1048585,14),
(220,1,0,2,16777245,'2025-07-11 05:45:17',NULL,1048585,14),
(221,1,3,2,16777217,'2025-07-11 05:45:25',NULL,1048585,15),
(222,1,5,2,16777217,'2025-07-11 05:45:25',NULL,1048585,15),
(223,1,4,2,16777217,'2025-07-11 05:45:26',NULL,1048585,15),
(224,1,0,2,16777243,'2025-07-11 05:45:26',NULL,1048585,15),
(225,1,0,2,16777245,'2025-07-11 05:45:26',NULL,1048585,15),
(226,1,0,2,16777236,'2025-07-11 05:45:30','2025-07-11 05:45:31',523,11),
(228,1,8,3,16777227,'2025-07-11 05:45:34',NULL,517,22),
(230,1,9,3,16777227,'2025-07-11 05:45:38',NULL,517,23),
(237,1,31,2,16777235,'2025-07-11 05:45:44',NULL,1048585,15),
(238,1,3,2,16777254,'2025-07-11 05:45:44','2025-07-11 05:45:45',1048585,15),
(239,1,4,2,16777254,'2025-07-11 05:45:44',NULL,1048585,15),
(240,1,5,2,16777254,'2025-07-11 05:45:44',NULL,1048585,15),
(242,1,3,2,16777217,'2025-07-11 05:45:56',NULL,1048585,16),
(243,1,5,2,16777217,'2025-07-11 05:45:56',NULL,1048585,16),
(244,1,4,2,16777217,'2025-07-11 05:45:56',NULL,1048585,16),
(245,1,0,2,16777243,'2025-07-11 05:45:56',NULL,1048585,16),
(246,1,0,2,16777245,'2025-07-11 05:45:56',NULL,1048585,16),
(247,1,3,2,16777217,'2025-07-11 05:46:05',NULL,1048585,17),
(248,1,5,2,16777217,'2025-07-11 05:46:05',NULL,1048585,17),
(249,1,4,2,16777217,'2025-07-11 05:46:05',NULL,1048585,17),
(250,1,0,2,16777243,'2025-07-11 05:46:05',NULL,1048585,17),
(251,1,0,2,16777245,'2025-07-11 05:46:05',NULL,1048585,17),
(252,1,0,2,16777236,'2025-07-11 05:46:10','2025-07-11 05:46:11',523,12),
(254,1,7,3,16777227,'2025-07-11 05:46:14',NULL,517,24),
(256,1,8,3,16777227,'2025-07-11 05:46:17',NULL,517,25),
(263,1,33,2,16777235,'2025-07-11 05:46:23',NULL,1048585,17),
(269,1,3,2,16777217,'2025-07-11 05:47:17',NULL,1048585,18),
(270,1,5,2,16777217,'2025-07-11 05:47:17',NULL,1048585,18),
(271,1,4,2,16777217,'2025-07-11 05:47:17',NULL,1048585,18),
(272,1,0,2,16777243,'2025-07-11 05:47:17',NULL,1048585,18),
(273,1,0,2,16777245,'2025-07-11 05:47:17',NULL,1048585,18),
(274,1,34,2,16777234,'2025-07-11 05:47:22',NULL,1048585,18),
(275,1,3,2,16777217,'2025-07-11 05:47:30',NULL,1048585,19),
(276,1,6,2,16777217,'2025-07-11 05:47:30',NULL,1048585,19),
(277,1,0,2,16777243,'2025-07-11 05:47:30',NULL,1048585,19),
(278,1,0,2,16777245,'2025-07-11 05:47:30',NULL,1048585,19),
(279,1,0,2,16777236,'2025-07-11 05:47:34','2025-07-11 05:47:36',523,13),
(281,1,8,3,16777227,'2025-07-11 05:47:39',NULL,517,26),
(283,1,9,3,16777227,'2025-07-11 05:47:42',NULL,517,27),
(285,1,35,2,16777230,'2025-07-11 05:47:43',NULL,1048585,19),
(286,1,3,2,16777251,'2025-07-11 05:47:43','2025-07-11 05:47:45',1048585,19),
(287,1,6,2,16777251,'2025-07-11 05:47:43',NULL,1048585,19),
(301,2,0,2,16777243,'2025-07-14 11:53:56',NULL,1048585,20),
(302,2,0,2,16777245,'2025-07-14 11:53:56',NULL,1048585,20),
(315,2,1,2,16777217,'2025-07-14 12:05:31',NULL,1048585,21),
(317,2,1,2,16777217,'2025-07-14 12:05:31',NULL,1048585,21),
(319,2,0,2,16777243,'2025-07-14 12:05:31',NULL,1048585,21),
(320,2,0,2,16777245,'2025-07-14 12:05:31',NULL,1048585,21),
(326,2,1,2,16777217,'2025-07-14 12:12:11',NULL,1048585,22),
(328,2,1,2,16777217,'2025-07-14 12:12:11',NULL,1048585,22),
(330,2,0,2,16777243,'2025-07-14 12:12:11',NULL,1048585,22),
(331,2,0,2,16777245,'2025-07-14 12:12:11',NULL,1048585,22),
(334,2,1,2,16777217,'2025-07-14 12:17:42',NULL,1048585,23),
(336,2,1,2,16777217,'2025-07-14 12:17:42',NULL,1048585,23),
(338,2,0,2,16777243,'2025-07-14 12:17:42',NULL,1048585,23),
(339,2,0,2,16777245,'2025-07-14 12:17:42',NULL,1048585,23),
(342,2,1,2,16777217,'2025-07-14 12:20:47',NULL,1048585,24),
(344,2,1,2,16777217,'2025-07-14 12:20:47',NULL,1048585,24),
(346,2,0,2,16777243,'2025-07-14 12:20:47',NULL,1048585,24),
(347,2,0,2,16777245,'2025-07-14 12:20:47',NULL,1048585,24),
(353,2,1,2,16777217,'2025-07-14 12:28:00',NULL,1048585,25),
(355,2,1,2,16777217,'2025-07-14 12:28:00',NULL,1048585,25),
(357,2,0,2,16777243,'2025-07-14 12:28:00',NULL,1048585,25),
(358,2,0,2,16777245,'2025-07-14 12:28:00',NULL,1048585,25),
(363,2,1,2,16777217,'2025-07-14 12:33:21',NULL,1048585,26),
(365,2,1,2,16777217,'2025-07-14 12:33:21',NULL,1048585,26),
(367,2,0,2,16777243,'2025-07-14 12:33:21',NULL,1048585,26),
(368,2,0,2,16777245,'2025-07-14 12:33:21',NULL,1048585,26),
(375,2,1,2,16777217,'2025-07-14 12:36:45',NULL,1048585,27),
(377,2,1,2,16777217,'2025-07-14 12:36:45',NULL,1048585,27),
(379,2,0,2,16777243,'2025-07-14 12:36:45',NULL,1048585,27),
(380,2,0,2,16777245,'2025-07-14 12:36:45',NULL,1048585,27),
(386,2,1,2,16777217,'2025-07-14 12:41:09',NULL,1048585,28),
(388,2,1,2,16777217,'2025-07-14 12:41:09',NULL,1048585,28),
(390,2,0,2,16777243,'2025-07-14 12:41:09',NULL,1048585,28),
(391,2,0,2,16777245,'2025-07-14 12:41:09',NULL,1048585,28),
(399,2,1,2,16777217,'2025-07-14 12:47:04',NULL,1048585,29),
(401,2,1,2,16777217,'2025-07-14 12:47:04',NULL,1048585,29),
(403,2,0,2,16777243,'2025-07-14 12:47:04',NULL,1048585,29),
(404,2,0,2,16777245,'2025-07-14 12:47:04',NULL,1048585,29),
(418,2,1,2,16777217,'2025-07-14 12:53:51',NULL,1048585,30),
(420,2,1,2,16777217,'2025-07-14 12:53:51',NULL,1048585,30),
(422,2,0,2,16777243,'2025-07-14 12:53:51',NULL,1048585,30),
(423,2,0,2,16777245,'2025-07-14 12:53:51',NULL,1048585,30),
(436,2,1,2,16777217,'2025-07-14 13:03:30',NULL,1048585,31),
(438,2,1,2,16777217,'2025-07-14 13:03:30',NULL,1048585,31),
(440,2,0,2,16777243,'2025-07-14 13:03:30',NULL,1048585,31),
(441,2,0,2,16777245,'2025-07-14 13:03:30',NULL,1048585,31),
(449,2,1,2,16777251,'2025-07-14 13:07:24','2025-07-14 13:07:24',1048585,23),
(450,2,1,2,16777251,'2025-07-14 13:07:54','2025-07-14 13:07:55',1048585,24),
(451,2,1,2,16777251,'2025-07-14 13:08:25','2025-07-14 13:08:25',1048585,25),
(452,2,1,2,16777251,'2025-07-14 13:08:57','2025-07-14 13:08:57',1048585,26),
(454,2,1,2,16777251,'2025-07-14 13:10:16','2025-07-14 13:10:16',1048585,27),
(456,2,1,2,16777251,'2025-07-14 13:11:01','2025-07-14 13:11:02',1048585,28),
(457,2,1,2,16777251,'2025-07-14 13:11:44','2025-07-14 13:11:45',1048585,29),
(458,2,1,2,16777251,'2025-07-14 13:12:19','2025-07-14 13:12:19',1048585,31),
(459,2,1,2,16777251,'2025-07-14 13:12:49','2025-07-14 13:12:50',1048585,30),
(467,2,1,2,16777217,'2025-07-14 13:19:54',NULL,1048585,32),
(469,2,1,2,16777217,'2025-07-14 13:19:54',NULL,1048585,32),
(471,2,0,2,16777243,'2025-07-14 13:19:54',NULL,1048585,32),
(472,2,0,2,16777245,'2025-07-14 13:19:54',NULL,1048585,32),
(475,2,1,2,16777217,'2025-07-14 13:21:49',NULL,1048585,33),
(477,2,1,2,16777217,'2025-07-14 13:21:49',NULL,1048585,33),
(479,2,0,2,16777243,'2025-07-14 13:21:49',NULL,1048585,33),
(480,2,0,2,16777245,'2025-07-14 13:21:49',NULL,1048585,33),
(486,2,1,2,16777217,'2025-07-14 13:31:15',NULL,1048585,34),
(488,2,1,2,16777217,'2025-07-14 13:31:15',NULL,1048585,34),
(490,2,0,2,16777243,'2025-07-14 13:31:15',NULL,1048585,34),
(491,2,0,2,16777245,'2025-07-14 13:31:15',NULL,1048585,34),
(525,2,1,2,16777217,'2025-07-14 13:59:31',NULL,1048585,39),
(527,2,1,2,16777217,'2025-07-14 13:59:31',NULL,1048585,39),
(529,2,0,2,16777243,'2025-07-14 13:59:31',NULL,1048585,39),
(530,2,0,2,16777245,'2025-07-14 13:59:31',NULL,1048585,39),
(535,2,1,2,16777217,'2025-07-14 14:08:01',NULL,1048585,40),
(537,2,1,2,16777217,'2025-07-14 14:08:01',NULL,1048585,40),
(539,2,0,2,16777243,'2025-07-14 14:08:01',NULL,1048585,40),
(540,2,0,2,16777245,'2025-07-14 14:08:01',NULL,1048585,40),
(547,2,1,2,16777217,'2025-07-14 14:14:59',NULL,1048585,41),
(549,2,1,2,16777217,'2025-07-14 14:14:59',NULL,1048585,41),
(551,2,0,2,16777243,'2025-07-14 14:14:59',NULL,1048585,41),
(552,2,0,2,16777245,'2025-07-14 14:14:59',NULL,1048585,41),
(555,2,1,2,16777251,'2025-07-14 14:16:42','2025-07-14 14:16:42',1048585,32),
(556,2,1,2,16777251,'2025-07-14 14:17:15','2025-07-14 14:17:15',1048585,33),
(557,2,1,2,16777251,'2025-07-14 14:17:45','2025-07-14 14:17:45',1048585,34),
(558,2,1,2,16777251,'2025-07-14 14:18:27','2025-07-14 14:18:27',1048585,39),
(559,2,1,2,16777251,'2025-07-14 14:19:00','2025-07-14 14:19:00',1048585,40),
(560,2,1,2,16777251,'2025-07-14 14:19:31','2025-07-14 14:19:31',1048585,41),
(573,1,1,3,16777258,'2025-08-13 08:40:56',NULL,0,0),
(574,1,2,3,16777258,'2025-08-13 08:40:56',NULL,0,0),
(575,1,3,3,16777258,'2025-08-13 08:40:56',NULL,0,0),
(576,1,5,3,16777258,'2025-08-13 08:40:56',NULL,0,0),
(577,1,4,3,16777258,'2025-08-13 08:40:56',NULL,0,0),
(578,1,6,3,16777258,'2025-08-13 08:40:56',NULL,0,0),
(579,2,1,3,16777258,'2025-08-13 08:40:56',NULL,0,0),
(580,2,1,2,16777217,'2025-08-14 07:28:07',NULL,1048585,42),
(582,2,1,2,16777217,'2025-08-14 07:28:07',NULL,1048585,42),
(584,2,0,2,16777243,'2025-08-14 07:28:07',NULL,1048585,42),
(585,2,0,2,16777245,'2025-08-14 07:28:07',NULL,1048585,42);
/*!40000 ALTER TABLE `notifications` ENABLE KEYS */;
UNLOCK TABLES;
commit;

--
-- Table structure for table `oai_resumption_tokens`
--

DROP TABLE IF EXISTS `oai_resumption_tokens`;
/*!40101 SET @saved_cs_client     = @@character_set_client */;
/*!40101 SET character_set_client = utf8mb4 */;
CREATE TABLE `oai_resumption_tokens` (
  `token` varchar(32) NOT NULL,
  `expire` bigint NOT NULL,
  `record_offset` int NOT NULL,
  `params` text,
  UNIQUE KEY `oai_resumption_tokens_pkey` (`token`)
) ENGINE=InnoDB DEFAULT CHARSET=utf8mb3;
/*!40101 SET character_set_client = @saved_cs_client */;

--
-- Dumping data for table `oai_resumption_tokens`
--

LOCK TABLES `oai_resumption_tokens` WRITE;
/*!40000 ALTER TABLE `oai_resumption_tokens` DISABLE KEYS */;
set autocommit=0;
/*!40000 ALTER TABLE `oai_resumption_tokens` ENABLE KEYS */;
UNLOCK TABLES;
commit;

--
-- Table structure for table `plugin_settings`
--

DROP TABLE IF EXISTS `plugin_settings`;
/*!40101 SET @saved_cs_client     = @@character_set_client */;
/*!40101 SET character_set_client = utf8mb4 */;
CREATE TABLE `plugin_settings` (
  `plugin_name` varchar(80) NOT NULL,
  `context_id` bigint NOT NULL,
  `setting_name` varchar(80) NOT NULL,
  `setting_value` text,
  `setting_type` varchar(6) NOT NULL COMMENT '(bool|int|float|string|object)',
  UNIQUE KEY `plugin_settings_pkey` (`plugin_name`,`context_id`,`setting_name`),
  KEY `plugin_settings_plugin_name` (`plugin_name`)
) ENGINE=InnoDB DEFAULT CHARSET=utf8mb3;
/*!40101 SET character_set_client = @saved_cs_client */;

--
-- Dumping data for table `plugin_settings`
--

LOCK TABLES `plugin_settings` WRITE;
/*!40000 ALTER TABLE `plugin_settings` DISABLE KEYS */;
set autocommit=0;
INSERT INTO `plugin_settings` VALUES
('acronplugin',0,'crontab','[{\"className\":\"plugins.generic.usageStats.UsageStatsLoader\",\"frequency\":{\"hour\":24},\"args\":[\"autoStage\"]},{\"className\":\"plugins.generic.usageStats.UsageStatsLoader\",\"frequency\":{\"hour\":24},\"args\":[\"autoStage\"]},{\"className\":\"plugins.importexport.doaj.DOAJInfoSender\",\"frequency\":{\"hour\":24},\"args\":[]},{\"className\":\"plugins.importexport.datacite.DataciteInfoSender\",\"frequency\":{\"hour\":24},\"args\":[]},{\"className\":\"plugins.importexport.crossref.CrossrefInfoSender\",\"frequency\":{\"hour\":24},\"args\":[]},{\"className\":\"plugins.generic.usageStats.UsageStatsLoader\",\"frequency\":{\"hour\":24},\"args\":[\"autoStage\"]},{\"className\":\"plugins.importexport.doaj.DOAJInfoSender\",\"frequency\":{\"hour\":24},\"args\":[]},{\"className\":\"plugins.importexport.datacite.DataciteInfoSender\",\"frequency\":{\"hour\":24},\"args\":[]},{\"className\":\"plugins.importexport.crossref.CrossrefInfoSender\",\"frequency\":{\"hour\":24},\"args\":[]},{\"className\":\"plugins.generic.usageStats.UsageStatsLoader\",\"frequency\":{\"hour\":24},\"args\":[\"autoStage\"]},{\"className\":\"plugins.importexport.doaj.DOAJInfoSender\",\"frequency\":{\"hour\":24},\"args\":[]},{\"className\":\"plugins.importexport.datacite.DataciteInfoSender\",\"frequency\":{\"hour\":24},\"args\":[]},{\"className\":\"plugins.importexport.crossref.CrossrefInfoSender\",\"frequency\":{\"hour\":24},\"args\":[]},{\"className\":\"plugins.generic.usageStats.UsageStatsLoader\",\"frequency\":{\"hour\":24},\"args\":[\"autoStage\"]},{\"className\":\"plugins.importexport.doaj.DOAJInfoSender\",\"frequency\":{\"hour\":24},\"args\":[]},{\"className\":\"plugins.importexport.datacite.DataciteInfoSender\",\"frequency\":{\"hour\":24},\"args\":[]},{\"className\":\"plugins.importexport.crossref.CrossrefInfoSender\",\"frequency\":{\"hour\":24},\"args\":[]},{\"className\":\"plugins.generic.usageStats.UsageStatsLoader\",\"frequency\":{\"hour\":24},\"args\":[\"autoStage\"]},{\"className\":\"plugins.importexport.doaj.DOAJInfoSender\",\"frequency\":{\"hour\":24},\"args\":[]},{\"className\":\"plugins.importexport.datacite.DataciteInfoSender\",\"frequency\":{\"hour\":24},\"args\":[]},{\"className\":\"plugins.importexport.crossref.CrossrefInfoSender\",\"frequency\":{\"hour\":24},\"args\":[]},{\"className\":\"lib.pkp.classes.task.ReviewReminder\",\"frequency\":{\"hour\":24},\"args\":[]},{\"className\":\"lib.pkp.classes.task.StatisticsReport\",\"frequency\":{\"day\":\"1\"},\"args\":[]},{\"className\":\"classes.tasks.SubscriptionExpiryReminder\",\"frequency\":{\"day\":\"1\"},\"args\":[]}]','object'),
('acronplugin',0,'enabled','1','bool'),
('defaultthemeplugin',0,'enabled','1','bool'),
('defaultthemeplugin',1,'baseColour','#1E6292','string'),
('defaultthemeplugin',1,'enabled','1','bool'),
('defaultthemeplugin',1,'showDescriptionInJournalIndex','false','string'),
('defaultthemeplugin',1,'typography','notoSans','string'),
('defaultthemeplugin',1,'useHomepageImageAsHeader','false','string'),
('defaultthemeplugin',2,'enabled','1','bool'),
('developedbyblockplugin',0,'enabled','0','bool'),
('developedbyblockplugin',0,'seq','0','int'),
('developedbyblockplugin',1,'enabled','0','bool'),
('developedbyblockplugin',1,'seq','0','int'),
('developedbyblockplugin',2,'enabled','0','bool'),
('developedbyblockplugin',2,'seq','0','int'),
('dublincoremetaplugin',1,'enabled','1','bool'),
('dublincoremetaplugin',2,'enabled','1','bool'),
('geometadataplugin',2,'enabled','1','bool'),
('geometadataplugin',2,'geoMetadata_geonames_baseurl','','string'),
('geometadataplugin',2,'geoMetadata_geonames_username','','string'),
('googlescholarplugin',1,'enabled','1','bool'),
('googlescholarplugin',2,'enabled','1','bool'),
('htmlarticlegalleyplugin',1,'enabled','1','bool'),
('htmlarticlegalleyplugin',2,'enabled','1','bool'),
('informationblockplugin',1,'enabled','1','bool'),
('informationblockplugin',1,'seq','7','int'),
('informationblockplugin',2,'enabled','1','bool'),
('informationblockplugin',2,'seq','7','int'),
('languagetoggleblockplugin',0,'enabled','1','bool'),
('languagetoggleblockplugin',0,'seq','4','int'),
('languagetoggleblockplugin',1,'enabled','1','bool'),
('languagetoggleblockplugin',1,'seq','4','int'),
('languagetoggleblockplugin',2,'enabled','1','bool'),
('languagetoggleblockplugin',2,'seq','4','int'),
('lensgalleyplugin',1,'enabled','1','bool'),
('lensgalleyplugin',2,'enabled','1','bool'),
('pdfjsviewerplugin',1,'enabled','1','bool'),
('pdfjsviewerplugin',2,'enabled','1','bool'),
('resolverplugin',1,'enabled','1','bool'),
('resolverplugin',2,'enabled','1','bool'),
('subscriptionblockplugin',1,'enabled','1','bool'),
('subscriptionblockplugin',1,'seq','2','int'),
('subscriptionblockplugin',2,'enabled','1','bool'),
('subscriptionblockplugin',2,'seq','2','int'),
('tinymceplugin',0,'enabled','1','bool'),
('tinymceplugin',1,'enabled','1','bool'),
('tinymceplugin',2,'enabled','1','bool'),
('usageeventplugin',0,'enabled','1','bool'),
('usageeventplugin',0,'uniqueSiteId','6870a2a6c5381','string'),
('usagestatsplugin',0,'accessLogFileParseRegex','/^(?P<ip>\\S+) \\S+ \\S+ \\[(?P<date>.*?)\\] \"\\S+ (?P<url>\\S+).*?\" (?P<returnCode>\\S+) \\S+ \".*?\" \"(?P<userAgent>.*?)\"/','string'),
('usagestatsplugin',0,'chartType','bar','string'),
('usagestatsplugin',0,'createLogFiles','1','bool'),
('usagestatsplugin',0,'datasetMaxCount','4','string'),
('usagestatsplugin',0,'enabled','1','bool'),
('usagestatsplugin',0,'optionalColumns','[\"city\",\"region\"]','object'),
('webfeedplugin',1,'displayItems','1','bool'),
('webfeedplugin',1,'displayPage','homepage','string'),
('webfeedplugin',1,'enabled','1','bool'),
('webfeedplugin',2,'displayItems','1','bool'),
('webfeedplugin',2,'displayPage','homepage','string'),
('webfeedplugin',2,'enabled','1','bool');
/*!40000 ALTER TABLE `plugin_settings` ENABLE KEYS */;
UNLOCK TABLES;
commit;

--
-- Table structure for table `publication_categories`
--

DROP TABLE IF EXISTS `publication_categories`;
/*!40101 SET @saved_cs_client     = @@character_set_client */;
/*!40101 SET character_set_client = utf8mb4 */;
CREATE TABLE `publication_categories` (
  `publication_id` bigint NOT NULL,
  `category_id` bigint NOT NULL,
  UNIQUE KEY `publication_categories_id` (`publication_id`,`category_id`)
) ENGINE=InnoDB DEFAULT CHARSET=utf8mb3;
/*!40101 SET character_set_client = @saved_cs_client */;

--
-- Dumping data for table `publication_categories`
--

LOCK TABLES `publication_categories` WRITE;
/*!40000 ALTER TABLE `publication_categories` DISABLE KEYS */;
set autocommit=0;
/*!40000 ALTER TABLE `publication_categories` ENABLE KEYS */;
UNLOCK TABLES;
commit;

--
-- Table structure for table `publication_galley_settings`
--

DROP TABLE IF EXISTS `publication_galley_settings`;
/*!40101 SET @saved_cs_client     = @@character_set_client */;
/*!40101 SET character_set_client = utf8mb4 */;
CREATE TABLE `publication_galley_settings` (
  `galley_id` bigint NOT NULL,
  `locale` varchar(14) NOT NULL DEFAULT '',
  `setting_name` varchar(255) NOT NULL,
  `setting_value` text,
  UNIQUE KEY `publication_galley_settings_pkey` (`galley_id`,`locale`,`setting_name`),
  KEY `publication_galley_settings_galley_id` (`galley_id`),
  KEY `publication_galley_settings_name_value` (`setting_name`(50),`setting_value`(150))
) ENGINE=InnoDB DEFAULT CHARSET=utf8mb3;
/*!40101 SET character_set_client = @saved_cs_client */;

--
-- Dumping data for table `publication_galley_settings`
--

LOCK TABLES `publication_galley_settings` WRITE;
/*!40000 ALTER TABLE `publication_galley_settings` DISABLE KEYS */;
set autocommit=0;
/*!40000 ALTER TABLE `publication_galley_settings` ENABLE KEYS */;
UNLOCK TABLES;
commit;

--
-- Table structure for table `publication_galleys`
--

DROP TABLE IF EXISTS `publication_galleys`;
/*!40101 SET @saved_cs_client     = @@character_set_client */;
/*!40101 SET character_set_client = utf8mb4 */;
CREATE TABLE `publication_galleys` (
  `galley_id` bigint NOT NULL AUTO_INCREMENT,
  `locale` varchar(14) DEFAULT NULL,
  `publication_id` bigint NOT NULL,
  `label` varchar(255) DEFAULT NULL,
  `submission_file_id` bigint unsigned DEFAULT NULL,
  `seq` double(8,2) NOT NULL DEFAULT '0.00',
  `remote_url` varchar(2047) DEFAULT NULL,
  `is_approved` smallint NOT NULL DEFAULT '0',
  `url_path` varchar(64) DEFAULT NULL,
  PRIMARY KEY (`galley_id`),
  KEY `publication_galleys_publication_id` (`publication_id`),
  KEY `publication_galleys_url_path` (`url_path`),
  KEY `publication_galleys_submission_file_id_foreign` (`submission_file_id`),
  CONSTRAINT `publication_galleys_submission_file_id_foreign` FOREIGN KEY (`submission_file_id`) REFERENCES `submission_files` (`submission_file_id`)
) ENGINE=InnoDB AUTO_INCREMENT=22 DEFAULT CHARSET=utf8mb3;
/*!40101 SET character_set_client = @saved_cs_client */;

--
-- Dumping data for table `publication_galleys`
--

LOCK TABLES `publication_galleys` WRITE;
/*!40000 ALTER TABLE `publication_galleys` DISABLE KEYS */;
set autocommit=0;
INSERT INTO `publication_galleys` VALUES
(1,'en_US',1,'PDF',2,0.00,'',0,''),
(2,'en_US',2,'PDF Version 2',2,0.00,'',0,'pdf'),
(3,'en_US',18,'PDF',23,0.00,'',0,''),
(4,'en_US',21,'PDF',29,0.00,'',0,''),
(5,'en_US',22,'PDF',42,0.00,'',0,''),
(6,'en_US',23,'PDF',44,0.00,'',0,''),
(7,'en_US',24,'PDF',46,0.00,'',0,''),
(8,'en_US',25,'PDF',48,0.00,'',0,''),
(9,'en_US',26,'PDF',50,0.00,'',0,''),
(10,'en_US',27,'PDF',52,0.00,'',0,''),
(11,'en_US',28,'PDF',54,0.00,'',0,''),
(12,'en_US',29,'PDF',56,0.00,'',0,''),
(13,'en_US',30,'PDF',58,0.00,'',0,''),
(14,'en_US',32,'PDF',60,0.00,'',0,''),
(15,'en_US',31,'PDF',62,0.00,'',0,''),
(16,'en_US',33,'PDF',74,0.00,'',0,''),
(17,'en_US',34,'PDF',76,0.00,'',0,''),
(18,'en_US',35,'PDF',78,0.00,'',0,''),
(19,'en_US',40,'PDF',80,0.00,'',0,''),
(20,'en_US',41,'PDF',82,0.00,'',0,''),
(21,'en_US',42,'PDF',84,0.00,'',0,'');
/*!40000 ALTER TABLE `publication_galleys` ENABLE KEYS */;
UNLOCK TABLES;
commit;

--
-- Table structure for table `publication_settings`
--

DROP TABLE IF EXISTS `publication_settings`;
/*!40101 SET @saved_cs_client     = @@character_set_client */;
/*!40101 SET character_set_client = utf8mb4 */;
CREATE TABLE `publication_settings` (
  `publication_id` bigint NOT NULL,
  `locale` varchar(14) NOT NULL DEFAULT '',
  `setting_name` varchar(255) NOT NULL,
  `setting_value` text,
  UNIQUE KEY `publication_settings_pkey` (`publication_id`,`locale`,`setting_name`),
  KEY `publication_settings_publication_id` (`publication_id`),
  KEY `publication_settings_name_value` (`setting_name`(50),`setting_value`(150))
) ENGINE=InnoDB DEFAULT CHARSET=utf8mb3;
/*!40101 SET character_set_client = @saved_cs_client */;

--
-- Dumping data for table `publication_settings`
--

LOCK TABLES `publication_settings` WRITE;
/*!40000 ALTER TABLE `publication_settings` DISABLE KEYS */;
set autocommit=0;
INSERT INTO `publication_settings` VALUES
(1,'','categoryIds','[]'),
(1,'','copyrightYear','2025'),
(1,'','issueId','1'),
(1,'','pages','71-98'),
(1,'en_US','abstract','<p>The signaling theory suggests that dividends signal future prospects of a firm. However, recent empirical evidence from the US and the Uk does not offer a conclusive evidence on this issue. There are conflicting policy implications among financial economists so much that there is no practical dividend policy guidance to management, existing and potential investors in shareholding. Since corporate investment, financing and distribution decisions are a continuous function of management, the dividend decisions seem to rely on intuitive evaluation.</p>'),
(1,'en_US','copyrightHolder','Journal of Public Knowledge'),
(1,'en_US','prefix','The'),
(1,'en_US','subtitle','A Review Of The Literature And Empirical Evidence'),
(1,'en_US','title','Signalling Theory Dividends'),
(1,'fr_CA','copyrightHolder','Journal de la connaissance du public'),
(2,'','categoryIds','[]'),
(2,'','copyrightYear','2025'),
(2,'','issueId','1'),
(2,'','pages','71-98'),
(2,'en_US','abstract','<p>The signaling theory suggests that dividends signal future prospects of a firm. However, recent empirical evidence from the US and the Uk does not offer a conclusive evidence on this issue. There are conflicting policy implications among financial economists so much that there is no practical dividend policy guidance to management, existing and potential investors in shareholding. Since corporate investment, financing and distribution decisions are a continuous function of management, the dividend decisions seem to rely on intuitive evaluation.</p>'),
(2,'en_US','copyrightHolder','Journal of Public Knowledge'),
(2,'en_US','prefix','The'),
(2,'en_US','subtitle','A Review Of The Literature And Empirical Evidence'),
(2,'en_US','title','Signalling Theory Dividends Version 2'),
(2,'fr_CA','copyrightHolder','Journal de la connaissance du public'),
(3,'','categoryIds','[]'),
(3,'en_US','abstract','<p>The effects of pressed beet pulp silage (PBPS) replacing barley for 10% and 20% (DM basis) were studied on heavy pigs fed dairy whey-diluted diets. 60 Hypor pigs (average initial weight of 28 kg), 30 barrows and 30 gilts, were homogeneously allocated to three exper- imental groups: T1 (control) in which pigs were fed a traditional sweet whey- diluted diet (the ratio between whey and dry matter was 4.5/1); T2 in which PBPS replaced barley for 10% (DM basis) during a first period (from the beginning to the 133rd day of trial) and thereafter for 20% (DM basis); T3 in which PBPS replaced barley for 20% (DM basis) throughout the experimental period. In diets T2 and T3 feed was dairy whey-diluted as in group T1. No significant (P&gt;0.05) differences were observed concerning growth parameters (ADG and FCR). Pigs on diets contain- ing PBPS showed significantly higher (P&lt;0.05) percentages of lean cuts and lower percentages of fat cuts. On the whole, ham weight losses during seasoning were moderate but significantly (P&lt;0.05) more marked for PBPS-fed pigs as a prob- able consequence of their lower adiposity degree. Fatty acid composition of ham fat was unaffected by diets. With regard to m. Semimembranosus colour, pigs receiving PBPS showed lower (P&lt;0.05) \"L\", \"a\" and \"Chroma\" values. From an economical point of view it can be concluded that the use of PBPS (partially replacing barley) and dairy whey in heavy pig production could be of particular interest in areas where both these by products are readily available.</p>'),
(3,'en_US','prefix',''),
(3,'en_US','subtitle',''),
(3,'en_US','title','The influence of lactation on the quantity and quality of cashmere production'),
(3,'fr_CA','abstract',''),
(3,'fr_CA','prefix',''),
(3,'fr_CA','subtitle',''),
(3,'fr_CA','title',''),
(4,'','categoryIds','[]'),
(4,'en_US','abstract','<p>Archival data from an attitude survey of employees in a single multinational organization were used to examine the degree to which national culture affects the nature of job satisfaction. Responses from nine countries were compiled to create a benchmark against which nations could be individually compared. Factor analysis revealed four factors: Organizational Communication, Organizational Efficiency/Effectiveness, Organizational Support, and Personal Benefit. Comparisons of factor structures indicated that Organizational Communication exhibited the most construct equivalence, and Personal Benefit the least. The most satisfied employees were those from China, and the least satisfied from Brazil, consistent with previous findings that individuals in collectivistic nations report higher satisfaction. The research findings suggest that national cultural context exerts an effect on the nature of job satisfaction.</p>'),
(4,'en_US','prefix',''),
(4,'en_US','subtitle',''),
(4,'en_US','title','The Facets Of Job Satisfaction: A Nine-Nation Comparative Study Of Construct Equivalence'),
(4,'fr_CA','abstract',''),
(4,'fr_CA','prefix',''),
(4,'fr_CA','subtitle',''),
(4,'fr_CA','title',''),
(5,'','categoryIds','[]'),
(5,'en_US','abstract','<p>The integration of technology into the classroom is a major issue in education today. Many national and provincial initiatives specify the technology skills that students must demonstrate at each grade level. The Government of the Province of Alberta in Canada, has mandated the implementation of a new curriculum which began in September of 2000, called Information and Communication Technology. This curriculum is infused within core courses and specifies what students are “expected to know, be able to do, and be like with respect to technology” (Alberta Learning, 2000). Since teachers are required to implement this new curriculum, school jurisdictions are turning to professional development strategies and hiring standards to upgrade teachers’ computer skills to meet this goal. This paper summarizes the results of a telephone survey administered to all public school jurisdictions in the Province of Alberta with a 100% response rate. We examined the computer skills that school jurisdictions require of newly hired teachers, and the support strategies employed for currently employed teachers.</p>'),
(5,'en_US','prefix',''),
(5,'en_US','subtitle',''),
(5,'en_US','title','Computer Skill Requirements for New and Existing Teachers: Implications for Policy and Practice'),
(5,'fr_CA','abstract',''),
(5,'fr_CA','prefix',''),
(5,'fr_CA','subtitle',''),
(5,'fr_CA','title',''),
(6,'','categoryIds','[]'),
(6,'en_US','abstract','<p>In this review, the recent progress on genetic transformation of forest trees were discussed. Its described also, different applications of genetic engineering for improving forest trees or understanding the mechanisms governing genes expression in woody plants.</p>'),
(6,'en_US','prefix',''),
(6,'en_US','subtitle',''),
(6,'en_US','title','Genetic transformation of forest trees'),
(6,'fr_CA','abstract',''),
(6,'fr_CA','prefix',''),
(6,'fr_CA','subtitle',''),
(6,'fr_CA','title',''),
(7,'','categoryIds','[]'),
(7,'en_US','abstract','<p>Robert Fogelin claims that interlocutors must share a framework of background beliefs and commitments in order to fruitfully pursue argument. I refute Fogelin’s claim by investigating more thoroughly the shared background required for productive argument. I find that this background consists not in any common beliefs regarding the topic at hand, but rather in certain shared pro-cedural commitments and competencies. I suggest that Fogelin and his supporters mistakenly view shared beliefs as part of the required background for productive argument because these procedural com-mitments become more difficult to uphold when people’s beliefs diverge widely regarding the topic at hand.</p>'),
(7,'en_US','prefix',''),
(7,'en_US','subtitle',''),
(7,'en_US','title','Investigating the Shared Background Required for Argument: A Critique of Fogelin\'s Thesis on Deep Disagreement'),
(7,'fr_CA','abstract',''),
(7,'fr_CA','prefix',''),
(7,'fr_CA','subtitle',''),
(7,'fr_CA','title',''),
(8,'','categoryIds','[]'),
(8,'en_US','abstract','<p>A major goal of education is to equip children with the knowledge, skills and self-belief to be confident and informed citizens - citizens who continue to see themselves as learners beyond graduation. This paper looks at the key role of nurturing efficacy beliefs in order to learn and participate in school and society. Research findings conducted within a social studies context are presented, showing how strategy instruction can enhance self-efficacy for learning. As part of this research, Creative Problem Solving (CPS) was taught to children as a means to motivate and support learning. It is shown that the use of CPS can have positive effects on self-efficacy for learning, and be a valuable framework to involve children in decision-making that leads to social action. Implications for enhancing self-efficacy and motivation to learn in the classroom are discussed.</p>'),
(8,'en_US','prefix',''),
(8,'en_US','subtitle',''),
(8,'en_US','title','Developing efficacy beliefs in the classroom'),
(8,'fr_CA','abstract',''),
(8,'fr_CA','prefix',''),
(8,'fr_CA','subtitle',''),
(8,'fr_CA','title',''),
(9,'','categoryIds','[]'),
(9,'en_US','abstract','<p>The study of the commons has expe- rienced substantial growth and development over the past decades.1 Distinguished scholars in many disciplines had long studied how specific resources were managed or mismanaged at particular times and places (Coward 1980; De los Reyes 1980; MacKenzie 1979; Wittfogel 1957), but researchers who studied specific commons before the mid-1980s were, however, less likely than their contemporary colleagues to be well informed about the work of scholars in other disciplines, about other sec- tors in their own region of interest, or in other regions of the world.</p>'),
(9,'en_US','prefix',''),
(9,'en_US','subtitle',''),
(9,'en_US','title','Traditions and Trends in the Study of the Commons'),
(9,'fr_CA','abstract',''),
(9,'fr_CA','prefix',''),
(9,'fr_CA','subtitle',''),
(9,'fr_CA','title',''),
(10,'','categoryIds','[]'),
(10,'en_US','abstract','<p>None.</p>'),
(10,'en_US','prefix',''),
(10,'en_US','subtitle',''),
(10,'en_US','title','Hansen & Pinto: Reason Reclaimed'),
(10,'fr_CA','abstract',''),
(10,'fr_CA','prefix',''),
(10,'fr_CA','subtitle',''),
(10,'fr_CA','title',''),
(11,'','categoryIds','[]'),
(11,'en_US','abstract','<p>The Texas Water Availability Modeling System is routinely applied in administration of the water rights permit system, regional and statewide planning, and an expanding variety of other endeavors. Modeling water management in the 23 river basins of the state reflects about 8,000 water right permits and 3,400 reservoirs. Datasets are necessarily large and complex to provide the decision-support capabilities for which the modeling system was developed. New modeling features are being added, and the different types of applications are growing. Certain applications are enhanced by simplifying the simulation input datasets to focus on particular water management systems. A methodology is presented for developing a condensed dataset for a selected reservoir system that reflects the impacts of all the water rights and accompanying reservoirs removed from the original complete dataset. A set of streamflows is developed that represents flows available to the selected system considering the effects of all the other water rights in the river basin contained in the original complete model input dataset that are not included in the condensed dataset. The methodology is applied to develop a condensed model of the Brazos River Authority reservoir system based on modifying the Texas Water Availability Modeling System dataset for the Brazos River Basin.</p>'),
(11,'en_US','prefix',''),
(11,'en_US','subtitle',''),
(11,'en_US','title','Condensing Water Availability Models to Focus on Specific Water Management Systems'),
(11,'fr_CA','abstract',''),
(11,'fr_CA','prefix',''),
(11,'fr_CA','subtitle',''),
(11,'fr_CA','title',''),
(12,'','categoryIds','[]'),
(12,'en_US','abstract','<p>Environmental sustainability and sustainable development principles are vital topics that engineering education has largely failed to address. Service-learning, which integrates social service into an academic setting, is an emerging tool that can be leveraged to teach sustainable design to future engineers. We present a model of using service-learning to teach sustainable design based on the experiences of the Stanford chapter of Engineers for a Sustainable World. The model involves the identification of projects and partner organizations, a student led, project-based design course, and internships coordinated with partner organizations. The model has been very successful, although limitations and challenges exist. These are discussed along with future directions for expanding the model.</p>'),
(12,'en_US','prefix',''),
(12,'en_US','subtitle',''),
(12,'en_US','title','Learning Sustainable Design through Service'),
(12,'fr_CA','abstract',''),
(12,'fr_CA','prefix',''),
(12,'fr_CA','subtitle',''),
(12,'fr_CA','title',''),
(13,'','categoryIds','[]'),
(13,'en_US','abstract','<p>The aim of this study was to assess the influence of long-term fat supplementation on the fatty acid profile of heavy pig adipose tissue. Fifty-four Large White barrows, averaging 25 kg LW, were randomized (matched weights) to one of three isoenergetic diets supplemented with either tallow (TA), maize oil (MO), or rapeseed oil (RO). The fats were supplement- ed at 3% as fed from 25 to 110 kg LW, and at 2.5 % from 110 kg to slaughtering. Following slaughter at about 160 kg LW, backfat samples were collected from ten animals per treatment and analyzed. Fatty acid composition of backfat close- ly reflected the fatty acid composition of the supplemented fats. The backfat of pigs fed TA had the highest saturated fatty acid content (SFA) (P&lt;0.01); those fed MO had the highest content in polyunsaturated fatty acid (PUFA) and the lowest in monounsaturated fatty acid (MUFA) content; those fed RO had the highest content of linolenic acid (C18:3) and cis 11- ecosenoic acid (C20:1). Only MO treatment had an effect on linoleic acid levels and the iodine value (IV) of backfat, result- ing in levels higher than those (IV = 70; C18:2 = 15%) accepted by the Parma Consortium for dry-cured ham. The IV and unsaturation index in both layers of subcutaneous backfat tissue differed significantly between treatments. These results show that long-term dietary supplementation with different fats changes the fatty acid profile of heavy pig adipose tissue. Supplementation with rapeseed oil increases the proportion of “healthy” fatty acids in pig fat, thereby improving the nutritional quality, however the effects on the technological quality of the fat must be carefully assessed.</p>'),
(13,'en_US','prefix',''),
(13,'en_US','subtitle',''),
(13,'en_US','title','Sodium butyrate improves growth performance of weaned piglets during the first period after weaning'),
(13,'fr_CA','abstract',''),
(13,'fr_CA','prefix',''),
(13,'fr_CA','subtitle',''),
(13,'fr_CA','title',''),
(14,'','categoryIds','[]'),
(14,'en_US','abstract','<p>The Edwards Aquifer serves as the primary water supply in South-Central Texas and is the source for several major springs. In developing a plan to protect endangered species immediately downstream of San Marcos Springs, questions have been raised regarding the established concept of a hydrologic divide between the San Antonio and Barton Springs segments of the Edwards Aquifer during drought conditions. To address these questions, a water-level data collection program and a hydrogeologic study was conducted. An analysis of groundwater-level data indicate that a groundwater divide exists in the vicinity of the surface drainage divide between Onion Creek and Blanco River during wet and normal hydrologic conditions. However, analysis of data collected during the 2009 drought suggests that the groundwater divide dissipated and no longer hydrologically separated the two segments. As a result, there is potential for groundwater to flow past San Marcos Springs toward Barton Springs during major droughts. The implications for this have bearings on the management and availability of groundwater in the Edwards Aquifer. Assessments of simulations from a numerical model suggest 5 cfs could be flowing past San Marcos toward Barton springs under drought conditions. The groundwater divide appears to be influenced by recharge along Onion Creek and Blanco River and appears to be vulnerable to extended periods of little or no recharge and extensive pumping in the vicinity of Kyle and Buda. The 2009 data set shows a very low gradient in the potentiometric surface between San Marcos Springs and Kyle with very little variation in levels between drought and non-drought periods. From Kyle toward Barton Springs, the potentiometric surface slopes significantly to the north and has dramatic changes in levels between drought and non-drought periods. The source and nature of the discontinuity of the change in potentiometric gradients and dynamic water level response at Kyle is unknown. Structural influences or hydraulic properties inherent in the aquifer could be the cause of this discontinuity and may also influence the degree of hydrologic connection between San Marcos and Barton Springs. Rapid population growth and increased water demands in the Kyle and Buda areas necessitates a continual groundwater level monitoring program between San Marcos Springs and Buda to provide data for future hydrogeologic and trend analyses.</p>'),
(14,'en_US','prefix',''),
(14,'en_US','subtitle',''),
(14,'en_US','title','Hydrologic Connectivity in the Edwards Aquifer between San Marcos Springs and Barton Springs during 2009 Drought Conditions'),
(14,'fr_CA','abstract',''),
(14,'fr_CA','prefix',''),
(14,'fr_CA','subtitle',''),
(14,'fr_CA','title',''),
(15,'','categoryIds','[]'),
(15,'en_US','abstract','<p>One of the challenges still to be met in the 21st century is that of genuinely embracing diversity. How can education help to overcome the barriers that continue to exist between people on the basis of language, culture and gender? This case study takes the Atlantic Coast of Nicaragua as an example of a multilingual/multiethnic region and examines how the community university URACCAN is contributing to the development of interculturality. It describes participatory research that was carried out with university staff and students with the intention of defining an intercultural curriculum and appropriate strategies for delivering such. One model used as a basis for discussions was the Model for Community Understanding from the Wales Curriculum Council, which emphasises the belonging of the individual to different communities or cultures at the same time. Factors supporting the development of an intercultural curriculum include the university’s close involvement with the ethnic communities it serves. However, ethno-linguistic power relations within the region and the country as a whole, still militate against egalitarianism within the university. The research highlights the importance of participatory pedagogy as the basis for promoting interculturality and achieving lasting social transformation.</p>'),
(15,'en_US','prefix',''),
(15,'en_US','subtitle',''),
(15,'en_US','title','Towards Designing an Intercultural Curriculum: A Case Study from the Atlantic Coast of Nicaragua'),
(15,'fr_CA','abstract',''),
(15,'fr_CA','prefix',''),
(15,'fr_CA','subtitle',''),
(15,'fr_CA','title',''),
(16,'','categoryIds','[]'),
(16,'en_US','abstract','<p>This review presents different diseases associated with yam and the management strategies employed in combating its menace in Nigeria. The field and storage diseases are presented, anthracnose is regarded as the most widely spread of all the field diseases, while yam mosaic virus disease is considered to cause the most severe losses in yams. Dry rot is considered as the most devastating of all the storage diseases of yam. Dry rot of yams alone causes a marked reduction in the quantity, marketable value and edible portions of tubers and those reductions are more severe in stored yams. The management strategies adopted and advocated for combating the field diseases includes the use of crop rotation, fallowing, planting of healthy material, the destruction of infected crop cultivars and the use of resistant cultivars. With regards to the storage diseases, the use of Tecto (Thiabendazole), locally made dry gins or wood ash before storage has been found to protect yam tubers against fungal infection in storage. Finally, processing of yam tubers into chips or cubes increases its shelf live for a period of between 6 months and one year.</p>'),
(16,'en_US','prefix',''),
(16,'en_US','subtitle',''),
(16,'en_US','title','Yam diseases and its management in Nigeria'),
(16,'fr_CA','abstract',''),
(16,'fr_CA','prefix',''),
(16,'fr_CA','subtitle',''),
(16,'fr_CA','title',''),
(17,'','categoryIds','[]'),
(17,'en_US','abstract','<p>Aim of this research is to provide a general situation of cattle slaughtered in Cameroon, as a representative example for the Central African Sub-region. The quality and safety of beef from the abattoir of Yaoundé, the largest in Cameroon, were considered. From January 2009 to March 2012, the pre-slaughter conditions and characteristics of 1953 cattle carcasses were recorded, as well as the pH of m. longissimus thoracis 24 h after slaughter. From these carcasses, 60 were selected to represent the bulls slaughtered. The quality parameters and composition of m. longissimus thoracis were carried out. The origin of most of the cattle was the Guinea High Savannah (74.6%), and transhumance was the common production system (75.5%). Gudali (45.6%), White Fulani (33.3%) and Red Mbororo (20.3%) breeds were predominant. Carcass weight was affected by rearing system and cattle category, and it markedly varied during year. Considering meat quality, the fat content was low (1.2%) and similar between breeds, moreover Gudali showed the toughest meat. Of the cows slaughtered, 27% were pregnant and the most common abnormal conditions encountered were ectoparasites, fatigue, lameness, fungal-like skin lesions, enlarged lymph nodes, respiratory distress, nodular lesions. More than 20% of the carcasses had some organs condemned, mainly for liver flukes (5.17%), and 1.0% of them were completely condemned due to tuberculosis, that also affected 3.28% of lungs. These data could aid authorities draw up programmes with the aim to strengthen cattle production, improve beef supply, control and prevent the observed diseases, and promote the regional trade.</p>'),
(17,'en_US','prefix',''),
(17,'en_US','subtitle',''),
(17,'en_US','title','Influence of long-term nutrition with different dietary fats on fatty acid composition of heavy pigs backfat'),
(17,'fr_CA','abstract',''),
(17,'fr_CA','prefix',''),
(17,'fr_CA','subtitle',''),
(17,'fr_CA','title',''),
(18,'','categoryIds','[]'),
(18,'','copyrightYear','2025'),
(18,'','issueId','1'),
(18,'en_US','abstract','<p>The antimicrobial, heavy metal resistance patterns and plasmid profiles of Coliforms (Enterobacteriacea) isolated from nosocomial infections and healthy human faeces were compared. Fifteen of the 25 isolates from nosocomial infections were identified as Escherichia coli, and remaining as Kelebsiella pneumoniae. Seventy two percent of the strains isolated from nosocomial infections possess multiple resistance to antibiotics compared to 45% of strains from healthy human faeces. The difference between minimal inhibitory concentration (MIC) values of strains from clinical cases and from faeces for four heavy metals (Hg, Cu, Pb, Cd) was not significant. However most strains isolated from hospital were more tolerant to heavy metal than those from healthy persons. There was no consistent relationship between plasmid profile group and antimicrobial resistance pattern, although a conjugative plasmid (&gt;56.4 kb) encoding resistance to heavy metals and antibiotics was recovered from eight of the strains isolated from nosocomial infections. The results indicate multidrug-resistance coliforms as a potential cause of nosocomial infection in this region.</p>'),
(18,'en_US','copyrightHolder','Journal of Public Knowledge'),
(18,'en_US','prefix',''),
(18,'en_US','subtitle',''),
(18,'en_US','title','Antimicrobial, heavy metal resistance and plasmid profile of coliforms isolated from nosocomial infections in a hospital in Isfahan, Iran'),
(18,'fr_CA','abstract',''),
(18,'fr_CA','copyrightHolder','Journal de la connaissance du public'),
(18,'fr_CA','prefix',''),
(18,'fr_CA','subtitle',''),
(18,'fr_CA','title',''),
(19,'','categoryIds','[]'),
(19,'en_US','abstract','<p>We compare a setting where actors individually decide whom to sanction with a setting where sanctions are only implemented when actors collectively agree that a certain actor should be sanctioned. Collective sanctioning decisions are problematic due to the difficulty of reaching consensus. However, when a decision is made collectively, perverse sanctioning (e.g. punishing high contributors) by individual actors is ruled out. Therefore, collective sanctioning decisions are likely to be in the interest of the whole group.</p>'),
(19,'en_US','prefix',''),
(19,'en_US','subtitle',''),
(19,'en_US','title','Self-Organization in Multi-Level Institutions in Networked Environments'),
(19,'fr_CA','abstract',''),
(19,'fr_CA','prefix',''),
(19,'fr_CA','subtitle',''),
(19,'fr_CA','title',''),
(20,'','categoryIds','[]'),
(20,'en_US','abstract','<p>None.</p>'),
(20,'en_US','prefix',''),
(20,'en_US','subtitle',''),
(20,'en_US','title','Finocchiaro: Arguments About Arguments'),
(20,'fr_CA','abstract',''),
(20,'fr_CA','prefix',''),
(20,'fr_CA','subtitle',''),
(20,'fr_CA','title',''),
(21,'','categoryIds','[]'),
(21,'','copyrightYear','2025'),
(21,'','geoMetadata::administrativeUnit','[{\"name\":\"Earth\",\"geonameId\":6295630,\"bbox\":\"not available\",\"administrativeUnitSuborder\":[\"Earth\"],\"provenance\":{\"description\":\"administrative unit created by user (accepting the suggestion of the geonames API , which was created on basis of a geometric shape input)\",\"id\":23}}]'),
(21,'','geoMetadata::spatialProperties','{\"type\":\"FeatureCollection\",\"features\":[{\"type\":\"Feature\",\"properties\":{\"provenance\":{\"description\":\"geometric shape created by user (drawing)\",\"id\":11}},\"geometry\":{\"type\":\"Polygon\",\"coordinates\":[[[87.51159667968751,21.626792634799433],[87.2039794921875,21.97361354260757],[87.0281982421875,21.892084251561464],[86.7095947265625,22.228090416784486],[86.8414306640625,22.43134015636062],[86.46789550781251,22.87744046489714],[86.17126464843751,23.02918734674459],[85.85266113281251,23.32208001137844],[86.03668212890625,23.57405696664267],[86.88262939453125,23.745125865762933],[87.74780273437501,24.28702686537645],[87.857666015625,26.13571361317392],[88.406982421875,26.509904531413927],[89.747314453125,26.017297563851745],[89.94506835937501,25.224820176765036],[92.49389648437501,24.986058021167594],[93.17504882812501,25.20494115356912],[93.10913085937501,24.26699728841818],[92.29614257812501,23.825551306884773],[92.713623046875,21.22794190505816],[92.25219726562501,21.453068633086783],[92.42797851562501,20.673905264672843],[91.70288085937501,22.30942584120019],[89.96704101562501,21.82070785387503],[88.69262695312501,21.53484700204879],[87.51159667968751,21.626792634799433]]]}},{\"type\":\"Feature\",\"properties\":{\"provenance\":{\"description\":\"geometric shape created by user (accepting the suggestion of the leaflet-control-geocoder)\",\"id\":13}},\"geometry\":{\"type\":\"Polygon\",\"coordinates\":[[[72.9817485,18.9916479],[72.9817485,19.2694771],[72.776333,19.2694771],[72.776333,18.9916479],[72.9817485,18.9916479]]]}},{\"type\":\"Feature\",\"properties\":{\"provenance\":{\"description\":\"geometric shape created by user (accepting the suggestion of the leaflet-control-geocoder)\",\"id\":13}},\"geometry\":{\"type\":\"Polygon\",\"coordinates\":[[[77.7843613,12.8336251],[77.7843613,13.1426598],[77.4600507,13.1426598],[77.4600507,12.8336251],[77.7843613,12.8336251]]]}},{\"type\":\"Feature\",\"properties\":{\"provenance\":{\"description\":\"geometric shape created by user (accepting the suggestion of the leaflet-control-geocoder)\",\"id\":13}},\"geometry\":{\"type\":\"Polygon\",\"coordinates\":[[[82.4304515,17.8122733],[82.4304515,18.7369801],[81.3885855,18.7369801],[81.3885855,17.8122733],[82.4304515,17.8122733]]]}}],\"administrativeUnits\":[{\"name\":\"Earth\",\"geonameId\":6295630,\"bbox\":\"not available\",\"administrativeUnitSuborder\":[\"Earth\"],\"provenance\":{\"description\":\"administrative unit created by user (accepting the suggestion of the geonames API , which was created on basis of a geometric shape input)\",\"id\":23}}],\"temporalProperties\":{\"timePeriods\":[\"{1990..2010}\"],\"provenance\":{\"description\":\"temporal properties created by user\",\"id\":31}}}'),
(21,'','geoMetadata::timePeriods','{1990..2010}'),
(21,'','issueId','3'),
(21,'en_US','abstract','<p>The paper presents new data on two strategies of forming Conditionals in the Eastern Indo-Aryan language Bangla: Correlative Conditionals and Participial Conditionals. It further shows that there is a subtle division of labor between the two kinds of constructions. It is proposed that the distributional difference between these two provides evidence in favor of the theories of conditionals that classify Hypothetical Conditionals and Biscuit Conditionals as having the same underlying semantics. Furthermore, it is shown that the distinction extends to the then-word tahole in the language. This leads to a pragmatic account of the conditional participle -le in different types of participial conditionals. The paper ends with discussing how a pragmatic account leads to an unresolved question regarding the syntactic classification of the conditionals.</p>'),
(21,'en_US','copyrightHolder','geoMetadata Demo Journal'),
(21,'en_US','coverage','Earth'),
(21,'en_US','prefix',''),
(21,'en_US','subtitle',''),
(21,'en_US','title','Revisiting Conditional Typology for Bangla'),
(22,'','categoryIds','[]'),
(22,'','copyrightYear','2025'),
(22,'','geoMetadata::administrativeUnit','[{\"name\":\"Earth\",\"geonameId\":6295630,\"bbox\":\"not available\",\"administrativeUnitSuborder\":[\"Earth\"],\"provenance\":{\"description\":\"administrative unit created by user (accepting the suggestion of the geonames API , which was created on basis of a geometric shape input)\",\"id\":23}},{\"name\":\"State of Israel\",\"geonameId\":294640,\"bbox\":{\"east\":35.67033,\"south\":29.490654862,\"north\":33.2908350000001,\"west\":34.267257},\"administrativeUnitSuborder\":[\"Earth\",\"Asia\",\"State of Israel\"],\"provenance\":{\"description\":\"administrative unit created by user (accepting the suggestion of the geonames API , which was created on basis of a geometric shape input)\",\"id\":23}},{\"name\":\"Northern District\",\"geonameId\":294824,\"bbox\":{\"east\":35.68305206298828,\"south\":32.394195556640625,\"north\":33.27027130126953,\"west\":35.02360534667969},\"administrativeUnitSuborder\":[\"Earth\",\"Asia\",\"State of Israel\",\"Northern District\"],\"provenance\":{\"description\":\"administrative unit created by user (accepting the suggestion of the geonames API , which was created on basis of a geometric shape input)\",\"id\":23}},{\"name\":\"Bet She\'an\",\"geonameId\":295435,\"bbox\":{\"east\":35.5162770327743,\"south\":32.48045742385759,\"north\":32.51410857614242,\"west\":35.476370967225705},\"administrativeUnitSuborder\":[\"Earth\",\"Asia\",\"State of Israel\",\"Northern District\",\"Bet She\'an\"],\"provenance\":{\"description\":\"administrative unit created by user (accepting the suggestion of the geonames API , which was created on basis of a geometric shape input)\",\"id\":23}}]'),
(22,'','geoMetadata::spatialProperties','{\"type\":\"FeatureCollection\",\"features\":[{\"type\":\"Feature\",\"properties\":{\"provenance\":{\"description\":\"geometric shape created by user (drawing)\",\"id\":11}},\"geometry\":{\"type\":\"Point\",\"coordinates\":[35.50455361604691,32.50799064562943]}}],\"administrativeUnits\":[{\"name\":\"Earth\",\"geonameId\":6295630,\"bbox\":\"not available\",\"administrativeUnitSuborder\":[\"Earth\"],\"provenance\":{\"description\":\"administrative unit created by user (accepting the suggestion of the geonames API , which was created on basis of a geometric shape input)\",\"id\":23}},{\"name\":\"State of Israel\",\"geonameId\":294640,\"bbox\":{\"east\":35.67033,\"south\":29.490654862,\"north\":33.2908350000001,\"west\":34.267257},\"administrativeUnitSuborder\":[\"Earth\",\"Asia\",\"State of Israel\"],\"provenance\":{\"description\":\"administrative unit created by user (accepting the suggestion of the geonames API , which was created on basis of a geometric shape input)\",\"id\":23}},{\"name\":\"Northern District\",\"geonameId\":294824,\"bbox\":{\"east\":35.68305206298828,\"south\":32.394195556640625,\"north\":33.27027130126953,\"west\":35.02360534667969},\"administrativeUnitSuborder\":[\"Earth\",\"Asia\",\"State of Israel\",\"Northern District\"],\"provenance\":{\"description\":\"administrative unit created by user (accepting the suggestion of the geonames API , which was created on basis of a geometric shape input)\",\"id\":23}},{\"name\":\"Bet She\'an\",\"geonameId\":295435,\"bbox\":{\"east\":35.5162770327743,\"south\":32.48045742385759,\"north\":32.51410857614242,\"west\":35.476370967225705},\"administrativeUnitSuborder\":[\"Earth\",\"Asia\",\"State of Israel\",\"Northern District\",\"Bet She\'an\"],\"provenance\":{\"description\":\"administrative unit created by user (accepting the suggestion of the geonames API , which was created on basis of a geometric shape input)\",\"id\":23}}],\"temporalProperties\":{\"timePeriods\":[\"{2022..2022}{2023-01-01..2023-12-31}\"],\"provenance\":{\"description\":\"temporal properties created by user\",\"id\":31}}}'),
(22,'','geoMetadata::timePeriods','{2022..2022}{2023-01-01..2023-12-31}'),
(22,'','issueId','3'),
(22,'en_US','abstract','<p>Dieser Bericht katalogisiert und kontextualisiert die hellenistischen, römischen, byzantinischen und islamischen Münzfunde der Grabungssaison 2023 des German-Israeli Tell Iẓṭabba Excavation Project in den Areas E, F und G. Alle im Folgenden katalogisierten hellenistischen Münzen werden der seleukidischen Siedlung an diesem Ort zugeordnet. Viele der späteren Münzen stammen aus Area E, in der die byzantinische Stadtmauer ausgegraben wurde. Insgesamt wurden 44 Münzen katalogisiert (18 seleukidische Münzen [zwei sind nicht genau bestimmbar], vier städtische hellenistische Münzen, eine hasmonäische Münze, eine kaiserzeitliche Städteprägung, 12 spätrömische Münzen, drei byzantinische Münzen, drei islamische Prägungen und noch zwei unbestimmte Münzen). Obwohl die Anzahl an Münzen relativ gering ist, ergänzen sie die in den vorangegangenen Jahren publizierten Münzen (aus den Areas B, C und D) und tragen weiter zur Kenntnis der Fundmünzen von Tell Iẓṭabba und zu unserem Verständnis der Siedlungsgeschichte des Ortes bei.</p>'),
(22,'en_US','copyrightHolder','geoMetadata Demo Journal'),
(22,'en_US','coverage','Earth, State of Israel, Northern District, Bet She\'an'),
(22,'en_US','prefix',''),
(22,'en_US','subtitle',''),
(22,'en_US','title','The Coins from the 2023 Excavation Season of the German-Israeli Tell Iẓṭabba Excavation Project	'),
(23,'','categoryIds','[]'),
(23,'','copyrightYear','2025'),
(23,'','geoMetadata::administrativeUnit','[{\"name\":\"Earth\",\"geonameId\":6295630,\"bbox\":\"not available\",\"administrativeUnitSuborder\":[\"Earth\"],\"provenance\":{\"description\":\"administrative unit created by user (accepting the suggestion of the geonames API , which was created on basis of a geometric shape input)\",\"id\":23}},{\"name\":\"Europe\",\"geonameId\":6255148,\"bbox\":{\"east\":41.73303985595703,\"south\":27.6377894797159,\"north\":80.76416015625,\"west\":-24.532675386662543},\"administrativeUnitSuborder\":[\"Earth\",\"Europe\"],\"provenance\":{\"description\":\"administrative unit created by user (accepting the suggestion of the geonames API , which was created on basis of a geometric shape input)\",\"id\":23}},{\"name\":\"Republic of Austria\",\"geonameId\":2782113,\"bbox\":{\"east\":17.1620685652599,\"south\":46.3726520216244,\"north\":49.0211627691393,\"west\":9.53095237240833},\"administrativeUnitSuborder\":[\"Earth\",\"Europe\",\"Republic of Austria\"],\"provenance\":{\"description\":\"administrative unit created by user (accepting the suggestion of the geonames API , which was created on basis of a geometric shape input)\",\"id\":23}}]'),
(23,'','geoMetadata::spatialProperties','{\"type\":\"FeatureCollection\",\"features\":[{\"type\":\"Feature\",\"properties\":{\"provenance\":{\"description\":\"geometric shape created by user (drawing)\",\"id\":11}},\"geometry\":{\"type\":\"Point\",\"coordinates\":[16.415339112281803,48.27811289083328]}},{\"type\":\"Feature\",\"properties\":{\"provenance\":{\"description\":\"geometric shape created by user (drawing)\",\"id\":11}},\"geometry\":{\"type\":\"Point\",\"coordinates\":[16.43804401159287,48.25628597252036]}},{\"type\":\"Feature\",\"properties\":{\"provenance\":{\"description\":\"geometric shape created by user (drawing)\",\"id\":11}},\"geometry\":{\"type\":\"Polygon\",\"coordinates\":[[[16.452426016330723,48.28192740397806],[16.45247966051102,48.281845297663345],[16.452640593051914,48.28188456591728],[16.452592313289646,48.28195239283026],[16.452426016330723,48.28192740397806]]]}},{\"type\":\"Feature\",\"properties\":{\"provenance\":{\"description\":\"geometric shape created by user (drawing)\",\"id\":11}},\"geometry\":{\"type\":\"Polygon\",\"coordinates\":[[[16.3990929722786,48.18592296598994],[16.3990929722786,48.185994496764444],[16.39926463365555,48.185994496764444],[16.39926463365555,48.18592296598994],[16.3990929722786,48.18592296598994]]]}},{\"type\":\"Feature\",\"properties\":{\"provenance\":{\"description\":\"geometric shape created by user (drawing)\",\"id\":11}},\"geometry\":{\"type\":\"Polygon\",\"coordinates\":[[[15.436748564243318,47.08209189302897],[15.436748564243318,47.082270884797076],[15.437183082103731,47.082270884797076],[15.437183082103731,47.08209189302897],[15.436748564243318,47.08209189302897]]]}},{\"type\":\"Feature\",\"properties\":{\"provenance\":{\"description\":\"geometric shape created by user (drawing)\",\"id\":11}},\"geometry\":{\"type\":\"Polygon\",\"coordinates\":[[[15.40550082921982,47.03900314532448],[15.405699312686922,47.03902508043642],[15.40572077035904,47.03891906064524],[15.405527651309969,47.038911748927724],[15.40550082921982,47.03900314532448]]]}},{\"type\":\"Feature\",\"properties\":{\"provenance\":{\"description\":\"geometric shape created by user (drawing)\",\"id\":11}},\"geometry\":{\"type\":\"Point\",\"coordinates\":[16.376119852066044,47.651534362719005]}},{\"type\":\"Feature\",\"properties\":{\"provenance\":{\"description\":\"geometric shape created by user (drawing)\",\"id\":11}},\"geometry\":{\"type\":\"Polygon\",\"coordinates\":[[[16.491892039775852,47.794870527338254],[16.49218171834946,47.79465790590095],[16.492498219013218,47.7947948486213],[16.491784751415256,47.79543270864212],[16.491591632366184,47.79527414530045],[16.491843760013584,47.79512278893204],[16.491811573505405,47.79505071431591],[16.4919725060463,47.79500026202514],[16.491892039775852,47.794870527338254]]]}}],\"administrativeUnits\":[{\"name\":\"Earth\",\"geonameId\":6295630,\"bbox\":\"not available\",\"administrativeUnitSuborder\":[\"Earth\"],\"provenance\":{\"description\":\"administrative unit created by user (accepting the suggestion of the geonames API , which was created on basis of a geometric shape input)\",\"id\":23}},{\"name\":\"Europe\",\"geonameId\":6255148,\"bbox\":{\"east\":41.73303985595703,\"south\":27.6377894797159,\"north\":80.76416015625,\"west\":-24.532675386662543},\"administrativeUnitSuborder\":[\"Earth\",\"Europe\"],\"provenance\":{\"description\":\"administrative unit created by user (accepting the suggestion of the geonames API , which was created on basis of a geometric shape input)\",\"id\":23}},{\"name\":\"Republic of Austria\",\"geonameId\":2782113,\"bbox\":{\"east\":17.1620685652599,\"south\":46.3726520216244,\"north\":49.0211627691393,\"west\":9.53095237240833},\"administrativeUnitSuborder\":[\"Earth\",\"Europe\",\"Republic of Austria\"],\"provenance\":{\"description\":\"administrative unit created by user (accepting the suggestion of the geonames API , which was created on basis of a geometric shape input)\",\"id\":23}}],\"temporalProperties\":{\"timePeriods\":[\"2021-06-01..2021-08-31\"],\"provenance\":{\"description\":\"temporal properties created by user\",\"id\":31}}}'),
(23,'','geoMetadata::timePeriods','{2021-06-01..2021-08-31}'),
(23,'','issueId','3'),
(23,'en_US','abstract','<p>Im Sommer 2021 wurden parasitierte Eigelege der Grünen Reiswanze Nezara viridula (Linnaeus, 1758) in Wiener Privatgärten festgestellt. Die morphologischen und molekularbiologischen Untersuchungen ergaben, dass es sich um den Eiparasitoiden Trissolcus basalis (Wollaston, 1858) handelt. Dies ist der erste Nachweis von Trissolcus basalis aus Nezara viridula Eigelegen in Österreich.</p>'),
(23,'en_US','copyrightHolder','geoMetadata Demo Journal'),
(23,'en_US','coverage','Earth, Europe, Republic of Austria'),
(23,'en_US','prefix',''),
(23,'en_US','subtitle',''),
(23,'en_US','title','First report of the parasitoid wasp Trissolcus basalis (Wollaston, 1858) in Austria (Hymenoptera: Scelionidae)'),
(24,'','categoryIds','[]'),
(24,'','copyrightYear','2025'),
(24,'','geoMetadata::administrativeUnit','[{\"name\":\"Earth\",\"geonameId\":6295630,\"bbox\":\"not available\",\"administrativeUnitSuborder\":[\"Earth\"],\"provenance\":{\"description\":\"administrative unit created by user (accepting the suggestion of the geonames API , which was created on basis of a geometric shape input)\",\"id\":23}}]'),
(24,'','geoMetadata::spatialProperties','{\"type\":\"FeatureCollection\",\"features\":[{\"type\":\"Feature\",\"properties\":{\"provenance\":{\"description\":\"geometric shape created by user (drawing)\",\"id\":11}},\"geometry\":{\"type\":\"Polygon\",\"coordinates\":[[[95.25146484375001,6.206090498573885],[94.76806640625001,5.725311447610156],[95.25146484375001,3.7984839750369748],[96.43798828125001,1.5159363834516861],[98.59130859375,-1.7355743631421197],[102.37060546875001,-5.98760689165826],[103.64501953125001,-5.462895560209544],[104.96337890625001,-6.948238638117006],[108.25927734375001,-8.03747339584114],[117.61962890625001,-9.384032109601689],[119.06982421875001,-10.033766870069249],[122.71728515625001,-11.113727282172755],[127.68310546875001,-8.733077421211563],[131.46240234375003,-8.298470297067356],[132.86865234375003,-6.511814706347888],[134.58251953125003,-7.471410908357826],[136.20849609375003,-4.981505049328246],[138.14208984375003,-6.468151012664202],[137.21923828125003,-8.68963906812765],[140.91064453125003,-9.25393615681445],[140.95458984375003,-2.218683588558448],[135.15380859375003,-0.37353251022880474],[134.45068359375003,1.0326589311777885],[132.56103515625003,-0.10986321392741416],[131.24267578125003,1.2962761196418218],[130.45166015625003,0.7690198781221326],[129.08935546875003,1.252341676699629],[128.69384765625003,2.701635047944533],[126.97998046875001,3.9300201571114752],[126.62841796875001,5.725311447610156],[125.00244140625001,3.9300201571114752],[124.25537109375001,1.4720060101903352],[120.38818359375001,1.5159363834516861],[118.89404296875001,2.3943223575350774],[118.05908203125001,4.149200693099289],[115.65856933593751,4.275202171119158],[115.53771972656251,3.3653728013312],[114.43908691406251,1.5104451350115682],[113.50524902343751,1.334718132769963],[112.29675292968751,1.554374729735434],[112.02209472656251,1.1150419135172274],[111.06628417968751,1.0381511983133254],[110.46203613281251,0.8733792609738106],[109.53918457031251,1.883815776262848],[109.71496582031251,2.311994386907854],[107.99560546875001,4.937724274302492],[105.27099609375,3.0966358718415634],[104.78759765625001,1.2962761196418218],[103.69445800781251,1.191930620381516],[102.99133300781251,1.334718132769963],[101.88171386718751,2.180259769681356],[97.74536132812501,5.320705259943911],[95.25146484375001,6.206090498573885]]]}}],\"administrativeUnits\":[{\"name\":\"Earth\",\"geonameId\":6295630,\"bbox\":\"not available\",\"administrativeUnitSuborder\":[\"Earth\"],\"provenance\":{\"description\":\"administrative unit created by user (accepting the suggestion of the geonames API , which was created on basis of a geometric shape input)\",\"id\":23}}],\"temporalProperties\":{\"timePeriods\":[\"{2019-03..2019-09}\"],\"provenance\":{\"description\":\"temporal properties created by user\",\"id\":31}}}'),
(24,'','geoMetadata::timePeriods','{2019-03..2019-09}'),
(24,'','issueId','3'),
(24,'en_US','abstract','<p>Islam in post-reformasi Indonesia is covered by a wide multi-disciplinary literature, in which ‘Islamization’ has gained acceptance as the predominant frame for understanding contemporary developments. Here Islamization is taken to be a move away from an Indonesian Islam that was highly localized and mystical in nature. Adopting an area studies approach, this paper reviews the literature on contemporary Islam in Indonesia and challenges this understanding of Islamization. It is argued that older cultural styles and variations within local Islam have not disappeared, and that, more generally, characterizing the development of Indonesian Islam by using a single label is misleading.&nbsp;</p>'),
(24,'en_US','copyrightHolder','geoMetadata Demo Journal'),
(24,'en_US','coverage','Earth'),
(24,'en_US','prefix',''),
(24,'en_US','subtitle',''),
(24,'en_US','title','Islam and the Perception of Islam in Contemporary Indonesia	'),
(25,'','categoryIds','[]'),
(25,'','copyrightYear','2025'),
(25,'','geoMetadata::administrativeUnit','[{\"name\":\"Earth\",\"geonameId\":6295630,\"bbox\":\"not available\",\"administrativeUnitSuborder\":[\"Earth\"],\"provenance\":{\"description\":\"administrative unit created by user (accepting the suggestion of the geonames API , which was created on basis of a geometric shape input)\",\"id\":23}},{\"name\":\"Europe\",\"geonameId\":6255148,\"bbox\":{\"east\":41.73303985595703,\"south\":27.6377894797159,\"north\":80.76416015625,\"west\":-24.532675386662543},\"administrativeUnitSuborder\":[\"Earth\",\"Europe\"],\"provenance\":{\"description\":\"administrative unit created by user (accepting the suggestion of the geonames API , which was created on basis of a geometric shape input)\",\"id\":23}},{\"name\":\"Italian Republic\",\"geonameId\":3175395,\"bbox\":{\"east\":18.5203814091888,\"south\":35.4928525923603,\"north\":47.0917837415439,\"west\":6.62662135986088},\"administrativeUnitSuborder\":[\"Earth\",\"Europe\",\"Italian Republic\"],\"provenance\":{\"description\":\"administrative unit created by user (accepting the suggestion of the geonames API , which was created on basis of a geometric shape input)\",\"id\":23}},{\"name\":\"Lazio\",\"geonameId\":3174976,\"bbox\":{\"east\":14.0276444985812,\"south\":40.784733740287,\"north\":42.8387459089832,\"west\":11.4493704132973},\"administrativeUnitSuborder\":[\"Earth\",\"Europe\",\"Italian Republic\",\"Lazio\"],\"provenance\":{\"description\":\"administrative unit created by user (accepting the suggestion of the geonames API , which was created on basis of a geometric shape input)\",\"id\":23}},{\"name\":\"Citta metropolitana di Roma Capitale\",\"geonameId\":3169069,\"bbox\":{\"east\":13.2962754996057,\"south\":41.4075700746352,\"north\":42.2960380307205,\"west\":11.7335457492429},\"administrativeUnitSuborder\":[\"Earth\",\"Europe\",\"Italian Republic\",\"Lazio\",\"Citta metropolitana di Roma Capitale\"],\"provenance\":{\"description\":\"administrative unit created by user (accepting the suggestion of the geonames API , which was created on basis of a geometric shape input)\",\"id\":23}},{\"name\":\"Ardea\",\"geonameId\":6542093,\"bbox\":{\"east\":12.634296883490649,\"south\":41.53400935212,\"north\":41.69217700133652,\"west\":12.486634218005774},\"administrativeUnitSuborder\":[\"Earth\",\"Europe\",\"Italian Republic\",\"Lazio\",\"Citta metropolitana di Roma Capitale\",\"Ardea\"],\"provenance\":{\"description\":\"administrative unit created by user (accepting the suggestion of the geonames API , which was created on basis of a geometric shape input)\",\"id\":23}},{\"name\":\"Ardea\",\"geonameId\":3182897,\"bbox\":{\"east\":12.552805915900446,\"south\":41.583810039790805,\"north\":41.621237113691414,\"west\":12.499534545576784},\"administrativeUnitSuborder\":[\"Earth\",\"Europe\",\"Italian Republic\",\"Lazio\",\"Citta metropolitana di Roma Capitale\",\"Ardea\",\"Ardea\"],\"provenance\":{\"description\":\"administrative unit created by user (accepting the suggestion of the geonames API , which was created on basis of a geometric shape input)\",\"id\":23}}]'),
(25,'','geoMetadata::spatialProperties','{\"type\":\"FeatureCollection\",\"features\":[{\"type\":\"Feature\",\"properties\":{\"provenance\":{\"description\":\"geometric shape created by user (drawing)\",\"id\":11}},\"geometry\":{\"type\":\"Point\",\"coordinates\":[12.544957101345064,41.60909934144031]}}],\"administrativeUnits\":[{\"name\":\"Earth\",\"geonameId\":6295630,\"bbox\":\"not available\",\"administrativeUnitSuborder\":[\"Earth\"],\"provenance\":{\"description\":\"administrative unit created by user (accepting the suggestion of the geonames API , which was created on basis of a geometric shape input)\",\"id\":23}},{\"name\":\"Europe\",\"geonameId\":6255148,\"bbox\":{\"east\":41.73303985595703,\"south\":27.6377894797159,\"north\":80.76416015625,\"west\":-24.532675386662543},\"administrativeUnitSuborder\":[\"Earth\",\"Europe\"],\"provenance\":{\"description\":\"administrative unit created by user (accepting the suggestion of the geonames API , which was created on basis of a geometric shape input)\",\"id\":23}},{\"name\":\"Italian Republic\",\"geonameId\":3175395,\"bbox\":{\"east\":18.5203814091888,\"south\":35.4928525923603,\"north\":47.0917837415439,\"west\":6.62662135986088},\"administrativeUnitSuborder\":[\"Earth\",\"Europe\",\"Italian Republic\"],\"provenance\":{\"description\":\"administrative unit created by user (accepting the suggestion of the geonames API , which was created on basis of a geometric shape input)\",\"id\":23}},{\"name\":\"Lazio\",\"geonameId\":3174976,\"bbox\":{\"east\":14.0276444985812,\"south\":40.784733740287,\"north\":42.8387459089832,\"west\":11.4493704132973},\"administrativeUnitSuborder\":[\"Earth\",\"Europe\",\"Italian Republic\",\"Lazio\"],\"provenance\":{\"description\":\"administrative unit created by user (accepting the suggestion of the geonames API , which was created on basis of a geometric shape input)\",\"id\":23}},{\"name\":\"Citta metropolitana di Roma Capitale\",\"geonameId\":3169069,\"bbox\":{\"east\":13.2962754996057,\"south\":41.4075700746352,\"north\":42.2960380307205,\"west\":11.7335457492429},\"administrativeUnitSuborder\":[\"Earth\",\"Europe\",\"Italian Republic\",\"Lazio\",\"Citta metropolitana di Roma Capitale\"],\"provenance\":{\"description\":\"administrative unit created by user (accepting the suggestion of the geonames API , which was created on basis of a geometric shape input)\",\"id\":23}},{\"name\":\"Ardea\",\"geonameId\":6542093,\"bbox\":{\"east\":12.634296883490649,\"south\":41.53400935212,\"north\":41.69217700133652,\"west\":12.486634218005774},\"administrativeUnitSuborder\":[\"Earth\",\"Europe\",\"Italian Republic\",\"Lazio\",\"Citta metropolitana di Roma Capitale\",\"Ardea\"],\"provenance\":{\"description\":\"administrative unit created by user (accepting the suggestion of the geonames API , which was created on basis of a geometric shape input)\",\"id\":23}},{\"name\":\"Ardea\",\"geonameId\":3182897,\"bbox\":{\"east\":12.552805915900446,\"south\":41.583810039790805,\"north\":41.621237113691414,\"west\":12.499534545576784},\"administrativeUnitSuborder\":[\"Earth\",\"Europe\",\"Italian Republic\",\"Lazio\",\"Citta metropolitana di Roma Capitale\",\"Ardea\",\"Ardea\"],\"provenance\":{\"description\":\"administrative unit created by user (accepting the suggestion of the geonames API , which was created on basis of a geometric shape input)\",\"id\":23}}],\"temporalProperties\":{\"timePeriods\":[\"{-500-01-01..-100-12-31}\"],\"provenance\":{\"description\":\"temporal properties created by user\",\"id\":31}}}'),
(25,'','geoMetadata::timePeriods','{-500-01-01..-100-12-31}'),
(25,'','issueId','3'),
(25,'en_US','abstract','<p>This article discusses an unpublished Etrusco-Italic terracotta antefix decorated with a Potnia Theron previously in the Etruscan collection at the Israel Museum, Jerusalem (today temporarily deposited at the Comando Carabinieri per la Tutela del Patrimonio Culturale in Rome). Based on the antefix’s technical description and interpretation, the author establishes that it belongs to a series of mould-made objects produced during the 3ʳᵈ century B.C. in Ardea, Latium. The Potnia Theron was depicted in Etruria and Central Italy from the 7ᵗʰ to the 1ˢᵗ century B.C. in various materials and on objects, such as jewellery, vases, and architectural elements like the antefix. Her image, distributed throughout all of Etruria and Central Italy, appeared in religious and public areas and represented a strong nature goddess laden with symbolic apotropaic powers.</p>'),
(25,'en_US','copyrightHolder','geoMetadata Demo Journal'),
(25,'en_US','coverage','Earth, Europe, Italian Republic, Lazio, Citta metropolitana di Roma Capitale, Ardea, Ardea'),
(25,'en_US','prefix',''),
(25,'en_US','subtitle',''),
(25,'en_US','title','An Etrusco-Italic Antefix of Potnia Theron from Ardea	'),
(26,'','categoryIds','[]'),
(26,'','copyrightYear','2025'),
(26,'','geoMetadata::administrativeUnit','[{\"name\":\"Earth\",\"geonameId\":6295630,\"provenance\":{\"description\":\"Administrative unit created by user (accepting the suggestion of the Geonames API, which was created on basis of a textual input).\",\"id\":21},\"bbox\":\"not available\",\"administrativeUnitSuborder\":[\"Earth\"]}]'),
(26,'','geoMetadata::spatialProperties','{\"type\":\"FeatureCollection\",\"features\":[],\"administrativeUnits\":[{\"name\":\"Earth\",\"geonameId\":6295630,\"provenance\":{\"description\":\"Administrative unit created by user (accepting the suggestion of the Geonames API, which was created on basis of a textual input).\",\"id\":21},\"bbox\":\"not available\",\"administrativeUnitSuborder\":[\"Earth\"]}],\"temporalProperties\":{\"timePeriods\":[\"{2012-01-01..2018-12-31}{2020..2020-06-15}\"],\"provenance\":{\"description\":\"temporal properties created by user\",\"id\":31}}}'),
(26,'','geoMetadata::timePeriods','{2012-01-01..2018-12-31}{2020..2020-06-15}'),
(26,'','issueId','3'),
(26,'en_US','abstract','<p>We develop the Google matrix analysis of the multiproduct world trade network obtained from the UN COMTRADE database in recent years. The comparison is done between this new approach and the usual Import-Export description of this world trade network. The Google matrix analysis takes into account the multiplicity of trade transactions thus highlighting in a better way the world influence of specific countries and products. It shows that after Brexit, the European Union of 27 countries has the leading position in the world trade network ranking, being ahead of USA and China. Our approach determines also a sensitivity of trade country balance to specific products showing the dominant role of machinery and mineral fuels in multiproduct exchanges. It also underlines the growing influence of Asian countries.</p>'),
(26,'en_US','copyrightHolder','geoMetadata Demo Journal'),
(26,'en_US','coverage','Earth'),
(26,'en_US','prefix',''),
(26,'en_US','subtitle',''),
(26,'en_US','title','Post-Brexit Power of European Union From the World Trade Network Analysis	'),
(27,'','categoryIds','[]'),
(27,'','copyrightYear','2025'),
(27,'','geoMetadata::administrativeUnit','[{\"name\":\"Earth\",\"geonameId\":6295630,\"bbox\":\"not available\",\"administrativeUnitSuborder\":[\"Earth\"],\"provenance\":{\"description\":\"administrative unit created by user (accepting the suggestion of the geonames API , which was created on basis of a geometric shape input)\",\"id\":23}},{\"name\":\"Europe\",\"geonameId\":6255148,\"bbox\":{\"east\":41.73303985595703,\"south\":27.6377894797159,\"north\":80.76416015625,\"west\":-24.532675386662543},\"administrativeUnitSuborder\":[\"Earth\",\"Europe\"],\"provenance\":{\"description\":\"administrative unit created by user (accepting the suggestion of the geonames API , which was created on basis of a geometric shape input)\",\"id\":23}},{\"name\":\"Portuguese Republic\",\"geonameId\":2264397,\"bbox\":{\"east\":-6.18915930748288,\"south\":30.030283523608002,\"north\":42.154311127408,\"west\":-31.2688154080396},\"administrativeUnitSuborder\":[\"Earth\",\"Europe\",\"Portuguese Republic\"],\"provenance\":{\"description\":\"administrative unit created by user (accepting the suggestion of the geonames API , which was created on basis of a geometric shape input)\",\"id\":23}}]'),
(27,'','geoMetadata::spatialProperties','{\"type\":\"FeatureCollection\",\"features\":[{\"type\":\"Feature\",\"properties\":{\"provenance\":{\"description\":\"geometric shape created by user (accepting the suggestion of the leaflet-control-geocoder)\",\"id\":13}},\"geometry\":{\"type\":\"Polygon\",\"coordinates\":[[[-7.0327437,40.3806077],[-7.0327437,40.7009638],[-7.467313,40.7009638],[-7.467313,40.3806077],[-7.0327437,40.3806077]]]}}],\"administrativeUnits\":[{\"name\":\"Earth\",\"geonameId\":6295630,\"bbox\":\"not available\",\"administrativeUnitSuborder\":[\"Earth\"],\"provenance\":{\"description\":\"administrative unit created by user (accepting the suggestion of the geonames API , which was created on basis of a geometric shape input)\",\"id\":23}},{\"name\":\"Europe\",\"geonameId\":6255148,\"bbox\":{\"east\":41.73303985595703,\"south\":27.6377894797159,\"north\":80.76416015625,\"west\":-24.532675386662543},\"administrativeUnitSuborder\":[\"Earth\",\"Europe\"],\"provenance\":{\"description\":\"administrative unit created by user (accepting the suggestion of the geonames API , which was created on basis of a geometric shape input)\",\"id\":23}},{\"name\":\"Portuguese Republic\",\"geonameId\":2264397,\"bbox\":{\"east\":-6.18915930748288,\"south\":30.030283523608002,\"north\":42.154311127408,\"west\":-31.2688154080396},\"administrativeUnitSuborder\":[\"Earth\",\"Europe\",\"Portuguese Republic\"],\"provenance\":{\"description\":\"administrative unit created by user (accepting the suggestion of the geonames API , which was created on basis of a geometric shape input)\",\"id\":23}}],\"temporalProperties\":{\"timePeriods\":[\"{1919-01-01..2011-12-31}\"],\"provenance\":{\"description\":\"temporal properties created by user\",\"id\":31}}}'),
(27,'','geoMetadata::timePeriods','{1919-01-01..2011-12-31}'),
(27,'','issueId','3'),
(27,'en_US','abstract','<p>A historical center can be defined as the oldest part of a city where a significant part of the building stock dates back to the early stages of urban growth. Historical centers often contain special urban fabrics with unique, historic, social and cultural identity. Owing to this, they have been subject to special urban planning interventions in order not only to protect the existing urban fabric and its originality, but also to revert depopulation and built deterioration processes aiming to make these old centers attractive and functional again. However, in the inter-urban domain, there is a deficit of spatial planning research, and the delimitation of historical centers is a topic that has been under explored. This paper describes a morphological approach for delimiting the historical center of Guarda, Portugal. Methodologically, the work uses building stock-age data from eight periods between &lt;1919 to 2011 and is supported by both statistical and spatial analysis. Statistically, the urban evolution of the city was analyzed through threshold values and five novel building indexes. Spatially, the work involved disaggregated GIS analysis to map the evolution of built-up areas and to identify the consolidated urban areas. A sensitivity analysis was also performed to assess the influence of some parameters on the obtained boundary. Results indicated that the historical center of Guarda was consolidated in the 1960s and, since then, has been relatively unchanged. The obtained boundary shows a suitable spatial adjustment considering the consolidated urban area and the official boundary included in the Urban Rehabilitation Area.&nbsp;</p>'),
(27,'en_US','copyrightHolder','geoMetadata Demo Journal'),
(27,'en_US','coverage','Earth, Europe, Portuguese Republic'),
(27,'en_US','prefix',''),
(27,'en_US','subtitle',''),
(27,'en_US','title','A quantitative spatial methodology for delimiting historical centers - an application in Guarda, Portugal	'),
(28,'','categoryIds','[]'),
(28,'','copyrightYear','2024'),
(28,'','geoMetadata::administrativeUnit','[{\"name\":\"Earth\",\"geonameId\":6295630,\"bbox\":\"not available\",\"administrativeUnitSuborder\":[\"Earth\"],\"provenance\":{\"description\":\"administrative unit created by user (accepting the suggestion of the geonames API , which was created on basis of a geometric shape input)\",\"id\":23}},{\"name\":\"Europe\",\"geonameId\":6255148,\"bbox\":{\"east\":41.73303985595703,\"south\":27.6377894797159,\"north\":80.76416015625,\"west\":-24.532675386662543},\"administrativeUnitSuborder\":[\"Earth\",\"Europe\"],\"provenance\":{\"description\":\"administrative unit created by user (accepting the suggestion of the geonames API , which was created on basis of a geometric shape input)\",\"id\":23}},{\"name\":\"Federal Republic of Germany\",\"geonameId\":2921044,\"bbox\":{\"east\":15.0418156516163,\"south\":47.2701236047002,\"north\":55.0583836008072,\"west\":5.8663152683722},\"administrativeUnitSuborder\":[\"Earth\",\"Europe\",\"Federal Republic of Germany\"],\"provenance\":{\"description\":\"administrative unit created by user (accepting the suggestion of the geonames API , which was created on basis of a geometric shape input)\",\"id\":23}},{\"name\":\"Nordrhein-Westfalen\",\"geonameId\":2861876,\"bbox\":{\"east\":9.46147836912997,\"south\":50.3230119525423,\"north\":52.5314434279375,\"west\":5.86625035072566},\"administrativeUnitSuborder\":[\"Earth\",\"Europe\",\"Federal Republic of Germany\",\"Nordrhein-Westfalen\"],\"provenance\":{\"description\":\"administrative unit created by user (accepting the suggestion of the geonames API , which was created on basis of a geometric shape input)\",\"id\":23}}]'),
(28,'','geoMetadata::spatialProperties','{\"type\":\"FeatureCollection\",\"features\":[{\"type\":\"Feature\",\"properties\":{\"provenance\":{\"description\":\"geometric shape created by user (accepting the suggestion of the leaflet-control-geocoder)\",\"id\":13}},\"geometry\":{\"type\":\"Polygon\",\"coordinates\":[[[7.3493347,51.4105176],[7.3493347,51.5313721],[7.1020817,51.5313721],[7.1020817,51.4105176],[7.3493347,51.4105176]]]}}],\"administrativeUnits\":[{\"name\":\"Earth\",\"geonameId\":6295630,\"bbox\":\"not available\",\"administrativeUnitSuborder\":[\"Earth\"],\"provenance\":{\"description\":\"administrative unit created by user (accepting the suggestion of the geonames API , which was created on basis of a geometric shape input)\",\"id\":23}},{\"name\":\"Europe\",\"geonameId\":6255148,\"bbox\":{\"east\":41.73303985595703,\"south\":27.6377894797159,\"north\":80.76416015625,\"west\":-24.532675386662543},\"administrativeUnitSuborder\":[\"Earth\",\"Europe\"],\"provenance\":{\"description\":\"administrative unit created by user (accepting the suggestion of the geonames API , which was created on basis of a geometric shape input)\",\"id\":23}},{\"name\":\"Federal Republic of Germany\",\"geonameId\":2921044,\"bbox\":{\"east\":15.0418156516163,\"south\":47.2701236047002,\"north\":55.0583836008072,\"west\":5.8663152683722},\"administrativeUnitSuborder\":[\"Earth\",\"Europe\",\"Federal Republic of Germany\"],\"provenance\":{\"description\":\"administrative unit created by user (accepting the suggestion of the geonames API , which was created on basis of a geometric shape input)\",\"id\":23}},{\"name\":\"Nordrhein-Westfalen\",\"geonameId\":2861876,\"bbox\":{\"east\":9.46147836912997,\"south\":50.3230119525423,\"north\":52.5314434279375,\"west\":5.86625035072566},\"administrativeUnitSuborder\":[\"Earth\",\"Europe\",\"Federal Republic of Germany\",\"Nordrhein-Westfalen\"],\"provenance\":{\"description\":\"administrative unit created by user (accepting the suggestion of the geonames API , which was created on basis of a geometric shape input)\",\"id\":23}}],\"temporalProperties\":{\"timePeriods\":[\"{2015-08-11..2015-08-11}\"],\"provenance\":{\"description\":\"temporal properties created by user\",\"id\":31}}}'),
(28,'','geoMetadata::timePeriods','{2015-08-11..2015-08-11}'),
(28,'','issueId','3'),
(28,'en_US','abstract','<p>In summertime and during heat events the urban heat island can negatively impact public health in urban areas. In the context of climate change, climate adaptation receives more attention in urban planning. Microscale urban climate modelling can identify risk areas and evaluate adaptation strategies. Concurrently, evaluating the model results with observational data is essential. So far, model evaluation is mostly limited to short-term field campaigns or a small number of stations. This study uses novel crowdsourcing data from Netatmo citizen weather stations (CWS) to evaluate the urban microscale model PALM for a hot day (Tmax ≥ 30&nbsp;°C) in Bochum in western Germany with anticyclonic atmospheric conditions. Urban-rural air temperature differences are represented by the model. A quality control procedure is applied to the crowdsourced data prior to evaluation. The comparison between the model and the crowdsourced air temperature data reveals a good model performance with a high coefficient of determination (R2) of 0.86 to 0.88 and a root mean squared error (RMSE) around 2&nbsp;K. Model accuracy shows a temporal pattern and night-time air temperatures during the night are underestimated by the model, likely due to unresolved cloud cover. The crowdsourced air temperature data proved valuable for model evaluation due to the high number of stations within urban areas. Nevertheless, weaknesses related to data quality such as radiation errors must be considered during model evaluation and only the information derived from multiple stations is suitable for model evaluation. The procedure presented here can easily be transferred to planning processes as the model and the crowdsourced air temperature data are freely available. This can contribute to making informed decisions for climate adaptation in urban areas.</p>'),
(28,'en_US','copyrightHolder','geoMetadata Demo Journal'),
(28,'en_US','coverage','Earth, Europe, Federal Republic of Germany, Nordrhein-Westfalen'),
(28,'en_US','prefix',''),
(28,'en_US','subtitle',''),
(28,'en_US','title','Crowdsourcing air temperature data for the evaluation of the urban microscale model PALM—a case study in central Europe	'),
(29,'','categoryIds','[]'),
(29,'','copyrightYear','2024'),
(29,'','geoMetadata::administrativeUnit','[{\"name\":\"Earth\",\"geonameId\":6295630,\"bbox\":\"not available\",\"administrativeUnitSuborder\":[\"Earth\"],\"provenance\":{\"description\":\"administrative unit created by user (accepting the suggestion of the geonames API , which was created on basis of a geometric shape input)\",\"id\":23}},{\"name\":\"Bangladesh\",\"geonameId\":1210997,\"bbox\":{\"east\":92.6801154,\"south\":20.575585799000002,\"north\":26.633913900000003,\"west\":88.00861420000001},\"administrativeUnitSuborder\":[\"Earth\",\"Asia\",\"Bangladesh\"],\"provenance\":{\"description\":\"administrative unit created by user (accepting the suggestion of the geonames API , which was created on basis of a geometric shape input)\",\"id\":23}},{\"name\":\"Sylhet Division\",\"geonameId\":1477362,\"bbox\":{\"east\":92.49423000000024,\"south\":23.977570000000185,\"north\":25.202390000000207,\"west\":90.92964399000016},\"administrativeUnitSuborder\":[\"Earth\",\"Asia\",\"Bangladesh\",\"Sylhet Division\"],\"provenance\":{\"description\":\"administrative unit created by user (accepting the suggestion of the geonames API , which was created on basis of a geometric shape input)\",\"id\":23}},{\"name\":\"Sylhet\",\"geonameId\":1337189,\"bbox\":{\"east\":92.49698445750016,\"south\":24.59541149750015,\"north\":25.187381047500196,\"west\":91.63241057250019},\"administrativeUnitSuborder\":[\"Earth\",\"Asia\",\"Bangladesh\",\"Sylhet Division\",\"Sylhet\"],\"provenance\":{\"description\":\"administrative unit created by user (accepting the suggestion of the geonames API , which was created on basis of a geometric shape input)\",\"id\":23}},{\"name\":\"Sylhet S.\",\"geonameId\":7647202,\"bbox\":{\"east\":92.0106537650002,\"south\":24.86306694000018,\"north\":25.02060654500019,\"west\":91.69334613250021},\"administrativeUnitSuborder\":[\"Earth\",\"Asia\",\"Bangladesh\",\"Sylhet Division\",\"Sylhet\",\"Sylhet S.\"],\"provenance\":{\"description\":\"administrative unit created by user (accepting the suggestion of the geonames API , which was created on basis of a geometric shape input)\",\"id\":23}}]'),
(29,'','geoMetadata::spatialProperties','{\"type\":\"FeatureCollection\",\"features\":[{\"type\":\"Feature\",\"properties\":{\"provenance\":{\"description\":\"geometric shape created by user (drawing)\",\"id\":11}},\"geometry\":{\"type\":\"Polygon\",\"coordinates\":[[[91.8316161632538,24.915445949712083],[91.83159470558168,24.91367502086905],[91.83187365531923,24.913713942655342],[91.83157324790956,24.911514842475945],[91.83256030082704,24.91096992663671],[91.832731962204,24.912410056129527],[91.83316111564636,24.912410056129527],[91.83382630348206,24.914920511938842],[91.83423399925232,24.914959433332147],[91.83479189872743,24.917294694454615],[91.83473825454713,24.920476416570708],[91.83902978897095,24.925769374845814],[91.83958768844606,24.926353143096243],[91.84091806411745,24.926353143096243],[91.84027433395387,24.929116275307],[91.83744192123415,24.929077358381914],[91.83624029159546,24.928571437237952],[91.83722734451295,24.927053661348005],[91.83641195297243,24.92650881416285],[91.83486700057983,24.927481753875647],[91.83332204818727,24.927481753875647],[91.83151960372926,24.92650881416285],[91.82744264602663,24.927287166547366],[91.82636976242067,24.924718585029428],[91.82581186294556,24.92432940134325],[91.8258547782898,24.922500221563205],[91.82782888412477,24.92269481644665],[91.82830095291138,24.915728128333175],[91.8316161632538,24.915445949712083]]]}}],\"administrativeUnits\":[{\"name\":\"Earth\",\"geonameId\":6295630,\"bbox\":\"not available\",\"administrativeUnitSuborder\":[\"Earth\"],\"provenance\":{\"description\":\"administrative unit created by user (accepting the suggestion of the geonames API , which was created on basis of a geometric shape input)\",\"id\":23}},{\"name\":\"Bangladesh\",\"geonameId\":1210997,\"bbox\":{\"east\":92.6801154,\"south\":20.575585799000002,\"north\":26.633913900000003,\"west\":88.00861420000001},\"administrativeUnitSuborder\":[\"Earth\",\"Asia\",\"Bangladesh\"],\"provenance\":{\"description\":\"administrative unit created by user (accepting the suggestion of the geonames API , which was created on basis of a geometric shape input)\",\"id\":23}},{\"name\":\"Sylhet Division\",\"geonameId\":1477362,\"bbox\":{\"east\":92.49423000000024,\"south\":23.977570000000185,\"north\":25.202390000000207,\"west\":90.92964399000016},\"administrativeUnitSuborder\":[\"Earth\",\"Asia\",\"Bangladesh\",\"Sylhet Division\"],\"provenance\":{\"description\":\"administrative unit created by user (accepting the suggestion of the geonames API , which was created on basis of a geometric shape input)\",\"id\":23}},{\"name\":\"Sylhet\",\"geonameId\":1337189,\"bbox\":{\"east\":92.49698445750016,\"south\":24.59541149750015,\"north\":25.187381047500196,\"west\":91.63241057250019},\"administrativeUnitSuborder\":[\"Earth\",\"Asia\",\"Bangladesh\",\"Sylhet Division\",\"Sylhet\"],\"provenance\":{\"description\":\"administrative unit created by user (accepting the suggestion of the geonames API , which was created on basis of a geometric shape input)\",\"id\":23}},{\"name\":\"Sylhet S.\",\"geonameId\":7647202,\"bbox\":{\"east\":92.0106537650002,\"south\":24.86306694000018,\"north\":25.02060654500019,\"west\":91.69334613250021},\"administrativeUnitSuborder\":[\"Earth\",\"Asia\",\"Bangladesh\",\"Sylhet Division\",\"Sylhet\",\"Sylhet S.\"],\"provenance\":{\"description\":\"administrative unit created by user (accepting the suggestion of the geonames API , which was created on basis of a geometric shape input)\",\"id\":23}}],\"temporalProperties\":{\"timePeriods\":[\"{1985..1995-06}\"],\"provenance\":{\"description\":\"temporal properties created by user\",\"id\":31}}}'),
(29,'','geoMetadata::timePeriods','{1985..1995-06}'),
(29,'','issueId','3'),
(29,'en_US','abstract','<p>Host-parasite interactions are impacted by climate, which may result variation of parasitism across landscapes and time. Understanding how parasitism varies across these spatio-temporal scales is crucial to predicting how organism will respond to and cope under a rapidly changing climate. Empirical work on how parasitism varies across climates is limited. Here, we examine the variation of parasitism across seasons and identify the likely climatic factors that explain this variation using Agriocnemis femina damselflies and Arrenurus water mite ectoparasites as host-parasite study system. We assessed parasitism in a natural population in a subtropical climate between 2021-2023 and calculated prevalence (percentage of infected individuals) and intensity (the number of parasites on an infected individual) of parasitism across different seasons. Parasite prevalence and intensity were greater during cooler seasons (autumn and winter) compared to hotter seasons (spring and summer). Mean temperature and precipitation were negatively correlated with parasite prevalence whereas only mean precipitation was negatively correlated with parasite intensity. Tropical, Subtropical and Mediterranean countries are predicted to experience extreme climatic events (extreme temperature, less precipitation and frequent drought) as a consequence of anthropogenic climate change, and our finding suggests that this could increase parasitism in aquatic insects.</p>'),
(29,'en_US','copyrightHolder','geoMetadata Demo Journal'),
(29,'en_US','coverage','Earth, Bangladesh, Sylhet Division, Sylhet, Sylhet S.'),
(29,'en_US','prefix',''),
(29,'en_US','subtitle',''),
(29,'en_US','title','Cooler and drier conditions increase parasitism in subtropical damselfly populations'),
(30,'','categoryIds','[]'),
(30,'','copyrightYear','2024'),
(30,'','geoMetadata::administrativeUnit','[{\"name\":\"Earth\",\"geonameId\":6295630,\"bbox\":\"not available\",\"administrativeUnitSuborder\":[\"Earth\"],\"provenance\":{\"description\":\"administrative unit created by user (accepting the suggestion of the geonames API , which was created on basis of a geometric shape input)\",\"id\":23}},{\"name\":\"Europe\",\"geonameId\":6255148,\"bbox\":{\"east\":41.73303985595703,\"south\":27.6377894797159,\"north\":80.76416015625,\"west\":-24.532675386662543},\"administrativeUnitSuborder\":[\"Earth\",\"Europe\"],\"provenance\":{\"description\":\"administrative unit created by user (accepting the suggestion of the geonames API , which was created on basis of a geometric shape input)\",\"id\":23}}]'),
(30,'','geoMetadata::spatialProperties','{\"type\":\"FeatureCollection\",\"features\":[{\"type\":\"Feature\",\"properties\":{\"provenance\":{\"description\":\"geometric shape created by user (accepting the suggestion of the leaflet-control-geocoder)\",\"id\":13}},\"geometry\":{\"type\":\"Polygon\",\"coordinates\":[[[24.145783,49.0020468],[24.145783,55.03605],[14.0696389,55.03605],[14.0696389,49.0020468],[24.145783,49.0020468]]]}}],\"administrativeUnits\":[{\"name\":\"Earth\",\"geonameId\":6295630,\"bbox\":\"not available\",\"administrativeUnitSuborder\":[\"Earth\"],\"provenance\":{\"description\":\"administrative unit created by user (accepting the suggestion of the geonames API , which was created on basis of a geometric shape input)\",\"id\":23}},{\"name\":\"Europe\",\"geonameId\":6255148,\"bbox\":{\"east\":41.73303985595703,\"south\":27.6377894797159,\"north\":80.76416015625,\"west\":-24.532675386662543},\"administrativeUnitSuborder\":[\"Earth\",\"Europe\"],\"provenance\":{\"description\":\"administrative unit created by user (accepting the suggestion of the geonames API , which was created on basis of a geometric shape input)\",\"id\":23}}],\"temporalProperties\":{\"timePeriods\":[\"2005-01-01..2023-12-31\"],\"provenance\":{\"description\":\"temporal properties created by user\",\"id\":31}}}'),
(30,'','geoMetadata::timePeriods','{2005-01-01..2023-12-31}'),
(30,'','issueId','3'),
(30,'en_US','abstract','<p>This study employs a Nonlinear Autoregressive with&nbsp;eXogenous inputs (NARX) neural network to model the&nbsp;dynamics of the housing construction market in Poland,&nbsp;with a distinction made between segments of developers&nbsp;and individual investors. The dataset under analysis&nbsp;contains the 19-year data corresponding to the numbers&nbsp;of housing units approved for construction, under&nbsp;construction, and completed. The NARX model was&nbsp;calibrated thoroughly to suit unique characteristics of&nbsp;the data, with an emphasisputon the hidden layer size&nbsp;and delay parameters, to capture the estate market\'s&nbsp;nonlinear trends. Results show a very high efficiency of&nbsp;NARX models and highlight distinct patterns and&nbsp;dynamics in the housing completion, construction starts,&nbsp;and permit issuance between the two market segments.&nbsp;These variations are vital&nbsp;for understanding the distinct&nbsp;forces and trends shaping the developers’ and individual&nbsp;investors’ markets in the Polish housing sector. Findings&nbsp;of the analysis provide valuable insight into the nuanced&nbsp;functioning of these market segments.</p>'),
(30,'en_US','copyrightHolder','geoMetadata Demo Journal'),
(30,'en_US','coverage','Earth, Europe'),
(30,'en_US','prefix',''),
(30,'en_US','subtitle',''),
(30,'en_US','title','Analysis of the Housing Market Dynamics Using NARX Neural Network	'),
(31,'','categoryIds','[]'),
(31,'','copyrightYear','2024'),
(31,'','geoMetadata::administrativeUnit','[{\"name\":\"Earth\",\"geonameId\":6295630,\"bbox\":\"not available\",\"administrativeUnitSuborder\":[\"Earth\"],\"provenance\":{\"description\":\"administrative unit created by user (accepting the suggestion of the geonames API , which was created on basis of a geometric shape input)\",\"id\":23}},{\"name\":\"Europe\",\"geonameId\":6255148,\"bbox\":{\"east\":41.73303985595703,\"south\":27.6377894797159,\"north\":80.76416015625,\"west\":-24.532675386662543},\"administrativeUnitSuborder\":[\"Earth\",\"Europe\"],\"provenance\":{\"description\":\"administrative unit created by user (accepting the suggestion of the geonames API , which was created on basis of a geometric shape input)\",\"id\":23}},{\"name\":\"Hellenic Republic\",\"geonameId\":390903,\"bbox\":{\"east\":29.642984894413,\"south\":34.8020663391466,\"north\":41.7484999849641,\"west\":19.3736035624134},\"administrativeUnitSuborder\":[\"Earth\",\"Europe\",\"Hellenic Republic\"],\"provenance\":{\"description\":\"administrative unit created by user (accepting the suggestion of the geonames API , which was created on basis of a geometric shape input)\",\"id\":23}},{\"name\":\"South Aegean\",\"geonameId\":6697808,\"bbox\":{\"east\":29.64298489441297,\"south\":35.33989500925812,\"north\":37.99954083494794,\"west\":24.100595978710178},\"administrativeUnitSuborder\":[\"Earth\",\"Europe\",\"Hellenic Republic\",\"South Aegean\"],\"provenance\":{\"description\":\"administrative unit created by user (accepting the suggestion of the geonames API , which was created on basis of a geometric shape input)\",\"id\":23}},{\"name\":\"Nomos Kykladon\",\"geonameId\":259819,\"bbox\":{\"east\":26.08588446222794,\"south\":36.2205594127803,\"north\":37.99867865841338,\"west\":24.101057126983136},\"administrativeUnitSuborder\":[\"Earth\",\"Europe\",\"Hellenic Republic\",\"South Aegean\",\"Nomos Kykladon\"],\"provenance\":{\"description\":\"administrative unit created by user (accepting the suggestion of the geonames API , which was created on basis of a geometric shape input)\",\"id\":23}}]'),
(31,'','geoMetadata::spatialProperties','{\"type\":\"FeatureCollection\",\"features\":[{\"type\":\"Feature\",\"properties\":{\"provenance\":{\"description\":\"geometric shape created by user (accepting the suggestion of the leaflet-control-geocoder)\",\"id\":13}},\"geometry\":{\"type\":\"Polygon\",\"coordinates\":[[[25.4878919,36.3321735],[25.4878919,36.482206],[25.3538553,36.482206],[25.3538553,36.3321735],[25.4878919,36.3321735]]]}}],\"administrativeUnits\":[{\"name\":\"Earth\",\"geonameId\":6295630,\"bbox\":\"not available\",\"administrativeUnitSuborder\":[\"Earth\"],\"provenance\":{\"description\":\"administrative unit created by user (accepting the suggestion of the geonames API , which was created on basis of a geometric shape input)\",\"id\":23}},{\"name\":\"Europe\",\"geonameId\":6255148,\"bbox\":{\"east\":41.73303985595703,\"south\":27.6377894797159,\"north\":80.76416015625,\"west\":-24.532675386662543},\"administrativeUnitSuborder\":[\"Earth\",\"Europe\"],\"provenance\":{\"description\":\"administrative unit created by user (accepting the suggestion of the geonames API , which was created on basis of a geometric shape input)\",\"id\":23}},{\"name\":\"Hellenic Republic\",\"geonameId\":390903,\"bbox\":{\"east\":29.642984894413,\"south\":34.8020663391466,\"north\":41.7484999849641,\"west\":19.3736035624134},\"administrativeUnitSuborder\":[\"Earth\",\"Europe\",\"Hellenic Republic\"],\"provenance\":{\"description\":\"administrative unit created by user (accepting the suggestion of the geonames API , which was created on basis of a geometric shape input)\",\"id\":23}},{\"name\":\"South Aegean\",\"geonameId\":6697808,\"bbox\":{\"east\":29.64298489441297,\"south\":35.33989500925812,\"north\":37.99954083494794,\"west\":24.100595978710178},\"administrativeUnitSuborder\":[\"Earth\",\"Europe\",\"Hellenic Republic\",\"South Aegean\"],\"provenance\":{\"description\":\"administrative unit created by user (accepting the suggestion of the geonames API , which was created on basis of a geometric shape input)\",\"id\":23}},{\"name\":\"Nomos Kykladon\",\"geonameId\":259819,\"bbox\":{\"east\":26.08588446222794,\"south\":36.2205594127803,\"north\":37.99867865841338,\"west\":24.101057126983136},\"administrativeUnitSuborder\":[\"Earth\",\"Europe\",\"Hellenic Republic\",\"South Aegean\",\"Nomos Kykladon\"],\"provenance\":{\"description\":\"administrative unit created by user (accepting the suggestion of the geonames API , which was created on basis of a geometric shape input)\",\"id\":23}}],\"temporalProperties\":{\"timePeriods\":[\"{2018-05..2018-10}\"],\"provenance\":{\"description\":\"temporal properties created by user\",\"id\":31}}}'),
(31,'','geoMetadata::timePeriods','{2018-05..2018-10}'),
(31,'','issueId','3'),
(31,'en_US','abstract','<p>Plutonic xenoliths from volcanic arcs provide unique insights into transcrustal magmatic systems in subduction zone settings. At Santorini volcano in the Central Aegean Volcanic Arc (Greece), plutonic xenoliths occur throughout a sequence of lavas and pyroclastic rocks erupted within the last ~360 ka. They are mineralogically variable, ranging from troctolites to olivine gabbros, gabbros, gabbronorites, and diorites. Thermobarometric calculations based on mineral and melt inclusion compositions indicate equilibration over a range of temperatures (1100 to 750 °C) at shallow to mid-crustal depths (P &lt;400 MPa), but there is no evidence for crystallisation at lower crustal depths. Oxygen isotope data of mineral separates and calculated δ<sup>18</sup>O melt values are in line with extensive closed-system fractional crystallisation at magmatic temperatures, without a requirement for extensive assimilation of the subvolcanic continental basement. The xenolith minerals compositionally overlap with phenocrysts from the volcanic rocks, but they also contain evidence for the presence of highly evolved melt compositions in the form of melt inclusions with extremely silica-rich compositions (up to 82 wt.% SiO<sub>2</sub>) and high enrichments of incompatible trace elements coupled with increasing negative Eu anomalies in clinopyroxenes. Since these characteristics correlate systematically with differentiation indices and rock type, they are interpreted to reflect melt evolution via fractional crystallisation as the dominant differentiation process with no significant role of reactive porous flow. These observations highlight that trapped melt fractions can influence mineral compositional variations in the plutonic xenoliths, and in turn the mineral compositions demonstrate a melt compositional variability not preserved in the volcanic rock record.</p>'),
(31,'en_US','copyrightHolder','geoMetadata Demo Journal'),
(31,'en_US','coverage','Earth, Europe, Hellenic Republic, South Aegean, Nomos Kykladon'),
(31,'en_US','prefix',''),
(31,'en_US','subtitle',''),
(31,'en_US','title','A record of magmatic differentiation in plutonic xenoliths from Santorini (Greece)	'),
(32,'','categoryIds','[]'),
(32,'','copyrightYear','2024'),
(32,'','geoMetadata::administrativeUnit','[{\"name\":\"Earth\",\"geonameId\":6295630,\"bbox\":\"not available\",\"administrativeUnitSuborder\":[\"Earth\"],\"provenance\":{\"description\":\"administrative unit created by user (accepting the suggestion of the geonames API , which was created on basis of a geometric shape input)\",\"id\":23}},{\"name\":\"Europe\",\"geonameId\":6255148,\"bbox\":{\"east\":41.73303985595703,\"south\":27.6377894797159,\"north\":80.76416015625,\"west\":-24.532675386662543},\"administrativeUnitSuborder\":[\"Earth\",\"Europe\"],\"provenance\":{\"description\":\"administrative unit created by user (accepting the suggestion of the geonames API , which was created on basis of a geometric shape input)\",\"id\":23}},{\"name\":\"Kingdom of Denmark\",\"geonameId\":2623032,\"bbox\":{\"east\":15.197371697693196,\"south\":54.5590783718363,\"north\":57.75257255234523,\"west\":8.07250975308422},\"administrativeUnitSuborder\":[\"Earth\",\"Europe\",\"Kingdom of Denmark\"],\"provenance\":{\"description\":\"administrative unit created by user (accepting the suggestion of the geonames API , which was created on basis of a geometric shape input)\",\"id\":23}},{\"name\":\"Region Midtjylland\",\"geonameId\":6418539,\"bbox\":{\"east\":11.6583535131879,\"south\":55.668847362851,\"north\":56.8466485646054,\"west\":8.09764923376927},\"administrativeUnitSuborder\":[\"Earth\",\"Europe\",\"Kingdom of Denmark\",\"Region Midtjylland\"],\"provenance\":{\"description\":\"administrative unit created by user (accepting the suggestion of the geonames API , which was created on basis of a geometric shape input)\",\"id\":23}},{\"name\":\"Lemvig Kommune\",\"geonameId\":2617811,\"bbox\":{\"east\":8.52476162556013,\"south\":56.3473824197427,\"north\":56.7105815577427,\"west\":8.1152424971482},\"administrativeUnitSuborder\":[\"Earth\",\"Europe\",\"Kingdom of Denmark\",\"Region Midtjylland\",\"Lemvig Kommune\"],\"provenance\":{\"description\":\"administrative unit created by user (accepting the suggestion of the geonames API , which was created on basis of a geometric shape input)\",\"id\":23}}]'),
(32,'','geoMetadata::spatialProperties','{\"type\":\"FeatureCollection\",\"features\":[{\"type\":\"Feature\",\"properties\":{\"provenance\":{\"description\":\"geometric shape created by user (accepting the suggestion of the leaflet-control-geocoder)\",\"id\":13}},\"geometry\":{\"type\":\"Polygon\",\"coordinates\":[[[8.300314,56.5631286],[8.300314,56.6031286],[8.260314,56.6031286],[8.260314,56.5631286],[8.300314,56.5631286]]]}}],\"administrativeUnits\":[{\"name\":\"Earth\",\"geonameId\":6295630,\"bbox\":\"not available\",\"administrativeUnitSuborder\":[\"Earth\"],\"provenance\":{\"description\":\"administrative unit created by user (accepting the suggestion of the geonames API , which was created on basis of a geometric shape input)\",\"id\":23}},{\"name\":\"Europe\",\"geonameId\":6255148,\"bbox\":{\"east\":41.73303985595703,\"south\":27.6377894797159,\"north\":80.76416015625,\"west\":-24.532675386662543},\"administrativeUnitSuborder\":[\"Earth\",\"Europe\"],\"provenance\":{\"description\":\"administrative unit created by user (accepting the suggestion of the geonames API , which was created on basis of a geometric shape input)\",\"id\":23}},{\"name\":\"Kingdom of Denmark\",\"geonameId\":2623032,\"bbox\":{\"east\":15.197371697693196,\"south\":54.5590783718363,\"north\":57.75257255234523,\"west\":8.07250975308422},\"administrativeUnitSuborder\":[\"Earth\",\"Europe\",\"Kingdom of Denmark\"],\"provenance\":{\"description\":\"administrative unit created by user (accepting the suggestion of the geonames API , which was created on basis of a geometric shape input)\",\"id\":23}},{\"name\":\"Region Midtjylland\",\"geonameId\":6418539,\"bbox\":{\"east\":11.6583535131879,\"south\":55.668847362851,\"north\":56.8466485646054,\"west\":8.09764923376927},\"administrativeUnitSuborder\":[\"Earth\",\"Europe\",\"Kingdom of Denmark\",\"Region Midtjylland\"],\"provenance\":{\"description\":\"administrative unit created by user (accepting the suggestion of the geonames API , which was created on basis of a geometric shape input)\",\"id\":23}},{\"name\":\"Lemvig Kommune\",\"geonameId\":2617811,\"bbox\":{\"east\":8.52476162556013,\"south\":56.3473824197427,\"north\":56.7105815577427,\"west\":8.1152424971482},\"administrativeUnitSuborder\":[\"Earth\",\"Europe\",\"Kingdom of Denmark\",\"Region Midtjylland\",\"Lemvig Kommune\"],\"provenance\":{\"description\":\"administrative unit created by user (accepting the suggestion of the geonames API , which was created on basis of a geometric shape input)\",\"id\":23}}],\"temporalProperties\":{\"timePeriods\":[],\"provenance\":{\"description\":\"not available\",\"id\":\"not available\"}}}'),
(32,'','geoMetadata::timePeriods',''),
(32,'','issueId','3'),
(32,'en_US','abstract','<p>Raised beach ridges are prograded sequences of wave-built deposits that may provide valuable information about past relative sea-level changes, climate change and coastal evolution. In the Limfjord in northern Denmark, the Early and Middle Holocene sea-level changes are well-constrained. However, our understanding of Late Holocene sea-level fluctuations is limited, and the exact period when the coastal barrier between the Limfjord and the North Sea formed remains uncertain. In this study, we use optically stimulated luminescence (OSL) dating to determine the age of raised beach ridges at Gjellerodde in the western part of the Limfjord. The OSL ages presented here indicate that the beach ridges formed during three periods at 3.3–2.7, 1.4–1.0, 0.2–0.1 ka. In addition our data suggest a&nbsp;<em>c.</em>&nbsp;0.2 mm/yr relative sea-level fall during the Late Holocene. The three distinct periods of beach-ridge formation coincide with periods when the Limfjord was open towards the North Sea as documented in historical records and marine records. This suggests that OSL dating of beach ridges can be used as a potential indicator for determining when the connection between the Limfjord and the North Sea was open in the Late Holocene.</p>'),
(32,'en_US','copyrightHolder','geoMetadata Demo Journal'),
(32,'en_US','coverage','Earth, Europe, Kingdom of Denmark, Region Midtjylland, Lemvig Kommune'),
(32,'en_US','prefix',''),
(32,'en_US','subtitle',''),
(32,'en_US','title','Beach-ridge formation as a possible indicator for an open Limfjord – North Sea connection	'),
(33,'','categoryIds','[]'),
(33,'','copyrightYear','2025'),
(33,'','geoMetadata::administrativeUnit','[{\"name\":\"Earth\",\"geonameId\":6295630,\"bbox\":\"not available\",\"administrativeUnitSuborder\":[\"Earth\"],\"provenance\":{\"description\":\"administrative unit created by user (accepting the suggestion of the geonames API , which was created on basis of a geometric shape input)\",\"id\":23}},{\"name\":\"Republic of Indonesia\",\"geonameId\":1643084,\"bbox\":{\"east\":141.0194,\"south\":-11.0076151,\"north\":6.076930000000061,\"west\":95.0111465000001},\"administrativeUnitSuborder\":[\"Earth\",\"Asia\",\"Republic of Indonesia\"],\"provenance\":{\"description\":\"administrative unit created by user (accepting the suggestion of the geonames API , which was created on basis of a geometric shape input)\",\"id\":23}},{\"name\":\"Sulawesi Tenggara\",\"geonameId\":1626230,\"bbox\":{\"east\":124.619682,\"south\":-6.323765,\"north\":-2.709969,\"west\":120.858788},\"administrativeUnitSuborder\":[\"Earth\",\"Asia\",\"Republic of Indonesia\",\"Sulawesi Tenggara\"],\"provenance\":{\"description\":\"administrative unit created by user (accepting the suggestion of the geonames API , which was created on basis of a geometric shape input)\",\"id\":23}},{\"name\":\"Kabupaten Kolaka\",\"geonameId\":1639753,\"bbox\":{\"east\":121.8055227000001,\"south\":-4.592007699999954,\"north\":-3.611488399999928,\"west\":121.10545230000002},\"administrativeUnitSuborder\":[\"Earth\",\"Asia\",\"Republic of Indonesia\",\"Sulawesi Tenggara\",\"Kabupaten Kolaka\"],\"provenance\":{\"description\":\"administrative unit created by user (accepting the suggestion of the geonames API , which was created on basis of a geometric shape input)\",\"id\":23}},{\"name\":\"Maros\",\"geonameId\":6965846,\"bbox\":{\"east\":121.35271455399234,\"south\":-3.920793648751427,\"north\":-3.902806351248573,\"west\":121.33468544600765},\"administrativeUnitSuborder\":[\"Earth\",\"Asia\",\"Republic of Indonesia\",\"Sulawesi Tenggara\",\"Kabupaten Kolaka\",\"Maros\"],\"provenance\":{\"description\":\"administrative unit created by user (accepting the suggestion of the geonames API , which was created on basis of a geometric shape input)\",\"id\":23}}]'),
(33,'','geoMetadata::spatialProperties','{\"type\":\"FeatureCollection\",\"features\":[{\"type\":\"Feature\",\"properties\":{\"provenance\":{\"description\":\"geometric shape created by user (drawing)\",\"id\":11}},\"geometry\":{\"type\":\"Point\",\"coordinates\":[121.34369641542438,-3.9118318544582156]}}],\"administrativeUnits\":[{\"name\":\"Earth\",\"geonameId\":6295630,\"bbox\":\"not available\",\"administrativeUnitSuborder\":[\"Earth\"],\"provenance\":{\"description\":\"administrative unit created by user (accepting the suggestion of the geonames API , which was created on basis of a geometric shape input)\",\"id\":23}},{\"name\":\"Republic of Indonesia\",\"geonameId\":1643084,\"bbox\":{\"east\":141.0194,\"south\":-11.0076151,\"north\":6.076930000000061,\"west\":95.0111465000001},\"administrativeUnitSuborder\":[\"Earth\",\"Asia\",\"Republic of Indonesia\"],\"provenance\":{\"description\":\"administrative unit created by user (accepting the suggestion of the geonames API , which was created on basis of a geometric shape input)\",\"id\":23}},{\"name\":\"Sulawesi Tenggara\",\"geonameId\":1626230,\"bbox\":{\"east\":124.619682,\"south\":-6.323765,\"north\":-2.709969,\"west\":120.858788},\"administrativeUnitSuborder\":[\"Earth\",\"Asia\",\"Republic of Indonesia\",\"Sulawesi Tenggara\"],\"provenance\":{\"description\":\"administrative unit created by user (accepting the suggestion of the geonames API , which was created on basis of a geometric shape input)\",\"id\":23}},{\"name\":\"Kabupaten Kolaka\",\"geonameId\":1639753,\"bbox\":{\"east\":121.8055227000001,\"south\":-4.592007699999954,\"north\":-3.611488399999928,\"west\":121.10545230000002},\"administrativeUnitSuborder\":[\"Earth\",\"Asia\",\"Republic of Indonesia\",\"Sulawesi Tenggara\",\"Kabupaten Kolaka\"],\"provenance\":{\"description\":\"administrative unit created by user (accepting the suggestion of the geonames API , which was created on basis of a geometric shape input)\",\"id\":23}},{\"name\":\"Maros\",\"geonameId\":6965846,\"bbox\":{\"east\":121.35271455399234,\"south\":-3.920793648751427,\"north\":-3.902806351248573,\"west\":121.33468544600765},\"administrativeUnitSuborder\":[\"Earth\",\"Asia\",\"Republic of Indonesia\",\"Sulawesi Tenggara\",\"Kabupaten Kolaka\",\"Maros\"],\"provenance\":{\"description\":\"administrative unit created by user (accepting the suggestion of the geonames API , which was created on basis of a geometric shape input)\",\"id\":23}}],\"temporalProperties\":{\"timePeriods\":[\"{2021-03-15..2022}\"],\"provenance\":{\"description\":\"temporal properties created by user\",\"id\":31}}}'),
(33,'','geoMetadata::timePeriods','{2021-03-15..2022}'),
(33,'','issueId','4'),
(33,'en_US','abstract','<p>Volcanic sediments are challenging to date with luminescence-based methods. Both main minerals used for dating—quartz and K-rich feldspar—commonly have suboptimal luminescence properties when of volcanic origins, primarily a low signal intensity and, for K-rich feldspars, high rates of anomalous fading. The present work provides a case study of the Leang Bulu Bettue (LBB) archaeological site in Indonesia, a key site in our understanding of the early human occupation of the island of Sulawesi, showing that currently available state-of-the-art methods can provide robust chronologies for volcanic sediments. Through various reliability tests, we establish the suitability of a post-IR IR stimulated luminescence (pIRIR) standardised growth curve (SGC) procedure for De estimation of ‘micro-aliquots’ containing 5–10 grains of K-rich feldspar and apply these methods together with dose rate estimates to determine 10 new reliable finite ages for the sedimentary deposits at LBB. Further, by applying the LnTn method to circumvent truncation of the De distribution caused by the non-linearity of the dose response curve in the higher dose range, we could extend the site’s chronology to span ~20–210 ka. The new chronology is in keeping with previous radiocarbon and U-series ages for the site’s upper layers. We show that the low fading rate of micro-aliquots relative to using large aliquots composed of hundreds of grains lies in a brightness-based selection. By targeting bright grains with low fading rates, the need for fading corrections is greatly reduced and they can be made with a smaller uncertainty propagated through into the final age estimate, resulting in optical ages of improved accuracy and precision for volcanic sediments.</p>'),
(33,'en_US','copyrightHolder','geoMetadata Demo Journal'),
(33,'en_US','coverage','Earth, Republic of Indonesia, Sulawesi Tenggara, Kabupaten Kolaka, Maros'),
(33,'en_US','prefix',''),
(33,'en_US','subtitle',''),
(33,'en_US','title','Survival of the brightest: pIRIR dating of volcanic sediments in Sulawesi, Indonesia, using micro-aliquots of K-rich feldspar	'),
(34,'','categoryIds','[]'),
(34,'','copyrightYear','2025'),
(34,'','geoMetadata::administrativeUnit','[{\"name\":\"Earth\",\"geonameId\":6295630,\"bbox\":\"not available\",\"administrativeUnitSuborder\":[\"Earth\"],\"provenance\":{\"description\":\"administrative unit created by user (accepting the suggestion of the geonames API , which was created on basis of a geometric shape input)\",\"id\":23}},{\"name\":\"Europe\",\"geonameId\":6255148,\"bbox\":{\"east\":41.73303985595703,\"south\":27.6377894797159,\"north\":80.76416015625,\"west\":-24.532675386662543},\"administrativeUnitSuborder\":[\"Earth\",\"Europe\"],\"provenance\":{\"description\":\"administrative unit created by user (accepting the suggestion of the geonames API , which was created on basis of a geometric shape input)\",\"id\":23}}]'),
(34,'','geoMetadata::spatialProperties','{\"type\":\"FeatureCollection\",\"features\":[{\"type\":\"Feature\",\"properties\":{\"provenance\":{\"description\":\"geometric shape created by user (drawing)\",\"id\":11}},\"geometry\":{\"type\":\"LineString\",\"coordinates\":[[8.356475830078127,49.65029270174143],[6.671447753906251,49.78569757629149],[5.884552001953126,48.68597418988793],[6.197662353515625,48.64606680622687],[7.586059570312501,47.57837853860192],[9.177703857421877,47.65660048985082],[9.989318847656252,48.40823770414508],[10.86822509765625,48.36081156428019],[12.076721191406252,49.00995159747052],[8.258972167968752,50.01568168937738]]}},{\"type\":\"Feature\",\"properties\":{\"provenance\":{\"description\":\"geometric shape created by user (drawing)\",\"id\":11}},\"geometry\":{\"type\":\"LineString\",\"coordinates\":[[8.219146728515627,50.00288451160003],[8.040618896484377,49.99935365599503],[8.836441040039064,51.774000954131346],[11.664733886718752,52.14444515792554],[9.685821533203127,50.630735556512526],[8.190307617187502,49.86100531802301]]}}],\"administrativeUnits\":[{\"name\":\"Earth\",\"geonameId\":6295630,\"bbox\":\"not available\",\"administrativeUnitSuborder\":[\"Earth\"],\"provenance\":{\"description\":\"administrative unit created by user (accepting the suggestion of the geonames API , which was created on basis of a geometric shape input)\",\"id\":23}},{\"name\":\"Europe\",\"geonameId\":6255148,\"bbox\":{\"east\":41.73303985595703,\"south\":27.6377894797159,\"north\":80.76416015625,\"west\":-24.532675386662543},\"administrativeUnitSuborder\":[\"Earth\",\"Europe\"],\"provenance\":{\"description\":\"administrative unit created by user (accepting the suggestion of the geonames API , which was created on basis of a geometric shape input)\",\"id\":23}}],\"temporalProperties\":{\"timePeriods\":[\"{-10000..-5000}{1065-01-01..1065-12-31}\"],\"provenance\":{\"description\":\"temporal properties created by user\",\"id\":31}}}'),
(34,'','geoMetadata::timePeriods','{-10000..-5000}{1065-01-01..1065-12-31}'),
(34,'','issueId','4'),
(34,'en_US','abstract','<p>Die Hauptstadt und das Land gehören für moderne Menschen untrennbar zusammen. Eines geht ohne das andere nicht. Bereits in der Grundschule lernen wir die entsprechenden Begriffspaare auswendig. In Hauptstädten wird Politik gemacht, sie sind die Schaltzentrale ihres Landes und der Ort, an dem das Parlament, viele wichtige Ministerien sowie ausländische Konsulate und Botschaften zu finden sind; meistens in einem eigenen Regierungsviertel. Für uns ist die Hauptstadt heute selbstverständlich ein Synonym für das Zentrum der Macht und für diejenigen, die politische Entscheidungen treffen. Demnach „entscheidet Berlin“, man fragt, „was Washington eigentlich denkt“, „welche Zusicherungen Moskau gemacht hat“ und was „Peking dazu sagt“.</p>'),
(34,'en_US','copyrightHolder','geoMetadata Demo Journal'),
(34,'en_US','coverage','Earth, Europe'),
(34,'en_US','prefix',''),
(34,'en_US','subtitle',''),
(34,'en_US','title','Herrschaft vom Pferderücken – Reisekönigtum zur Zeit Heinrichs IV.	'),
(35,'','categoryIds','[]'),
(35,'','copyrightYear','2025'),
(35,'','geoMetadata::administrativeUnit','[{\"name\":\"Earth\",\"geonameId\":6295630,\"bbox\":\"not available\",\"administrativeUnitSuborder\":[\"Earth\"],\"provenance\":{\"description\":\"administrative unit created by user (accepting the suggestion of the geonames API , which was created on basis of a geometric shape input)\",\"id\":23}}]'),
(35,'','geoMetadata::spatialProperties','{\"type\":\"FeatureCollection\",\"features\":[{\"type\":\"Feature\",\"properties\":{\"provenance\":{\"description\":\"geometric shape created by user (accepting the suggestion of the leaflet-control-geocoder)\",\"id\":13}},\"geometry\":{\"type\":\"Polygon\",\"coordinates\":[[[107.6349989,13.9096752],[107.6349989,22.5086717],[100.0843247,22.5086717],[100.0843247,13.9096752],[107.6349989,13.9096752]]]}}],\"administrativeUnits\":[{\"name\":\"Earth\",\"geonameId\":6295630,\"bbox\":\"not available\",\"administrativeUnitSuborder\":[\"Earth\"],\"provenance\":{\"description\":\"administrative unit created by user (accepting the suggestion of the geonames API , which was created on basis of a geometric shape input)\",\"id\":23}}],\"temporalProperties\":{\"timePeriods\":[\"{1900-06..1950}\"],\"provenance\":{\"description\":\"temporal properties created by user\",\"id\":31}}}'),
(35,'','geoMetadata::timePeriods','{1900-06..1950}'),
(35,'','issueId','4'),
(35,'en_US','abstract','<div class=\"item abstract\">\r\n<p>Drawing on ethnographic observations in Lao markets and bazaars, this article proposes a new and experimental framework for the analysis of multi-ethnic trading. It explores bazaars and trade as sites of the (re-)production of ethnicity through the perspective of gift exchange theory. On markets, transcultural differences can be identified and stabilized through the exchange of goods and money. This draws attention to the role of trade items as foci – and perhaps even as non-human agents – in the emergence of ethnicity and other forms of local identity. The value of items’ specific origins is thus linked to social structure. This helps us to see how the shaping of group identity can be better understood by considering how the goods they bring to market carry with them some features of the gift.</p>\r\n</div>'),
(35,'en_US','copyrightHolder','geoMetadata Demo Journal'),
(35,'en_US','coverage','Earth'),
(35,'en_US','prefix',''),
(35,'en_US','subtitle',''),
(35,'en_US','title','Goods and Ethnicity: Trade and Bazaars in Laos from a Gift Perspective; A Discussion'),
(40,'','categoryIds','[]'),
(40,'','copyrightYear','2025'),
(40,'','geoMetadata::administrativeUnit','[{\"name\":\"Earth\",\"geonameId\":6295630,\"provenance\":{\"description\":\"Administrative unit created by user (accepting the suggestion of the Geonames API, which was created on basis of a textual input).\",\"id\":21},\"bbox\":\"not available\",\"administrativeUnitSuborder\":[\"Earth\"]}]'),
(40,'','geoMetadata::spatialProperties','{\"type\":\"FeatureCollection\",\"features\":[],\"administrativeUnits\":[{\"name\":\"Earth\",\"geonameId\":6295630,\"provenance\":{\"description\":\"Administrative unit created by user (accepting the suggestion of the Geonames API, which was created on basis of a textual input).\",\"id\":21},\"bbox\":\"not available\",\"administrativeUnitSuborder\":[\"Earth\"]}],\"temporalProperties\":{\"timePeriods\":[],\"provenance\":{\"description\":\"not available\",\"id\":\"not available\"}}}'),
(40,'','geoMetadata::timePeriods',''),
(40,'','issueId','4'),
(40,'en_US','abstract','<p>Street networks are ubiquitous components of cities, guiding their development and enabling movement from place to place; street networks are also the critical components of many urban analytical methods. However, their graph representation is often designed primarily for transportation purposes. This representation is less suitable for other use cases where transportation networks need to be simplified as a mandatory pre-processing step, e.g., in the case of morphological analysis, visual navigation, or drone flight routing. While the urgent demand for automated pre-processing methods comes from various fields, it is still an unsolved challenge. In this article, we tackle this challenge by proposing a cheap computational heuristic for the identification of ``face artifacts, i.e., geometries that are enclosed by transportation edges but do not represent urban blocks. The heuristic is based on combining the frequency distributions of shape compactness metrics and area measurements of street network face polygons. We test our method on 131 globally sampled large cities and show that it successfully identifies face artifacts in 89% of analyzed cities. Our heuristic of detecting artifacts caused by data being collected for another purpose is the first step towards an automated street network simplification workflow. Moreover, the proposed face artifact index uncovers differences in structural rules guiding the development of cities in different world regions.</p>'),
(40,'en_US','copyrightHolder','geoMetadata Demo Journal'),
(40,'en_US','coverage','Earth'),
(40,'en_US','prefix',''),
(40,'en_US','subtitle',''),
(40,'en_US','title','A shape-based heuristic for the detection of urban block artifacts in street networks'),
(41,'','categoryIds','[]'),
(41,'','copyrightYear','2025'),
(41,'','geoMetadata::administrativeUnit','[{\"name\":\"Earth\",\"geonameId\":6295630,\"bbox\":\"not available\",\"administrativeUnitSuborder\":[\"Earth\"],\"provenance\":{\"description\":\"administrative unit created by user (accepting the suggestion of the geonames API , which was created on basis of a geometric shape input)\",\"id\":23}},{\"name\":\"Europe\",\"geonameId\":6255148,\"bbox\":{\"east\":41.73303985595703,\"south\":27.6377894797159,\"north\":80.76416015625,\"west\":-24.532675386662543},\"administrativeUnitSuborder\":[\"Earth\",\"Europe\"],\"provenance\":{\"description\":\"administrative unit created by user (accepting the suggestion of the geonames API , which was created on basis of a geometric shape input)\",\"id\":23}}]'),
(41,'','geoMetadata::spatialProperties','{\"type\":\"FeatureCollection\",\"features\":[{\"type\":\"Feature\",\"properties\":{\"provenance\":{\"description\":\"geometric shape created by user (accepting the suggestion of the leaflet-control-geocoder)\",\"id\":13}},\"geometry\":{\"type\":\"Polygon\",\"coordinates\":[[[14.7658159,51.359064],[14.7658159,53.5590907],[11.2657725,53.5590907],[11.2657725,51.359064],[14.7658159,51.359064]]]}}],\"administrativeUnits\":[{\"name\":\"Earth\",\"geonameId\":6295630,\"bbox\":\"not available\",\"administrativeUnitSuborder\":[\"Earth\"],\"provenance\":{\"description\":\"administrative unit created by user (accepting the suggestion of the geonames API , which was created on basis of a geometric shape input)\",\"id\":23}},{\"name\":\"Europe\",\"geonameId\":6255148,\"bbox\":{\"east\":41.73303985595703,\"south\":27.6377894797159,\"north\":80.76416015625,\"west\":-24.532675386662543},\"administrativeUnitSuborder\":[\"Earth\",\"Europe\"],\"provenance\":{\"description\":\"administrative unit created by user (accepting the suggestion of the geonames API , which was created on basis of a geometric shape input)\",\"id\":23}}],\"temporalProperties\":{\"timePeriods\":[\"{2008-01-01..2018-12-31}{2019..2019-12}\"],\"provenance\":{\"description\":\"temporal properties created by user\",\"id\":31}}}'),
(41,'','geoMetadata::timePeriods','{2008-01-01..2018-12-31}{2019..2019-12}'),
(41,'','issueId','4'),
(41,'en_US','abstract','<section class=\"item abstract\">\r\n<p>This study investigates the spatiotemporal dynamics of maize cultivation for biogas production in Brandenburg, Germany, from 2008 to 2018, employing a spatially explicit multicriteria analysis. By combining plot-level land-use data from the Integrated Administration and Control System (IACS) with biogas pnt information, we analyze the likelihood of maize cultivation for biogas at the plot level and find that maize for biogas accounts for over 5% of the total arable land in Brandenburg. We identify patterns of high concentration, particularly in the northwest of the region. The analysis also reveals a steady increase in maize cultivation, aligning with regulatory changes in the Renewable Energy Sources Act (EEG). These findings offer valuable insights into the spatial patterns and drivers of biogas maize production, providing a basis for future environmental and economic research. The study highlights the need for plot-level information to evaluate the effects of renewable energy policies on local land use.</p>\r\n</section>'),
(41,'en_US','copyrightHolder','geoMetadata Demo Journal'),
(41,'en_US','coverage','Earth, Europe'),
(41,'en_US','prefix',''),
(41,'en_US','subtitle',''),
(41,'en_US','title','German Renewable Energy Policies and Their Implications for Local Land Use – Maize for Biogas From 2008 - 2018 in Brandenburg'),
(42,'','categoryIds','[]'),
(42,'','copyrightYear','2025'),
(42,'','geoMetadata::administrativeUnit','[{\"name\":\"Earth\",\"geonameId\":6295630,\"bbox\":\"not available\",\"administrativeUnitSuborder\":[\"Earth\"],\"provenance\":{\"description\":\"administrative unit created by user (accepting the suggestion of the geonames API , which was created on basis of a geometric shape input)\",\"id\":23}},{\"name\":\"Europe\",\"geonameId\":6255148,\"bbox\":{\"east\":41.73303985595703,\"south\":27.6377894797159,\"north\":80.76416015625,\"west\":-24.532675386662543},\"administrativeUnitSuborder\":[\"Earth\",\"Europe\"],\"provenance\":{\"description\":\"administrative unit created by user (accepting the suggestion of the geonames API , which was created on basis of a geometric shape input)\",\"id\":23}},{\"name\":\"Federal Republic of Germany\",\"geonameId\":2921044,\"bbox\":{\"east\":15.0418156516163,\"south\":47.2701236047002,\"north\":55.0583836008072,\"west\":5.8663152683722},\"administrativeUnitSuborder\":[\"Earth\",\"Europe\",\"Federal Republic of Germany\"],\"provenance\":{\"description\":\"administrative unit created by user (accepting the suggestion of the geonames API , which was created on basis of a geometric shape input)\",\"id\":23}},{\"name\":\"Nordrhein-Westfalen\",\"geonameId\":2861876,\"bbox\":{\"east\":9.46147836912997,\"south\":50.3230119525423,\"north\":52.5314434279375,\"west\":5.86625035072566},\"administrativeUnitSuborder\":[\"Earth\",\"Europe\",\"Federal Republic of Germany\",\"Nordrhein-Westfalen\"],\"provenance\":{\"description\":\"administrative unit created by user (accepting the suggestion of the geonames API , which was created on basis of a geometric shape input)\",\"id\":23}}]'),
(42,'','geoMetadata::spatialProperties','{\"type\":\"FeatureCollection\",\"features\":[{\"type\":\"Feature\",\"properties\":{\"provenance\":{\"description\":\"geometric shape created by user (drawing)\",\"id\":11}},\"geometry\":{\"type\":\"Polygon\",\"coordinates\":[[[7.849731445312501,50.94804539355076],[8.135375976562502,50.90649688226162],[8.388061523437502,51.07937094724242],[8.651733398437502,51.16212186002124],[8.486938476562502,51.2928411273273],[8.695678710937502,51.51216124955517],[8.610534667968752,51.6469983484713],[8.324890136718752,51.681070878869825],[7.962341308593751,51.64018076739535],[7.775573730468751,51.56170488911645],[7.748107910156251,51.31516382328001],[7.594299316406251,51.29455864325789],[7.759094238281251,51.04657442107223],[7.849731445312501,50.94804539355076]]]}}],\"administrativeUnits\":[{\"name\":\"Earth\",\"geonameId\":6295630,\"bbox\":\"not available\",\"administrativeUnitSuborder\":[\"Earth\"],\"provenance\":{\"description\":\"administrative unit created by user (accepting the suggestion of the geonames API , which was created on basis of a geometric shape input)\",\"id\":23}},{\"name\":\"Europe\",\"geonameId\":6255148,\"bbox\":{\"east\":41.73303985595703,\"south\":27.6377894797159,\"north\":80.76416015625,\"west\":-24.532675386662543},\"administrativeUnitSuborder\":[\"Earth\",\"Europe\"],\"provenance\":{\"description\":\"administrative unit created by user (accepting the suggestion of the geonames API , which was created on basis of a geometric shape input)\",\"id\":23}},{\"name\":\"Federal Republic of Germany\",\"geonameId\":2921044,\"bbox\":{\"east\":15.0418156516163,\"south\":47.2701236047002,\"north\":55.0583836008072,\"west\":5.8663152683722},\"administrativeUnitSuborder\":[\"Earth\",\"Europe\",\"Federal Republic of Germany\"],\"provenance\":{\"description\":\"administrative unit created by user (accepting the suggestion of the geonames API , which was created on basis of a geometric shape input)\",\"id\":23}},{\"name\":\"Nordrhein-Westfalen\",\"geonameId\":2861876,\"bbox\":{\"east\":9.46147836912997,\"south\":50.3230119525423,\"north\":52.5314434279375,\"west\":5.86625035072566},\"administrativeUnitSuborder\":[\"Earth\",\"Europe\",\"Federal Republic of Germany\",\"Nordrhein-Westfalen\"],\"provenance\":{\"description\":\"administrative unit created by user (accepting the suggestion of the geonames API , which was created on basis of a geometric shape input)\",\"id\":23}}],\"temporalProperties\":{\"timePeriods\":[\"{2016-05-01..2016-07-31}\"],\"provenance\":{\"description\":\"temporal properties created by user\",\"id\":31}}}'),
(42,'','geoMetadata::timePeriods','{2016-05-01..2016-07-31}'),
(42,'','issueId','4'),
(42,'en_US','abstract','<p>The digitalization of the retail industry is a disruptive innovation process which endangers the very existence of Local Owner Operated Retail Outlets (LOOROs). Despite the manifold digital options to regain competitive power, LOOROs struggle in their digital transformation and persist often in their traditional business behaviour. As their customers get more and more used to buying via digital channels, they more and more expect the provision of digital services. This paper and the presented survey among 223 LOORO owners from 26 cities in Germany aim to understand why the LOOROs are so hesitant. Our findings show high insecurity among LOOROs about what to do and where to begin the digitalization route. The owners of LOOROs are often decoupled from their near and far business environment. This leads to a wrong self-assessment and implies the risk that the services provided do neither match the competitive environment nor customer expectations.</p>'),
(42,'en_US','copyrightHolder','geoMetadata Demo Journal'),
(42,'en_US','coverage','Earth, Europe, Federal Republic of Germany, Nordrhein-Westfalen'),
(42,'en_US','prefix',''),
(42,'en_US','subtitle',''),
(42,'en_US','title','The Digitalization of Local Owner-Operated Retail Outlets: How environmental and organizational factors drive the use of digital tools and applications'),
(43,'','categoryIds','[]'),
(43,'','geoMetadata::administrativeUnit','[{\"name\":\"Earth\",\"geonameId\":6295630,\"bbox\":\"not available\",\"administrativeUnitSuborder\":[\"Earth\"],\"provenance\":{\"description\":\"administrative unit created by user (accepting the suggestion of the geonames API , which was created on basis of a geometric shape input)\",\"id\":23}},{\"name\":\"Europe\",\"geonameId\":6255148,\"bbox\":{\"east\":41.73303985595703,\"south\":27.6377894797159,\"north\":80.76416015625,\"west\":-24.532675386662543},\"administrativeUnitSuborder\":[\"Earth\",\"Europe\"],\"provenance\":{\"description\":\"administrative unit created by user (accepting the suggestion of the geonames API , which was created on basis of a geometric shape input)\",\"id\":23}},{\"name\":\"Portuguese Republic\",\"geonameId\":2264397,\"bbox\":{\"east\":-6.18915930748288,\"south\":30.030283523608002,\"north\":42.154311127408,\"west\":-31.2688154080396},\"administrativeUnitSuborder\":[\"Earth\",\"Europe\",\"Portuguese Republic\"],\"provenance\":{\"description\":\"administrative unit created by user (accepting the suggestion of the geonames API , which was created on basis of a geometric shape input)\",\"id\":23}}]'),
(43,'','geoMetadata::spatialProperties','{\"type\":\"FeatureCollection\",\"features\":[{\"type\":\"Feature\",\"properties\":{\"provenance\":{\"description\":\"geometric shape created by user (accepting the suggestion of the leaflet-control-geocoder)\",\"id\":13}},\"geometry\":{\"type\":\"Polygon\",\"coordinates\":[[[-7.0327437,40.3806077],[-7.0327437,40.7009638],[-7.467313,40.7009638],[-7.467313,40.3806077],[-7.0327437,40.3806077]]]}}],\"administrativeUnits\":[{\"name\":\"Earth\",\"geonameId\":6295630,\"bbox\":\"not available\",\"administrativeUnitSuborder\":[\"Earth\"],\"provenance\":{\"description\":\"administrative unit created by user (accepting the suggestion of the geonames API , which was created on basis of a geometric shape input)\",\"id\":23}},{\"name\":\"Europe\",\"geonameId\":6255148,\"bbox\":{\"east\":41.73303985595703,\"south\":27.6377894797159,\"north\":80.76416015625,\"west\":-24.532675386662543},\"administrativeUnitSuborder\":[\"Earth\",\"Europe\"],\"provenance\":{\"description\":\"administrative unit created by user (accepting the suggestion of the geonames API , which was created on basis of a geometric shape input)\",\"id\":23}},{\"name\":\"Portuguese Republic\",\"geonameId\":2264397,\"bbox\":{\"east\":-6.18915930748288,\"south\":30.030283523608002,\"north\":42.154311127408,\"west\":-31.2688154080396},\"administrativeUnitSuborder\":[\"Earth\",\"Europe\",\"Portuguese Republic\"],\"provenance\":{\"description\":\"administrative unit created by user (accepting the suggestion of the geonames API , which was created on basis of a geometric shape input)\",\"id\":23}}],\"temporalProperties\":{\"timePeriods\":[\"{1919-01-01..2011-12-31}\"],\"provenance\":{\"description\":\"temporal properties created by user\",\"id\":31}}}'),
(43,'','geoMetadata::timePeriods','{1919-01-01..2011-12-31}'),
(43,'en_US','abstract','<p>A historical center can be defined as the oldest part of a city where a significant part of the building stock dates back to the early stages of urban growth. Historical centers often contain special urban fabrics with unique, historic, social and cultural identity. Owing to this, they have been subject to special urban planning interventions in order not only to protect the existing urban fabric and its originality, but also to revert depopulation and built deterioration processes aiming to make these old centers attractive and functional again. However, in the inter-urban domain, there is a deficit of spatial planning research, and the delimitation of historical centers is a topic that has been under explored. This paper describes a morphological approach for delimiting the historical center of Guarda, Portugal. Methodologically, the work uses building stock-age data from eight periods between &lt;1919 to 2011 and is supported by both statistical and spatial analysis. Statistically, the urban evolution of the city was analyzed through threshold values and five novel building indexes. Spatially, the work involved disaggregated GIS analysis to map the evolution of built-up areas and to identify the consolidated urban areas. A sensitivity analysis was also performed to assess the influence of some parameters on the obtained boundary. Results indicated that the historical center of Guarda was consolidated in the 1960s and, since then, has been relatively unchanged. The obtained boundary shows a suitable spatial adjustment considering the consolidated urban area and the official boundary included in the Urban Rehabilitation Area.</p>'),
(43,'en_US','coverage','Earth, Europe, Portuguese Republic'),
(43,'en_US','prefix',''),
(43,'en_US','subtitle',''),
(43,'en_US','title','A quantitative spatial methodology for delimiting historical centers - an application in Guarda, Portugal'),
(44,'','categoryIds','[]'),
(44,'','geoMetadata::administrativeUnit','[{\"name\":\"Earth\",\"geonameId\":6295630,\"bbox\":\"not available\",\"administrativeUnitSuborder\":[\"Earth\"],\"provenance\":{\"description\":\"administrative unit created by user (accepting the suggestion of the geonames API , which was created on basis of a geometric shape input)\",\"id\":23}},{\"name\":\"Europe\",\"geonameId\":6255148,\"bbox\":{\"east\":41.73303985595703,\"south\":27.6377894797159,\"north\":80.76416015625,\"west\":-24.532675386662543},\"administrativeUnitSuborder\":[\"Earth\",\"Europe\"],\"provenance\":{\"description\":\"administrative unit created by user (accepting the suggestion of the geonames API , which was created on basis of a geometric shape input)\",\"id\":23}},{\"name\":\"Hellenic Republic\",\"geonameId\":390903,\"bbox\":{\"east\":29.642984894413,\"south\":34.8020663391466,\"north\":41.7484999849641,\"west\":19.3736035624134},\"administrativeUnitSuborder\":[\"Earth\",\"Europe\",\"Hellenic Republic\"],\"provenance\":{\"description\":\"administrative unit created by user (accepting the suggestion of the geonames API , which was created on basis of a geometric shape input)\",\"id\":23}},{\"name\":\"South Aegean\",\"geonameId\":6697808,\"bbox\":{\"east\":29.64298489441297,\"south\":35.33989500925812,\"north\":37.99954083494794,\"west\":24.100595978710178},\"administrativeUnitSuborder\":[\"Earth\",\"Europe\",\"Hellenic Republic\",\"South Aegean\"],\"provenance\":{\"description\":\"administrative unit created by user (accepting the suggestion of the geonames API , which was created on basis of a geometric shape input)\",\"id\":23}},{\"name\":\"Nomos Kykladon\",\"geonameId\":259819,\"bbox\":{\"east\":26.08588446222794,\"south\":36.2205594127803,\"north\":37.99867865841338,\"west\":24.101057126983136},\"administrativeUnitSuborder\":[\"Earth\",\"Europe\",\"Hellenic Republic\",\"South Aegean\",\"Nomos Kykladon\"],\"provenance\":{\"description\":\"administrative unit created by user (accepting the suggestion of the geonames API , which was created on basis of a geometric shape input)\",\"id\":23}},{\"name\":\"Dimos Santorini\",\"geonameId\":8133832,\"bbox\":{\"east\":25.4874318385987,\"south\":36.22034525472416,\"north\":36.48160858507285,\"west\":25.195682331393087},\"administrativeUnitSuborder\":[\"Earth\",\"Europe\",\"Hellenic Republic\",\"South Aegean\",\"Nomos Kykladon\",\"Dimos Santorini\"],\"provenance\":{\"description\":\"administrative unit created by user (accepting the suggestion of the geonames API , which was created on basis of a geometric shape input)\",\"id\":23}}]'),
(44,'','geoMetadata::spatialProperties','{\"type\":\"FeatureCollection\",\"features\":[{\"type\":\"Feature\",\"properties\":{\"provenance\":{\"description\":\"geometric shape created by user (drawing)\",\"id\":11}},\"geometry\":{\"type\":\"Polygon\",\"coordinates\":[[[25.38678646087647,36.40021455895616],[25.386099815368656,36.39917828607655],[25.38876056671143,36.39627664850297],[25.392794609069824,36.3941348941407],[25.39700031280518,36.39399671441337],[25.398459434509277,36.39669117478878],[25.40575504302979,36.39620756057374],[25.406527519226078,36.40297788574666],[25.40944576263428,36.402770639645865],[25.410904884338382,36.409609469119225],[25.407299995422367,36.41223431449862],[25.40421009063721,36.411060052529294],[25.403008460998535,36.41251060885287],[25.399489402771,36.4132704132598],[25.396142005920414,36.41306319461315],[25.393309593200684,36.41216524075647],[25.391850471496586,36.41368484889469],[25.391936302185062,36.41610234602736],[25.3899621963501,36.4156879232913],[25.388073921203613,36.412096166952956],[25.386958122253418,36.40836609035226],[25.386185646057132,36.405810193726765],[25.385928153991703,36.40297788574666],[25.387301445007324,36.40256339299235],[25.388588905334476,36.40118173451024],[25.38678646087647,36.40021455895616]]]}}],\"administrativeUnits\":[{\"name\":\"Earth\",\"geonameId\":6295630,\"bbox\":\"not available\",\"administrativeUnitSuborder\":[\"Earth\"],\"provenance\":{\"description\":\"administrative unit created by user (accepting the suggestion of the geonames API , which was created on basis of a geometric shape input)\",\"id\":23}},{\"name\":\"Europe\",\"geonameId\":6255148,\"bbox\":{\"east\":41.73303985595703,\"south\":27.6377894797159,\"north\":80.76416015625,\"west\":-24.532675386662543},\"administrativeUnitSuborder\":[\"Earth\",\"Europe\"],\"provenance\":{\"description\":\"administrative unit created by user (accepting the suggestion of the geonames API , which was created on basis of a geometric shape input)\",\"id\":23}},{\"name\":\"Hellenic Republic\",\"geonameId\":390903,\"bbox\":{\"east\":29.642984894413,\"south\":34.8020663391466,\"north\":41.7484999849641,\"west\":19.3736035624134},\"administrativeUnitSuborder\":[\"Earth\",\"Europe\",\"Hellenic Republic\"],\"provenance\":{\"description\":\"administrative unit created by user (accepting the suggestion of the geonames API , which was created on basis of a geometric shape input)\",\"id\":23}},{\"name\":\"South Aegean\",\"geonameId\":6697808,\"bbox\":{\"east\":29.64298489441297,\"south\":35.33989500925812,\"north\":37.99954083494794,\"west\":24.100595978710178},\"administrativeUnitSuborder\":[\"Earth\",\"Europe\",\"Hellenic Republic\",\"South Aegean\"],\"provenance\":{\"description\":\"administrative unit created by user (accepting the suggestion of the geonames API , which was created on basis of a geometric shape input)\",\"id\":23}},{\"name\":\"Nomos Kykladon\",\"geonameId\":259819,\"bbox\":{\"east\":26.08588446222794,\"south\":36.2205594127803,\"north\":37.99867865841338,\"west\":24.101057126983136},\"administrativeUnitSuborder\":[\"Earth\",\"Europe\",\"Hellenic Republic\",\"South Aegean\",\"Nomos Kykladon\"],\"provenance\":{\"description\":\"administrative unit created by user (accepting the suggestion of the geonames API , which was created on basis of a geometric shape input)\",\"id\":23}},{\"name\":\"Dimos Santorini\",\"geonameId\":8133832,\"bbox\":{\"east\":25.4874318385987,\"south\":36.22034525472416,\"north\":36.48160858507285,\"west\":25.195682331393087},\"administrativeUnitSuborder\":[\"Earth\",\"Europe\",\"Hellenic Republic\",\"South Aegean\",\"Nomos Kykladon\",\"Dimos Santorini\"],\"provenance\":{\"description\":\"administrative unit created by user (accepting the suggestion of the geonames API , which was created on basis of a geometric shape input)\",\"id\":23}}],\"temporalProperties\":{\"timePeriods\":[\"{2004-08-09..2004-09-06}\"],\"provenance\":{\"description\":\"temporal properties created by user\",\"id\":31}}}'),
(44,'','geoMetadata::timePeriods','{2004-08-09..2004-09-06}'),
(44,'en_US','abstract','<p>Plutonic xenoliths from volcanic arcs provide unique insights into transcrustal magmatic systems in subduction zone settings. At Santorini volcano in the Central Aegean Volcanic Arc (Greece), plutonic xenoliths occur throughout a sequence of lavas and pyroclastic rocks erupted within the last ~360 ka. They are mineralogically variable, ranging from troctolites to olivine gabbros, gabbros, gabbronorites, and diorites. Thermobarometric calculations based on mineral and melt inclusion compositions indicate equilibration over a range of temperatures (1100 to 750 °C) at shallow to mid-crustal depths (P &lt;400 MPa), but there is no evidence for crystallisation at lower crustal depths. Oxygen isotope data of mineral separates and calculated δ<sup>18</sup>O melt values are in line with extensive closed-system fractional crystallisation at magmatic temperatures, without a requirement for extensive assimilation of the subvolcanic continental basement. The xenolith minerals compositionally overlap with phenocrysts from the volcanic rocks, but they also contain evidence for the presence of highly evolved melt compositions in the form of melt inclusions with extremely silica-rich compositions (up to 82 wt.% SiO<sub>2</sub>) and high enrichments of incompatible trace elements coupled with increasing negative Eu anomalies in clinopyroxenes. Since these characteristics correlate systematically with differentiation indices and rock type, they are interpreted to reflect melt evolution via fractional crystallisation as the dominant differentiation process with no significant role of reactive porous flow. These observations highlight that trapped melt fractions can influence mineral compositional variations in the plutonic xenoliths, and in turn the mineral compositions demonstrate a melt compositional variability not preserved in the volcanic rock record.</p>'),
(44,'en_US','coverage','Earth, Europe, Hellenic Republic, South Aegean, Nomos Kykladon, Dimos Santorini'),
(44,'en_US','prefix',''),
(44,'en_US','subtitle',''),
(44,'en_US','title','A record of magmatic differentiation in plutonic xenoliths from Santorini (Greece)');
/*!40000 ALTER TABLE `publication_settings` ENABLE KEYS */;
UNLOCK TABLES;
commit;

--
-- Table structure for table `publications`
--

DROP TABLE IF EXISTS `publications`;
/*!40101 SET @saved_cs_client     = @@character_set_client */;
/*!40101 SET character_set_client = utf8mb4 */;
CREATE TABLE `publications` (
  `publication_id` bigint NOT NULL AUTO_INCREMENT,
  `access_status` bigint DEFAULT '0',
  `date_published` date DEFAULT NULL,
  `last_modified` datetime DEFAULT NULL,
  `locale` varchar(14) DEFAULT NULL,
  `primary_contact_id` bigint DEFAULT NULL,
  `section_id` bigint DEFAULT NULL,
  `seq` double(8,2) NOT NULL DEFAULT '0.00',
  `submission_id` bigint NOT NULL,
  `status` smallint NOT NULL DEFAULT '1',
  `url_path` varchar(64) DEFAULT NULL,
  `version` bigint DEFAULT NULL,
  PRIMARY KEY (`publication_id`),
  KEY `publications_submission_id` (`submission_id`),
  KEY `publications_section_id` (`section_id`),
  KEY `publications_url_path` (`url_path`)
) ENGINE=InnoDB AUTO_INCREMENT=45 DEFAULT CHARSET=utf8mb3;
/*!40101 SET character_set_client = @saved_cs_client */;

--
-- Dumping data for table `publications`
--

LOCK TABLES `publications` WRITE;
/*!40000 ALTER TABLE `publications` DISABLE KEYS */;
set autocommit=0;
INSERT INTO `publications` VALUES
(1,0,'2025-07-11','2025-07-11 05:39:21',NULL,1,1,0.00,1,3,'mwandenga-signalling-theory',1),
(2,0,'2025-07-11','2025-07-11 05:39:53',NULL,3,1,0.00,1,1,'mwandenga',2),
(3,0,NULL,'2025-07-11 05:40:23',NULL,5,1,0.00,2,1,NULL,1),
(4,0,NULL,'2025-07-11 05:40:38',NULL,6,1,0.00,3,1,NULL,1),
(5,0,NULL,'2025-07-11 05:41:05',NULL,7,1,0.00,4,1,NULL,1),
(6,0,NULL,'2025-07-11 05:41:13',NULL,9,1,0.00,5,1,NULL,1),
(7,0,NULL,'2025-07-11 05:41:45',NULL,10,1,0.00,6,1,NULL,1),
(8,0,NULL,'2025-07-11 05:42:13',NULL,11,1,0.00,7,1,NULL,1),
(9,0,NULL,'2025-07-11 05:42:44',NULL,12,1,0.00,8,1,NULL,1),
(10,0,NULL,'2025-07-11 05:42:53',NULL,14,2,0.00,9,1,NULL,1),
(11,0,NULL,'2025-07-11 05:43:24',NULL,15,1,0.00,10,1,NULL,1),
(12,0,NULL,'2025-07-11 05:43:58',NULL,16,1,0.00,11,1,NULL,1),
(13,0,NULL,'2025-07-11 05:44:07',NULL,18,1,0.00,12,1,NULL,1),
(14,0,NULL,'2025-07-11 05:44:28',NULL,19,1,0.00,13,1,NULL,1),
(15,0,NULL,'2025-07-11 05:45:16',NULL,20,1,0.00,14,1,NULL,1),
(16,0,NULL,'2025-07-11 05:45:25',NULL,21,1,0.00,15,1,NULL,1),
(17,0,NULL,'2025-07-11 05:45:55',NULL,22,1,0.00,16,1,NULL,1),
(18,0,'2025-07-11','2025-07-11 05:47:06',NULL,23,1,0.00,17,3,NULL,1),
(19,0,NULL,'2025-07-11 05:47:17',NULL,24,1,0.00,18,1,NULL,1),
(20,0,NULL,'2025-07-11 05:47:29',NULL,25,2,0.00,19,1,NULL,1),
(21,0,'2025-07-14','2025-07-14 11:57:48',NULL,27,3,0.00,20,3,NULL,1),
(22,0,'2025-07-14','2025-07-14 13:05:44',NULL,29,3,0.00,21,3,NULL,1),
(23,0,'2025-07-14','2025-07-14 13:07:16',NULL,34,3,0.00,22,3,NULL,1),
(24,0,'2025-07-14','2025-07-14 13:07:46',NULL,39,3,0.00,23,3,NULL,1),
(25,0,'2025-07-14','2025-07-14 13:08:15',NULL,41,3,0.00,24,3,NULL,1),
(26,0,'2025-07-14','2025-07-14 13:08:48',NULL,43,3,0.00,25,3,NULL,1),
(27,0,'2025-07-14','2025-07-14 13:09:26',NULL,47,3,0.00,26,3,NULL,1),
(28,0,'2025-07-14','2025-07-14 13:10:37',NULL,51,3,0.00,27,3,NULL,1),
(29,0,'2025-07-14','2025-07-14 13:11:36',NULL,57,3,0.00,28,3,NULL,1),
(30,0,'2025-07-14','2025-07-14 13:12:11',NULL,62,3,0.00,29,3,NULL,1),
(31,0,'2025-07-14','2025-07-14 13:13:11',NULL,69,3,0.00,30,3,NULL,1),
(32,0,'2025-07-14','2025-07-14 13:12:42',NULL,76,3,0.00,31,3,NULL,1),
(33,0,'2025-07-14','2025-07-14 14:20:01',NULL,83,3,0.00,32,3,NULL,1),
(34,0,'2025-07-14','2025-08-13 08:42:45',NULL,91,3,0.00,33,3,NULL,1),
(35,0,'2025-07-14','2025-07-14 14:20:01',NULL,93,3,0.00,34,3,NULL,1),
(40,0,'2025-07-14','2025-07-14 14:20:01',NULL,104,3,0.00,39,3,NULL,1),
(41,0,'2025-07-14','2025-07-14 14:20:01',NULL,107,3,0.00,40,3,NULL,1),
(42,0,'2025-07-14','2025-07-14 14:20:01',NULL,111,3,0.00,41,3,NULL,1),
(43,0,NULL,'2025-08-14 07:28:49',NULL,116,3,0.00,42,1,NULL,1),
(44,0,NULL,'2025-08-14 07:33:55',NULL,117,3,0.00,43,1,NULL,1);
/*!40000 ALTER TABLE `publications` ENABLE KEYS */;
UNLOCK TABLES;
commit;

--
-- Table structure for table `queries`
--

DROP TABLE IF EXISTS `queries`;
/*!40101 SET @saved_cs_client     = @@character_set_client */;
/*!40101 SET character_set_client = utf8mb4 */;
CREATE TABLE `queries` (
  `query_id` bigint NOT NULL AUTO_INCREMENT,
  `assoc_type` bigint NOT NULL,
  `assoc_id` bigint NOT NULL,
  `stage_id` smallint NOT NULL,
  `seq` double(8,2) NOT NULL DEFAULT '0.00',
  `date_posted` datetime DEFAULT NULL,
  `date_modified` datetime DEFAULT NULL,
  `closed` smallint NOT NULL DEFAULT '0',
  PRIMARY KEY (`query_id`),
  KEY `queries_assoc_id` (`assoc_type`,`assoc_id`)
) ENGINE=InnoDB AUTO_INCREMENT=2 DEFAULT CHARSET=utf8mb3;
/*!40101 SET character_set_client = @saved_cs_client */;

--
-- Dumping data for table `queries`
--

LOCK TABLES `queries` WRITE;
/*!40000 ALTER TABLE `queries` DISABLE KEYS */;
set autocommit=0;
INSERT INTO `queries` VALUES
(1,1048585,2,3,1.00,NULL,NULL,0);
/*!40000 ALTER TABLE `queries` ENABLE KEYS */;
UNLOCK TABLES;
commit;

--
-- Table structure for table `query_participants`
--

DROP TABLE IF EXISTS `query_participants`;
/*!40101 SET @saved_cs_client     = @@character_set_client */;
/*!40101 SET character_set_client = utf8mb4 */;
CREATE TABLE `query_participants` (
  `query_id` bigint NOT NULL,
  `user_id` bigint NOT NULL,
  UNIQUE KEY `query_participants_pkey` (`query_id`,`user_id`)
) ENGINE=InnoDB DEFAULT CHARSET=utf8mb3;
/*!40101 SET character_set_client = @saved_cs_client */;

--
-- Dumping data for table `query_participants`
--

LOCK TABLES `query_participants` WRITE;
/*!40000 ALTER TABLE `query_participants` DISABLE KEYS */;
set autocommit=0;
INSERT INTO `query_participants` VALUES
(1,3),
(1,4),
(1,5);
/*!40000 ALTER TABLE `query_participants` ENABLE KEYS */;
UNLOCK TABLES;
commit;

--
-- Table structure for table `queued_payments`
--

DROP TABLE IF EXISTS `queued_payments`;
/*!40101 SET @saved_cs_client     = @@character_set_client */;
/*!40101 SET character_set_client = utf8mb4 */;
CREATE TABLE `queued_payments` (
  `queued_payment_id` bigint NOT NULL AUTO_INCREMENT,
  `date_created` datetime NOT NULL,
  `date_modified` datetime NOT NULL,
  `expiry_date` date DEFAULT NULL,
  `payment_data` text,
  PRIMARY KEY (`queued_payment_id`)
) ENGINE=InnoDB DEFAULT CHARSET=utf8mb3;
/*!40101 SET character_set_client = @saved_cs_client */;

--
-- Dumping data for table `queued_payments`
--

LOCK TABLES `queued_payments` WRITE;
/*!40000 ALTER TABLE `queued_payments` DISABLE KEYS */;
set autocommit=0;
/*!40000 ALTER TABLE `queued_payments` ENABLE KEYS */;
UNLOCK TABLES;
commit;

--
-- Table structure for table `review_assignments`
--

DROP TABLE IF EXISTS `review_assignments`;
/*!40101 SET @saved_cs_client     = @@character_set_client */;
/*!40101 SET character_set_client = utf8mb4 */;
CREATE TABLE `review_assignments` (
  `review_id` bigint NOT NULL AUTO_INCREMENT,
  `submission_id` bigint NOT NULL,
  `reviewer_id` bigint NOT NULL,
  `competing_interests` text,
  `recommendation` smallint DEFAULT NULL,
  `date_assigned` datetime DEFAULT NULL,
  `date_notified` datetime DEFAULT NULL,
  `date_confirmed` datetime DEFAULT NULL,
  `date_completed` datetime DEFAULT NULL,
  `date_acknowledged` datetime DEFAULT NULL,
  `date_due` datetime DEFAULT NULL,
  `date_response_due` datetime DEFAULT NULL,
  `last_modified` datetime DEFAULT NULL,
  `reminder_was_automatic` smallint NOT NULL DEFAULT '0',
  `declined` smallint NOT NULL DEFAULT '0',
  `cancelled` smallint NOT NULL DEFAULT '0',
  `reviewer_file_id` bigint DEFAULT NULL,
  `date_rated` datetime DEFAULT NULL,
  `date_reminded` datetime DEFAULT NULL,
  `quality` smallint DEFAULT NULL,
  `review_round_id` bigint NOT NULL,
  `stage_id` smallint NOT NULL,
  `review_method` smallint NOT NULL DEFAULT '1',
  `round` smallint NOT NULL DEFAULT '1',
  `step` smallint NOT NULL DEFAULT '1',
  `review_form_id` bigint DEFAULT NULL,
  `unconsidered` smallint DEFAULT NULL,
  PRIMARY KEY (`review_id`),
  KEY `review_assignments_submission_id` (`submission_id`),
  KEY `review_assignments_reviewer_id` (`reviewer_id`),
  KEY `review_assignments_form_id` (`review_form_id`),
  KEY `review_assignments_reviewer_review` (`reviewer_id`,`review_id`)
) ENGINE=InnoDB AUTO_INCREMENT=28 DEFAULT CHARSET=utf8mb3;
/*!40101 SET character_set_client = @saved_cs_client */;

--
-- Dumping data for table `review_assignments`
--

LOCK TABLES `review_assignments` WRITE;
/*!40000 ALTER TABLE `review_assignments` DISABLE KEYS */;
set autocommit=0;
INSERT INTO `review_assignments` VALUES
(1,1,7,NULL,NULL,'2025-07-11 05:38:24','2025-07-11 05:38:24',NULL,NULL,NULL,'2025-08-08 00:00:00','2025-08-08 00:00:00','2025-07-11 05:38:24',0,0,0,NULL,NULL,NULL,NULL,1,3,2,1,1,NULL,0),
(2,1,9,NULL,NULL,'2025-07-11 05:38:27','2025-07-11 05:38:27',NULL,NULL,NULL,'2025-08-08 00:00:00','2025-08-08 00:00:00','2025-07-11 05:38:27',0,0,0,NULL,NULL,NULL,NULL,1,3,2,1,1,NULL,0),
(3,1,10,NULL,NULL,'2025-07-11 05:38:30','2025-07-11 05:38:30',NULL,NULL,NULL,'2025-08-08 00:00:00','2025-08-08 00:00:00','2025-07-11 05:38:30',0,0,0,NULL,NULL,NULL,NULL,1,3,2,1,1,NULL,0),
(4,3,9,NULL,NULL,'2025-07-11 05:40:45','2025-07-11 05:40:46',NULL,NULL,NULL,'2025-08-08 00:00:00','2025-08-08 00:00:00','2025-07-11 05:40:46',0,0,0,NULL,NULL,NULL,NULL,3,3,2,1,1,NULL,0),
(5,3,10,NULL,NULL,'2025-07-11 05:40:49','2025-07-11 05:40:49',NULL,NULL,NULL,'2025-08-08 00:00:00','2025-08-08 00:00:00','2025-07-11 05:40:49',0,0,0,NULL,NULL,NULL,NULL,3,3,2,1,1,NULL,0),
(6,5,8,NULL,NULL,'2025-07-11 05:41:21','2025-07-11 05:41:21',NULL,NULL,NULL,'2025-08-08 00:00:00','2025-08-08 00:00:00','2025-07-11 05:41:21',0,0,0,NULL,NULL,NULL,NULL,4,3,2,1,1,NULL,0),
(7,5,10,NULL,NULL,'2025-07-11 05:41:24','2025-07-11 05:41:24',NULL,NULL,NULL,'2025-08-08 00:00:00','2025-08-08 00:00:00','2025-07-11 05:41:24',0,0,0,NULL,NULL,NULL,NULL,4,3,2,1,1,NULL,0),
(8,6,7,NULL,NULL,'2025-07-11 05:41:52','2025-07-11 05:41:52',NULL,NULL,NULL,'2025-08-08 00:00:00','2025-08-08 00:00:00','2025-07-11 05:41:52',0,0,0,NULL,NULL,NULL,NULL,5,3,2,1,1,NULL,0),
(9,6,10,NULL,NULL,'2025-07-11 05:41:56','2025-07-11 05:41:56',NULL,NULL,NULL,'2025-08-08 00:00:00','2025-08-08 00:00:00','2025-07-11 05:41:56',0,0,0,NULL,NULL,NULL,NULL,5,3,2,1,1,NULL,0),
(10,7,8,NULL,5,'2025-07-11 05:42:21','2025-07-11 05:42:21','2025-07-11 05:42:30','2025-07-11 05:42:34',NULL,'2025-08-08 00:00:00','2025-08-08 00:00:00','2025-07-11 05:42:34',0,0,0,NULL,NULL,NULL,NULL,6,3,2,1,4,NULL,0),
(11,7,9,NULL,NULL,'2025-07-11 05:42:24','2025-07-11 05:42:24',NULL,NULL,NULL,'2025-08-08 00:00:00','2025-08-08 00:00:00','2025-07-11 05:42:24',0,0,0,NULL,NULL,NULL,NULL,6,3,2,1,1,NULL,0),
(12,7,10,NULL,NULL,'2025-07-11 05:42:28','2025-07-11 05:42:28',NULL,NULL,NULL,'2025-08-08 00:00:00','2025-08-08 00:00:00','2025-07-11 05:42:28',0,0,0,NULL,NULL,NULL,NULL,6,3,2,1,1,NULL,0),
(13,9,7,NULL,NULL,'2025-07-11 05:43:01','2025-07-11 05:43:01',NULL,NULL,NULL,'2025-08-08 00:00:00','2025-08-08 00:00:00','2025-07-11 05:43:01',0,0,0,NULL,NULL,NULL,NULL,7,3,2,1,1,NULL,0),
(14,9,10,NULL,NULL,'2025-07-11 05:43:04','2025-07-11 05:43:04',NULL,NULL,NULL,'2025-08-08 00:00:00','2025-08-08 00:00:00','2025-07-11 05:43:04',0,0,0,NULL,NULL,NULL,NULL,7,3,2,1,1,NULL,0),
(15,10,9,NULL,2,'2025-07-11 05:43:33','2025-07-11 05:43:33','2025-07-11 05:43:39','2025-07-11 05:43:42',NULL,'2025-08-08 00:00:00','2025-08-08 00:00:00','2025-07-11 05:43:42',0,0,0,NULL,NULL,NULL,NULL,8,3,2,1,4,NULL,0),
(16,10,10,NULL,3,'2025-07-11 05:43:36','2025-07-11 05:43:36','2025-07-11 05:43:44','2025-07-11 05:43:48',NULL,'2025-08-08 00:00:00','2025-08-08 00:00:00','2025-07-11 05:43:48',0,0,0,NULL,NULL,NULL,NULL,8,3,2,1,4,NULL,0),
(17,12,7,NULL,NULL,'2025-07-11 05:44:16','2025-07-11 05:44:16',NULL,NULL,NULL,'2025-08-08 00:00:00','2025-08-08 00:00:00','2025-07-11 05:44:16',0,0,0,NULL,NULL,NULL,NULL,9,3,2,1,1,NULL,0),
(18,12,8,NULL,NULL,'2025-07-11 05:44:19','2025-07-11 05:44:20',NULL,NULL,NULL,'2025-08-08 00:00:00','2025-08-08 00:00:00','2025-07-11 05:44:20',0,0,0,NULL,NULL,NULL,NULL,9,3,2,1,1,NULL,0),
(19,13,7,NULL,2,'2025-07-11 05:44:37','2025-07-11 05:44:37','2025-07-11 05:44:47','2025-07-11 05:44:50',NULL,'2025-08-08 00:00:00','2025-08-08 00:00:00','2025-07-11 05:44:50',0,0,0,NULL,NULL,NULL,NULL,10,3,2,1,4,NULL,0),
(20,13,9,NULL,2,'2025-07-11 05:44:40','2025-07-11 05:44:41','2025-07-11 05:44:52','2025-07-11 05:44:56',NULL,'2025-08-08 00:00:00','2025-08-08 00:00:00','2025-07-11 05:44:56',0,0,0,NULL,NULL,NULL,NULL,10,3,2,1,4,NULL,0),
(21,13,10,NULL,3,'2025-07-11 05:44:44','2025-07-11 05:44:44','2025-07-11 05:44:59','2025-07-11 05:45:02',NULL,'2025-08-08 00:00:00','2025-08-08 00:00:00','2025-07-11 05:45:02',0,0,0,NULL,NULL,NULL,NULL,10,3,2,1,4,NULL,0),
(22,15,8,NULL,NULL,'2025-07-11 05:45:34','2025-07-11 05:45:34',NULL,NULL,NULL,'2025-08-08 00:00:00','2025-08-08 00:00:00','2025-07-11 05:45:34',0,0,0,NULL,NULL,NULL,NULL,11,3,2,1,1,NULL,0),
(23,15,9,NULL,NULL,'2025-07-11 05:45:38','2025-07-11 05:45:38',NULL,NULL,NULL,'2025-08-08 00:00:00','2025-08-08 00:00:00','2025-07-11 05:45:38',0,0,0,NULL,NULL,NULL,NULL,11,3,2,1,1,NULL,0),
(24,17,7,NULL,NULL,'2025-07-11 05:46:14','2025-07-11 05:46:14',NULL,NULL,NULL,'2025-08-08 00:00:00','2025-08-08 00:00:00','2025-07-11 05:46:14',0,0,0,NULL,NULL,NULL,NULL,12,3,2,1,1,NULL,0),
(25,17,8,NULL,NULL,'2025-07-11 05:46:17','2025-07-11 05:46:17',NULL,NULL,NULL,'2025-08-08 00:00:00','2025-08-08 00:00:00','2025-07-11 05:46:17',0,0,0,NULL,NULL,NULL,NULL,12,3,2,1,1,NULL,0),
(26,19,8,NULL,NULL,'2025-07-11 05:47:39','2025-07-11 05:47:39',NULL,NULL,NULL,'2025-08-08 00:00:00','2025-08-08 00:00:00','2025-07-11 05:47:39',0,0,0,NULL,NULL,NULL,NULL,13,3,2,1,1,NULL,0),
(27,19,9,NULL,NULL,'2025-07-11 05:47:42','2025-07-11 05:47:42',NULL,NULL,NULL,'2025-08-08 00:00:00','2025-08-08 00:00:00','2025-07-11 05:47:42',0,0,0,NULL,NULL,NULL,NULL,13,3,2,1,1,NULL,0);
/*!40000 ALTER TABLE `review_assignments` ENABLE KEYS */;
UNLOCK TABLES;
commit;

--
-- Table structure for table `review_files`
--

DROP TABLE IF EXISTS `review_files`;
/*!40101 SET @saved_cs_client     = @@character_set_client */;
/*!40101 SET character_set_client = utf8mb4 */;
CREATE TABLE `review_files` (
  `review_id` bigint NOT NULL,
  `submission_file_id` bigint unsigned NOT NULL,
  UNIQUE KEY `review_files_pkey` (`review_id`,`submission_file_id`),
  KEY `review_files_review_id` (`review_id`),
  KEY `review_files_submission_file_id_foreign` (`submission_file_id`),
  CONSTRAINT `review_files_submission_file_id_foreign` FOREIGN KEY (`submission_file_id`) REFERENCES `submission_files` (`submission_file_id`)
) ENGINE=InnoDB DEFAULT CHARSET=utf8mb3;
/*!40101 SET character_set_client = @saved_cs_client */;

--
-- Dumping data for table `review_files`
--

LOCK TABLES `review_files` WRITE;
/*!40000 ALTER TABLE `review_files` DISABLE KEYS */;
set autocommit=0;
INSERT INTO `review_files` VALUES
(4,5),
(5,5),
(15,13),
(16,13),
(22,19),
(23,19),
(24,22),
(25,22),
(26,26),
(27,26);
/*!40000 ALTER TABLE `review_files` ENABLE KEYS */;
UNLOCK TABLES;
commit;

--
-- Table structure for table `review_form_element_settings`
--

DROP TABLE IF EXISTS `review_form_element_settings`;
/*!40101 SET @saved_cs_client     = @@character_set_client */;
/*!40101 SET character_set_client = utf8mb4 */;
CREATE TABLE `review_form_element_settings` (
  `review_form_element_id` bigint NOT NULL,
  `locale` varchar(14) NOT NULL DEFAULT '',
  `setting_name` varchar(255) NOT NULL,
  `setting_value` text,
  `setting_type` varchar(6) NOT NULL,
  UNIQUE KEY `review_form_element_settings_pkey` (`review_form_element_id`,`locale`,`setting_name`),
  KEY `review_form_element_settings_review_form_element_id` (`review_form_element_id`)
) ENGINE=InnoDB DEFAULT CHARSET=utf8mb3;
/*!40101 SET character_set_client = @saved_cs_client */;

--
-- Dumping data for table `review_form_element_settings`
--

LOCK TABLES `review_form_element_settings` WRITE;
/*!40000 ALTER TABLE `review_form_element_settings` DISABLE KEYS */;
set autocommit=0;
/*!40000 ALTER TABLE `review_form_element_settings` ENABLE KEYS */;
UNLOCK TABLES;
commit;

--
-- Table structure for table `review_form_elements`
--

DROP TABLE IF EXISTS `review_form_elements`;
/*!40101 SET @saved_cs_client     = @@character_set_client */;
/*!40101 SET character_set_client = utf8mb4 */;
CREATE TABLE `review_form_elements` (
  `review_form_element_id` bigint NOT NULL AUTO_INCREMENT,
  `review_form_id` bigint NOT NULL,
  `seq` double(8,2) DEFAULT NULL,
  `element_type` bigint DEFAULT NULL,
  `required` smallint DEFAULT NULL,
  `included` smallint DEFAULT NULL,
  PRIMARY KEY (`review_form_element_id`),
  KEY `review_form_elements_review_form_id` (`review_form_id`)
) ENGINE=InnoDB DEFAULT CHARSET=utf8mb3;
/*!40101 SET character_set_client = @saved_cs_client */;

--
-- Dumping data for table `review_form_elements`
--

LOCK TABLES `review_form_elements` WRITE;
/*!40000 ALTER TABLE `review_form_elements` DISABLE KEYS */;
set autocommit=0;
/*!40000 ALTER TABLE `review_form_elements` ENABLE KEYS */;
UNLOCK TABLES;
commit;

--
-- Table structure for table `review_form_responses`
--

DROP TABLE IF EXISTS `review_form_responses`;
/*!40101 SET @saved_cs_client     = @@character_set_client */;
/*!40101 SET character_set_client = utf8mb4 */;
CREATE TABLE `review_form_responses` (
  `review_form_element_id` bigint NOT NULL,
  `review_id` bigint NOT NULL,
  `response_type` varchar(6) DEFAULT NULL,
  `response_value` text,
  KEY `review_form_responses_pkey` (`review_form_element_id`,`review_id`)
) ENGINE=InnoDB DEFAULT CHARSET=utf8mb3;
/*!40101 SET character_set_client = @saved_cs_client */;

--
-- Dumping data for table `review_form_responses`
--

LOCK TABLES `review_form_responses` WRITE;
/*!40000 ALTER TABLE `review_form_responses` DISABLE KEYS */;
set autocommit=0;
/*!40000 ALTER TABLE `review_form_responses` ENABLE KEYS */;
UNLOCK TABLES;
commit;

--
-- Table structure for table `review_form_settings`
--

DROP TABLE IF EXISTS `review_form_settings`;
/*!40101 SET @saved_cs_client     = @@character_set_client */;
/*!40101 SET character_set_client = utf8mb4 */;
CREATE TABLE `review_form_settings` (
  `review_form_id` bigint NOT NULL,
  `locale` varchar(14) NOT NULL DEFAULT '',
  `setting_name` varchar(255) NOT NULL,
  `setting_value` text,
  `setting_type` varchar(6) NOT NULL,
  UNIQUE KEY `review_form_settings_pkey` (`review_form_id`,`locale`,`setting_name`),
  KEY `review_form_settings_review_form_id` (`review_form_id`)
) ENGINE=InnoDB DEFAULT CHARSET=utf8mb3;
/*!40101 SET character_set_client = @saved_cs_client */;

--
-- Dumping data for table `review_form_settings`
--

LOCK TABLES `review_form_settings` WRITE;
/*!40000 ALTER TABLE `review_form_settings` DISABLE KEYS */;
set autocommit=0;
/*!40000 ALTER TABLE `review_form_settings` ENABLE KEYS */;
UNLOCK TABLES;
commit;

--
-- Table structure for table `review_forms`
--

DROP TABLE IF EXISTS `review_forms`;
/*!40101 SET @saved_cs_client     = @@character_set_client */;
/*!40101 SET character_set_client = utf8mb4 */;
CREATE TABLE `review_forms` (
  `review_form_id` bigint NOT NULL AUTO_INCREMENT,
  `assoc_type` bigint NOT NULL,
  `assoc_id` bigint NOT NULL,
  `seq` double(8,2) DEFAULT NULL,
  `is_active` smallint DEFAULT NULL,
  PRIMARY KEY (`review_form_id`)
) ENGINE=InnoDB DEFAULT CHARSET=utf8mb3;
/*!40101 SET character_set_client = @saved_cs_client */;

--
-- Dumping data for table `review_forms`
--

LOCK TABLES `review_forms` WRITE;
/*!40000 ALTER TABLE `review_forms` DISABLE KEYS */;
set autocommit=0;
/*!40000 ALTER TABLE `review_forms` ENABLE KEYS */;
UNLOCK TABLES;
commit;

--
-- Table structure for table `review_round_files`
--

DROP TABLE IF EXISTS `review_round_files`;
/*!40101 SET @saved_cs_client     = @@character_set_client */;
/*!40101 SET character_set_client = utf8mb4 */;
CREATE TABLE `review_round_files` (
  `submission_id` bigint NOT NULL,
  `review_round_id` bigint NOT NULL,
  `stage_id` smallint NOT NULL,
  `submission_file_id` bigint unsigned NOT NULL,
  UNIQUE KEY `review_round_files_pkey` (`submission_id`,`review_round_id`,`submission_file_id`),
  KEY `review_round_files_submission_id` (`submission_id`),
  KEY `review_round_files_submission_file_id_foreign` (`submission_file_id`),
  CONSTRAINT `review_round_files_submission_file_id_foreign` FOREIGN KEY (`submission_file_id`) REFERENCES `submission_files` (`submission_file_id`)
) ENGINE=InnoDB DEFAULT CHARSET=utf8mb3;
/*!40101 SET character_set_client = @saved_cs_client */;

--
-- Dumping data for table `review_round_files`
--

LOCK TABLES `review_round_files` WRITE;
/*!40000 ALTER TABLE `review_round_files` DISABLE KEYS */;
set autocommit=0;
INSERT INTO `review_round_files` VALUES
(3,3,3,5),
(10,8,3,13),
(15,11,3,19),
(17,12,3,22),
(19,13,3,26);
/*!40000 ALTER TABLE `review_round_files` ENABLE KEYS */;
UNLOCK TABLES;
commit;

--
-- Table structure for table `review_rounds`
--

DROP TABLE IF EXISTS `review_rounds`;
/*!40101 SET @saved_cs_client     = @@character_set_client */;
/*!40101 SET character_set_client = utf8mb4 */;
CREATE TABLE `review_rounds` (
  `review_round_id` bigint NOT NULL AUTO_INCREMENT,
  `submission_id` bigint NOT NULL,
  `stage_id` bigint DEFAULT NULL,
  `round` smallint NOT NULL,
  `review_revision` bigint DEFAULT NULL,
  `status` bigint DEFAULT NULL,
  PRIMARY KEY (`review_round_id`),
  UNIQUE KEY `review_rounds_submission_id_stage_id_round_pkey` (`submission_id`,`stage_id`,`round`),
  KEY `review_rounds_submission_id` (`submission_id`)
) ENGINE=InnoDB AUTO_INCREMENT=14 DEFAULT CHARSET=utf8mb3;
/*!40101 SET character_set_client = @saved_cs_client */;

--
-- Dumping data for table `review_rounds`
--

LOCK TABLES `review_rounds` WRITE;
/*!40000 ALTER TABLE `review_rounds` DISABLE KEYS */;
set autocommit=0;
INSERT INTO `review_rounds` VALUES
(1,1,3,1,NULL,4),
(2,2,3,1,NULL,6),
(3,3,3,1,NULL,4),
(4,5,3,1,NULL,4),
(5,6,3,1,NULL,4),
(6,7,3,1,NULL,8),
(7,9,3,1,NULL,4),
(8,10,3,1,NULL,8),
(9,12,3,1,NULL,7),
(10,13,3,1,NULL,1),
(11,15,3,1,NULL,4),
(12,17,3,1,NULL,4),
(13,19,3,1,NULL,4);
/*!40000 ALTER TABLE `review_rounds` ENABLE KEYS */;
UNLOCK TABLES;
commit;

--
-- Table structure for table `scheduled_tasks`
--

DROP TABLE IF EXISTS `scheduled_tasks`;
/*!40101 SET @saved_cs_client     = @@character_set_client */;
/*!40101 SET character_set_client = utf8mb4 */;
CREATE TABLE `scheduled_tasks` (
  `class_name` varchar(255) NOT NULL,
  `last_run` datetime DEFAULT NULL,
  UNIQUE KEY `scheduled_tasks_pkey` (`class_name`)
) ENGINE=InnoDB DEFAULT CHARSET=utf8mb3;
/*!40101 SET character_set_client = @saved_cs_client */;

--
-- Dumping data for table `scheduled_tasks`
--

LOCK TABLES `scheduled_tasks` WRITE;
/*!40000 ALTER TABLE `scheduled_tasks` DISABLE KEYS */;
set autocommit=0;
INSERT INTO `scheduled_tasks` VALUES
('classes.tasks.SubscriptionExpiryReminder','2025-08-13 08:40:56'),
('lib.pkp.classes.task.ReviewReminder','2025-08-13 08:40:56'),
('lib.pkp.classes.task.StatisticsReport','2025-08-13 08:40:56'),
('plugins.generic.usageStats.UsageStatsLoader','2025-08-13 08:40:56'),
('plugins.importexport.crossref.CrossrefInfoSender','2025-08-13 08:40:56'),
('plugins.importexport.datacite.DataciteInfoSender','2025-08-13 08:40:56'),
('plugins.importexport.doaj.DOAJInfoSender','2025-08-13 08:40:56');
/*!40000 ALTER TABLE `scheduled_tasks` ENABLE KEYS */;
UNLOCK TABLES;
commit;

--
-- Table structure for table `section_settings`
--

DROP TABLE IF EXISTS `section_settings`;
/*!40101 SET @saved_cs_client     = @@character_set_client */;
/*!40101 SET character_set_client = utf8mb4 */;
CREATE TABLE `section_settings` (
  `section_id` bigint NOT NULL,
  `locale` varchar(14) NOT NULL DEFAULT '',
  `setting_name` varchar(255) NOT NULL,
  `setting_value` text,
  `setting_type` varchar(6) NOT NULL COMMENT '(bool|int|float|string|object)',
  UNIQUE KEY `section_settings_pkey` (`section_id`,`locale`,`setting_name`),
  KEY `section_settings_section_id` (`section_id`)
) ENGINE=InnoDB DEFAULT CHARSET=utf8mb3;
/*!40101 SET character_set_client = @saved_cs_client */;

--
-- Dumping data for table `section_settings`
--

LOCK TABLES `section_settings` WRITE;
/*!40000 ALTER TABLE `section_settings` DISABLE KEYS */;
set autocommit=0;
INSERT INTO `section_settings` VALUES
(1,'en_US','abbrev','ART','string'),
(1,'en_US','identifyType','','string'),
(1,'en_US','policy','<p>Section default policy</p>','string'),
(1,'en_US','title','Articles','string'),
(1,'fr_CA','abbrev','','string'),
(1,'fr_CA','identifyType','','string'),
(1,'fr_CA','policy','','string'),
(1,'fr_CA','title','','string'),
(2,'en_US','abbrev','REV','string'),
(2,'en_US','identifyType','Review Article','string'),
(2,'en_US','policy','','string'),
(2,'en_US','title','Reviews','string'),
(2,'fr_CA','abbrev','','string'),
(2,'fr_CA','identifyType','','string'),
(2,'fr_CA','policy','','string'),
(2,'fr_CA','title','','string'),
(3,'en_US','abbrev','ART','string'),
(3,'en_US','policy','Section default policy','string'),
(3,'en_US','title','Articles','string');
/*!40000 ALTER TABLE `section_settings` ENABLE KEYS */;
UNLOCK TABLES;
commit;

--
-- Table structure for table `sections`
--

DROP TABLE IF EXISTS `sections`;
/*!40101 SET @saved_cs_client     = @@character_set_client */;
/*!40101 SET character_set_client = utf8mb4 */;
CREATE TABLE `sections` (
  `section_id` bigint NOT NULL AUTO_INCREMENT,
  `journal_id` bigint NOT NULL,
  `review_form_id` bigint DEFAULT NULL,
  `seq` double(8,2) NOT NULL DEFAULT '0.00',
  `editor_restricted` smallint NOT NULL DEFAULT '0',
  `meta_indexed` smallint NOT NULL DEFAULT '0',
  `meta_reviewed` smallint NOT NULL DEFAULT '1',
  `abstracts_not_required` smallint NOT NULL DEFAULT '0',
  `hide_title` smallint NOT NULL DEFAULT '0',
  `hide_author` smallint NOT NULL DEFAULT '0',
  `is_inactive` smallint NOT NULL DEFAULT '0',
  `abstract_word_count` bigint DEFAULT NULL,
  PRIMARY KEY (`section_id`),
  KEY `sections_journal_id` (`journal_id`)
) ENGINE=InnoDB AUTO_INCREMENT=4 DEFAULT CHARSET=utf8mb3;
/*!40101 SET character_set_client = @saved_cs_client */;

--
-- Dumping data for table `sections`
--

LOCK TABLES `sections` WRITE;
/*!40000 ALTER TABLE `sections` DISABLE KEYS */;
set autocommit=0;
INSERT INTO `sections` VALUES
(1,1,0,1.00,0,1,1,0,0,0,0,500),
(2,1,0,2.00,0,1,1,1,0,0,0,0),
(3,2,0,0.00,0,1,1,0,0,0,0,0);
/*!40000 ALTER TABLE `sections` ENABLE KEYS */;
UNLOCK TABLES;
commit;

--
-- Table structure for table `sessions`
--

DROP TABLE IF EXISTS `sessions`;
/*!40101 SET @saved_cs_client     = @@character_set_client */;
/*!40101 SET character_set_client = utf8mb4 */;
CREATE TABLE `sessions` (
  `session_id` varchar(128) NOT NULL,
  `user_id` bigint DEFAULT NULL,
  `ip_address` varchar(39) NOT NULL,
  `user_agent` varchar(255) DEFAULT NULL,
  `created` bigint NOT NULL DEFAULT '0',
  `last_used` bigint NOT NULL DEFAULT '0',
  `remember` smallint NOT NULL DEFAULT '0',
  `data` text NOT NULL,
  `domain` varchar(255) DEFAULT NULL,
  UNIQUE KEY `sessions_pkey` (`session_id`),
  KEY `sessions_user_id` (`user_id`)
) ENGINE=InnoDB DEFAULT CHARSET=utf8mb3;
/*!40101 SET character_set_client = @saved_cs_client */;

--
-- Dumping data for table `sessions`
--

LOCK TABLES `sessions` WRITE;
/*!40000 ALTER TABLE `sessions` DISABLE KEYS */;
set autocommit=0;
INSERT INTO `sessions` VALUES
('5n3rq93gjc5c1n43skpu8dad8s',NULL,'::1','Mozilla/5.0 (Macintosh; Intel Mac OS X 10_15_7) AppleWebKit/537.36 (KHTML, like Gecko) Chrome/139.0.0.0 Safari/537.36',1755156201,1755156910,0,'csrf|a:2:{s:9:\"timestamp\";i:1755156910;s:5:\"token\";s:32:\"f626274c7a84b6e07bb0a3d64b4f106d\";}username|s:6:\"tobler\";','localhost'),
('d2fcce5ae619ae2ba478a889e4b7b195',1,'::1','Mozilla/5.0 (Macintosh; Intel Mac OS X 10_15_7) AppleWebKit/537.36 (KHTML, like Gecko) Chrome/138.0.0.0 Safari/537.36',1752506213,1752506227,1,'csrf|a:2:{s:9:\"timestamp\";i:1752506227;s:5:\"token\";s:32:\"20b28270c3f80b3cb00bf7278fce0fa1\";}userId|i:1;username|s:5:\"admin\";','localhost'),
('e2044d94525543973a281d060feb60c0',1,'::1','Mozilla/5.0 (Macintosh; Intel Mac OS X 10_15_7) AppleWebKit/537.36 (KHTML, like Gecko) Chrome/138.0.0.0 Safari/537.36',1752486068,1752503335,1,'csrf|a:2:{s:9:\"timestamp\";i:1752503335;s:5:\"token\";s:32:\"eb973a38b3602d20e8b44923a9856438\";}userId|i:1;username|s:5:\"admin\";','localhost'),
('t6tm593s3jc0h3nhshi507tq7b',1,'::1','Mozilla/5.0 (Macintosh; Intel Mac OS X 10_15_7) AppleWebKit/537.36 (KHTML, like Gecko) Chrome/139.0.0.0 Safari/537.36',1755074456,1755074589,1,'csrf|a:2:{s:9:\"timestamp\";i:1755074589;s:5:\"token\";s:32:\"27c259e12edb0e1d2152c2575c2a2d6f\";}userId|i:1;username|s:5:\"admin\";','localhost');
/*!40000 ALTER TABLE `sessions` ENABLE KEYS */;
UNLOCK TABLES;
commit;

--
-- Table structure for table `site`
--

DROP TABLE IF EXISTS `site`;
/*!40101 SET @saved_cs_client     = @@character_set_client */;
/*!40101 SET character_set_client = utf8mb4 */;
CREATE TABLE `site` (
  `redirect` bigint NOT NULL DEFAULT '0' COMMENT 'If not 0, redirect to the specified journal/conference/... site.',
  `primary_locale` varchar(14) NOT NULL COMMENT 'Primary locale for the site.',
  `min_password_length` smallint NOT NULL DEFAULT '6',
  `installed_locales` varchar(1024) NOT NULL DEFAULT 'en_US' COMMENT 'Locales for which support has been installed.',
  `supported_locales` varchar(1024) DEFAULT NULL COMMENT 'Locales supported by the site (for hosted journals/conferences/...).',
  `original_style_file_name` varchar(255) DEFAULT NULL
) ENGINE=InnoDB DEFAULT CHARSET=utf8mb3;
/*!40101 SET character_set_client = @saved_cs_client */;

--
-- Dumping data for table `site`
--

LOCK TABLES `site` WRITE;
/*!40000 ALTER TABLE `site` DISABLE KEYS */;
set autocommit=0;
INSERT INTO `site` VALUES
(0,'en_US',6,'[\"en_US\",\"fr_CA\"]','[\"en_US\",\"fr_CA\"]',NULL);
/*!40000 ALTER TABLE `site` ENABLE KEYS */;
UNLOCK TABLES;
commit;

--
-- Table structure for table `site_settings`
--

DROP TABLE IF EXISTS `site_settings`;
/*!40101 SET @saved_cs_client     = @@character_set_client */;
/*!40101 SET character_set_client = utf8mb4 */;
CREATE TABLE `site_settings` (
  `setting_name` varchar(255) NOT NULL,
  `locale` varchar(14) NOT NULL DEFAULT '',
  `setting_value` text,
  UNIQUE KEY `site_settings_pkey` (`setting_name`,`locale`)
) ENGINE=InnoDB DEFAULT CHARSET=utf8mb3;
/*!40101 SET character_set_client = @saved_cs_client */;

--
-- Dumping data for table `site_settings`
--

LOCK TABLES `site_settings` WRITE;
/*!40000 ALTER TABLE `site_settings` DISABLE KEYS */;
set autocommit=0;
INSERT INTO `site_settings` VALUES
('contactEmail','en_US','pkpadmin@mailinator.com'),
('contactName','en_US','Open Journal Systems'),
('contactName','fr_CA','Open Journal Systems'),
('themePluginPath','','default');
/*!40000 ALTER TABLE `site_settings` ENABLE KEYS */;
UNLOCK TABLES;
commit;

--
-- Table structure for table `stage_assignments`
--

DROP TABLE IF EXISTS `stage_assignments`;
/*!40101 SET @saved_cs_client     = @@character_set_client */;
/*!40101 SET character_set_client = utf8mb4 */;
CREATE TABLE `stage_assignments` (
  `stage_assignment_id` bigint NOT NULL AUTO_INCREMENT,
  `submission_id` bigint NOT NULL,
  `user_group_id` bigint NOT NULL,
  `user_id` bigint NOT NULL,
  `date_assigned` datetime NOT NULL,
  `recommend_only` smallint NOT NULL DEFAULT '0',
  `can_change_metadata` smallint NOT NULL DEFAULT '0',
  PRIMARY KEY (`stage_assignment_id`),
  UNIQUE KEY `stage_assignment` (`submission_id`,`user_group_id`,`user_id`),
  KEY `stage_assignments_submission_id` (`submission_id`),
  KEY `stage_assignments_user_group_id` (`user_group_id`),
  KEY `stage_assignments_user_id` (`user_id`)
) ENGINE=InnoDB AUTO_INCREMENT=164 DEFAULT CHARSET=utf8mb3;
/*!40101 SET character_set_client = @saved_cs_client */;

--
-- Dumping data for table `stage_assignments`
--

LOCK TABLES `stage_assignments` WRITE;
/*!40000 ALTER TABLE `stage_assignments` DISABLE KEYS */;
set autocommit=0;
INSERT INTO `stage_assignments` VALUES
(1,1,14,17,'2025-07-11 05:39:05',0,1),
(2,1,3,3,'2025-07-11 05:38:17',0,1),
(3,1,5,5,'2025-07-11 05:40:02',1,0),
(4,1,5,4,'2025-07-11 05:38:17',0,1),
(5,1,7,12,'2025-07-11 05:38:35',0,0),
(6,1,11,14,'2025-07-11 05:38:40',0,0),
(7,1,13,16,'2025-07-11 05:38:42',0,0),
(8,2,14,18,'2025-07-11 05:40:10',0,0),
(9,2,3,3,'2025-07-11 05:40:13',0,1),
(10,2,5,5,'2025-07-11 05:40:13',0,1),
(11,2,5,4,'2025-07-11 05:40:13',0,1),
(12,2,5,6,'2025-07-11 05:40:19',1,1),
(13,3,14,19,'2025-07-11 05:40:35',0,0),
(14,3,3,3,'2025-07-11 05:40:38',0,1),
(15,3,5,5,'2025-07-11 05:40:38',0,1),
(16,3,5,4,'2025-07-11 05:40:38',0,1),
(17,3,7,11,'2025-07-11 05:40:53',0,0),
(18,4,14,20,'2025-07-11 05:41:00',0,0),
(19,4,3,3,'2025-07-11 05:41:05',0,1),
(20,4,5,5,'2025-07-11 05:41:05',0,1),
(21,4,5,4,'2025-07-11 05:41:05',0,1),
(22,5,14,21,'2025-07-11 05:41:11',0,0),
(23,5,3,3,'2025-07-11 05:41:14',0,1),
(24,5,5,5,'2025-07-11 05:41:14',0,1),
(25,5,5,4,'2025-07-11 05:41:14',0,1),
(26,5,7,11,'2025-07-11 05:41:28',0,0),
(27,5,11,13,'2025-07-11 05:41:33',0,0),
(28,5,13,15,'2025-07-11 05:41:36',0,0),
(29,6,14,22,'2025-07-11 05:41:42',0,0),
(30,6,3,3,'2025-07-11 05:41:45',0,1),
(31,6,5,5,'2025-07-11 05:41:45',0,1),
(32,6,5,4,'2025-07-11 05:41:45',0,1),
(33,6,7,11,'2025-07-11 05:42:00',0,0),
(34,6,11,13,'2025-07-11 05:42:05',0,0),
(35,7,14,23,'2025-07-11 05:42:11',0,0),
(36,7,3,3,'2025-07-11 05:42:14',0,1),
(37,7,5,5,'2025-07-11 05:42:14',0,1),
(38,7,5,4,'2025-07-11 05:42:14',0,1),
(39,8,14,24,'2025-07-11 05:42:40',0,0),
(40,8,3,3,'2025-07-11 05:42:45',0,1),
(41,8,5,5,'2025-07-11 05:42:45',0,1),
(42,8,5,4,'2025-07-11 05:42:45',0,1),
(43,9,14,25,'2025-07-11 05:42:51',0,0),
(44,9,3,3,'2025-07-11 05:42:53',0,1),
(45,9,5,6,'2025-07-11 05:42:53',0,1),
(46,9,7,12,'2025-07-11 05:43:08',0,0),
(47,9,11,14,'2025-07-11 05:43:13',0,0),
(48,9,13,16,'2025-07-11 05:43:16',0,0),
(49,10,14,26,'2025-07-11 05:43:22',0,0),
(50,10,3,3,'2025-07-11 05:43:25',0,1),
(51,10,5,5,'2025-07-11 05:43:25',0,1),
(52,10,5,4,'2025-07-11 05:43:25',0,1),
(53,11,14,27,'2025-07-11 05:43:54',0,0),
(54,11,3,3,'2025-07-11 05:43:58',0,1),
(55,11,5,5,'2025-07-11 05:43:58',0,1),
(56,11,5,4,'2025-07-11 05:43:59',0,1),
(57,12,14,28,'2025-07-11 05:44:05',0,0),
(58,12,3,3,'2025-07-11 05:44:08',0,1),
(59,12,5,5,'2025-07-11 05:44:08',0,1),
(60,12,5,4,'2025-07-11 05:44:08',0,1),
(61,13,14,29,'2025-07-11 05:44:26',0,0),
(62,13,3,3,'2025-07-11 05:44:29',0,1),
(63,13,5,5,'2025-07-11 05:44:29',0,1),
(64,13,5,4,'2025-07-11 05:44:29',0,1),
(65,14,14,30,'2025-07-11 05:45:14',0,0),
(66,14,3,3,'2025-07-11 05:45:17',0,1),
(67,14,5,5,'2025-07-11 05:45:17',0,1),
(68,14,5,4,'2025-07-11 05:45:17',0,1),
(69,15,14,31,'2025-07-11 05:45:23',0,0),
(70,15,3,3,'2025-07-11 05:45:25',0,1),
(71,15,5,5,'2025-07-11 05:45:25',0,1),
(72,15,5,4,'2025-07-11 05:45:25',0,1),
(73,15,7,12,'2025-07-11 05:45:42',0,0),
(74,15,11,14,'2025-07-11 05:45:47',0,0),
(75,16,14,32,'2025-07-11 05:45:53',0,0),
(76,16,3,3,'2025-07-11 05:45:56',0,1),
(77,16,5,5,'2025-07-11 05:45:56',0,1),
(78,16,5,4,'2025-07-11 05:45:56',0,1),
(79,17,14,33,'2025-07-11 05:46:02',0,0),
(80,17,3,3,'2025-07-11 05:46:05',0,1),
(81,17,5,5,'2025-07-11 05:46:05',0,1),
(82,17,5,4,'2025-07-11 05:46:05',0,1),
(83,17,7,11,'2025-07-11 05:46:21',0,0),
(84,17,11,13,'2025-07-11 05:46:26',0,0),
(85,17,13,15,'2025-07-11 05:46:28',0,0),
(86,18,14,34,'2025-07-11 05:47:15',0,0),
(87,18,3,3,'2025-07-11 05:47:17',0,1),
(88,18,5,5,'2025-07-11 05:47:17',0,1),
(89,18,5,4,'2025-07-11 05:47:17',0,1),
(90,19,14,35,'2025-07-11 05:47:27',0,0),
(91,19,3,3,'2025-07-11 05:47:30',0,1),
(92,19,5,6,'2025-07-11 05:47:30',0,1),
(93,19,7,12,'2025-07-11 05:47:46',0,0),
(94,20,19,1,'2025-07-14 09:50:53',0,1),
(95,20,20,1,'2025-07-14 11:56:24',0,1),
(96,21,19,1,'2025-07-14 12:00:58',0,1),
(97,21,20,1,'2025-07-14 12:05:31',0,1),
(98,21,26,1,'2025-07-14 12:05:31',0,0),
(99,22,19,1,'2025-07-14 12:05:49',0,1),
(100,22,20,1,'2025-07-14 12:12:11',0,1),
(101,22,26,1,'2025-07-14 12:12:11',0,0),
(102,23,19,1,'2025-07-14 12:12:24',0,1),
(103,23,20,1,'2025-07-14 12:17:42',0,1),
(104,23,26,1,'2025-07-14 12:17:42',0,0),
(105,24,19,1,'2025-07-14 12:17:53',0,1),
(106,24,20,1,'2025-07-14 12:20:47',0,1),
(107,24,26,1,'2025-07-14 12:20:47',0,0),
(108,25,19,1,'2025-07-14 12:21:05',0,1),
(109,25,20,1,'2025-07-14 12:28:00',0,1),
(110,25,26,1,'2025-07-14 12:28:00',0,0),
(111,26,19,1,'2025-07-14 12:28:12',0,1),
(112,26,20,1,'2025-07-14 12:33:21',0,1),
(113,26,26,1,'2025-07-14 12:33:21',0,0),
(114,27,19,1,'2025-07-14 12:33:36',0,1),
(115,27,20,1,'2025-07-14 12:36:45',0,1),
(116,27,26,1,'2025-07-14 12:36:45',0,0),
(117,28,19,1,'2025-07-14 12:36:57',0,1),
(118,28,20,1,'2025-07-14 12:41:09',0,1),
(119,28,26,1,'2025-07-14 12:41:09',0,0),
(120,29,19,1,'2025-07-14 12:42:53',0,1),
(121,29,20,1,'2025-07-14 12:47:04',0,1),
(122,29,26,1,'2025-07-14 12:47:04',0,0),
(123,30,19,1,'2025-07-14 12:47:12',0,1),
(124,30,20,1,'2025-07-14 12:53:51',0,1),
(125,30,26,1,'2025-07-14 12:53:51',0,0),
(126,31,19,1,'2025-07-14 12:54:02',0,1),
(127,31,20,1,'2025-07-14 13:03:30',0,1),
(128,31,26,1,'2025-07-14 13:03:30',0,0),
(129,32,19,1,'2025-07-14 13:15:32',0,1),
(130,32,20,1,'2025-07-14 13:19:54',0,1),
(131,32,26,1,'2025-07-14 13:19:54',0,0),
(132,33,19,1,'2025-07-14 13:20:09',0,1),
(133,33,20,1,'2025-07-14 13:21:49',0,1),
(134,33,26,1,'2025-07-14 13:21:49',0,0),
(135,34,19,1,'2025-07-14 13:24:39',0,1),
(136,34,20,1,'2025-07-14 13:31:15',0,1),
(137,34,26,1,'2025-07-14 13:31:15',0,0),
(138,35,19,1,'2025-07-14 13:31:23',0,1),
(141,36,19,1,'2025-07-14 13:46:50',0,1),
(144,37,19,1,'2025-07-14 13:48:22',0,1),
(147,38,19,1,'2025-07-14 13:54:21',0,1),
(150,39,19,1,'2025-07-14 13:56:21',0,1),
(151,39,20,1,'2025-07-14 13:59:31',0,1),
(152,39,26,1,'2025-07-14 13:59:31',0,0),
(153,40,19,1,'2025-07-14 13:59:48',0,1),
(154,40,20,1,'2025-07-14 14:08:01',0,1),
(155,40,26,1,'2025-07-14 14:08:01',0,0),
(156,41,19,1,'2025-07-14 14:09:20',0,1),
(157,41,20,1,'2025-07-14 14:14:59',0,1),
(158,41,26,1,'2025-07-14 14:14:59',0,0),
(159,42,19,1,'2025-08-14 07:26:38',0,1),
(160,42,20,1,'2025-08-14 07:28:07',0,1),
(161,42,26,1,'2025-08-14 07:28:07',0,0),
(162,42,31,36,'2025-08-14 07:28:28',0,1),
(163,43,31,36,'2025-08-14 07:29:46',0,0);
/*!40000 ALTER TABLE `stage_assignments` ENABLE KEYS */;
UNLOCK TABLES;
commit;

--
-- Table structure for table `static_page_settings`
--

DROP TABLE IF EXISTS `static_page_settings`;
/*!40101 SET @saved_cs_client     = @@character_set_client */;
/*!40101 SET character_set_client = utf8mb4 */;
CREATE TABLE `static_page_settings` (
  `static_page_id` bigint NOT NULL,
  `locale` varchar(14) NOT NULL DEFAULT '',
  `setting_name` varchar(255) NOT NULL,
  `setting_value` longtext,
  `setting_type` varchar(6) NOT NULL COMMENT '(bool|int|float|string|object)',
  UNIQUE KEY `static_page_settings_pkey` (`static_page_id`,`locale`,`setting_name`),
  KEY `static_page_settings_static_page_id` (`static_page_id`)
) ENGINE=InnoDB DEFAULT CHARSET=utf8mb3;
/*!40101 SET character_set_client = @saved_cs_client */;

--
-- Dumping data for table `static_page_settings`
--

LOCK TABLES `static_page_settings` WRITE;
/*!40000 ALTER TABLE `static_page_settings` DISABLE KEYS */;
set autocommit=0;
/*!40000 ALTER TABLE `static_page_settings` ENABLE KEYS */;
UNLOCK TABLES;
commit;

--
-- Table structure for table `static_pages`
--

DROP TABLE IF EXISTS `static_pages`;
/*!40101 SET @saved_cs_client     = @@character_set_client */;
/*!40101 SET character_set_client = utf8mb4 */;
CREATE TABLE `static_pages` (
  `static_page_id` bigint NOT NULL AUTO_INCREMENT,
  `path` varchar(255) NOT NULL,
  `context_id` bigint NOT NULL,
  PRIMARY KEY (`static_page_id`)
) ENGINE=InnoDB DEFAULT CHARSET=utf8mb3;
/*!40101 SET character_set_client = @saved_cs_client */;

--
-- Dumping data for table `static_pages`
--

LOCK TABLES `static_pages` WRITE;
/*!40000 ALTER TABLE `static_pages` DISABLE KEYS */;
set autocommit=0;
/*!40000 ALTER TABLE `static_pages` ENABLE KEYS */;
UNLOCK TABLES;
commit;

--
-- Table structure for table `subeditor_submission_group`
--

DROP TABLE IF EXISTS `subeditor_submission_group`;
/*!40101 SET @saved_cs_client     = @@character_set_client */;
/*!40101 SET character_set_client = utf8mb4 */;
CREATE TABLE `subeditor_submission_group` (
  `context_id` bigint NOT NULL,
  `assoc_id` bigint NOT NULL,
  `assoc_type` bigint NOT NULL,
  `user_id` bigint NOT NULL,
  UNIQUE KEY `section_editors_pkey` (`context_id`,`assoc_id`,`assoc_type`,`user_id`),
  KEY `section_editors_context_id` (`context_id`),
  KEY `subeditor_submission_group_assoc_id` (`assoc_id`,`assoc_type`),
  KEY `subeditor_submission_group_user_id` (`user_id`)
) ENGINE=InnoDB DEFAULT CHARSET=utf8mb3;
/*!40101 SET character_set_client = @saved_cs_client */;

--
-- Dumping data for table `subeditor_submission_group`
--

LOCK TABLES `subeditor_submission_group` WRITE;
/*!40000 ALTER TABLE `subeditor_submission_group` DISABLE KEYS */;
set autocommit=0;
INSERT INTO `subeditor_submission_group` VALUES
(1,1,530,4),
(1,1,530,5),
(1,2,530,6);
/*!40000 ALTER TABLE `subeditor_submission_group` ENABLE KEYS */;
UNLOCK TABLES;
commit;

--
-- Table structure for table `submission_comments`
--

DROP TABLE IF EXISTS `submission_comments`;
/*!40101 SET @saved_cs_client     = @@character_set_client */;
/*!40101 SET character_set_client = utf8mb4 */;
CREATE TABLE `submission_comments` (
  `comment_id` bigint NOT NULL AUTO_INCREMENT,
  `comment_type` bigint DEFAULT NULL,
  `role_id` bigint NOT NULL,
  `submission_id` bigint NOT NULL,
  `assoc_id` bigint NOT NULL,
  `author_id` bigint NOT NULL,
  `comment_title` text NOT NULL,
  `comments` text,
  `date_posted` datetime DEFAULT NULL,
  `date_modified` datetime DEFAULT NULL,
  `viewable` smallint DEFAULT NULL,
  PRIMARY KEY (`comment_id`),
  KEY `submission_comments_submission_id` (`submission_id`)
) ENGINE=InnoDB AUTO_INCREMENT=7 DEFAULT CHARSET=utf8mb3;
/*!40101 SET character_set_client = @saved_cs_client */;

--
-- Dumping data for table `submission_comments`
--

LOCK TABLES `submission_comments` WRITE;
/*!40000 ALTER TABLE `submission_comments` DISABLE KEYS */;
set autocommit=0;
INSERT INTO `submission_comments` VALUES
(1,1,4096,7,10,8,'','<p>Here are my review comments</p>','2025-07-11 05:42:34',NULL,1),
(2,1,4096,10,15,9,'','<p>Here are my review comments</p>','2025-07-11 05:43:42',NULL,1),
(3,1,4096,10,16,10,'','<p>Here are my review comments</p>','2025-07-11 05:43:47',NULL,1),
(4,1,4096,13,19,7,'','<p>Here are my review comments</p>','2025-07-11 05:44:50',NULL,1),
(5,1,4096,13,20,9,'','<p>Here are my review comments</p>','2025-07-11 05:44:55',NULL,1),
(6,1,4096,13,21,10,'','<p>Here are my review comments</p>','2025-07-11 05:45:02',NULL,1);
/*!40000 ALTER TABLE `submission_comments` ENABLE KEYS */;
UNLOCK TABLES;
commit;

--
-- Table structure for table `submission_file_revisions`
--

DROP TABLE IF EXISTS `submission_file_revisions`;
/*!40101 SET @saved_cs_client     = @@character_set_client */;
/*!40101 SET character_set_client = utf8mb4 */;
CREATE TABLE `submission_file_revisions` (
  `revision_id` bigint unsigned NOT NULL AUTO_INCREMENT,
  `submission_file_id` bigint unsigned NOT NULL,
  `file_id` bigint unsigned NOT NULL,
  PRIMARY KEY (`revision_id`),
  KEY `submission_file_revisions_submission_file_id_foreign` (`submission_file_id`),
  KEY `submission_file_revisions_file_id_foreign` (`file_id`),
  CONSTRAINT `submission_file_revisions_file_id_foreign` FOREIGN KEY (`file_id`) REFERENCES `files` (`file_id`),
  CONSTRAINT `submission_file_revisions_submission_file_id_foreign` FOREIGN KEY (`submission_file_id`) REFERENCES `submission_files` (`submission_file_id`)
) ENGINE=InnoDB AUTO_INCREMENT=87 DEFAULT CHARSET=utf8mb3;
/*!40101 SET character_set_client = @saved_cs_client */;

--
-- Dumping data for table `submission_file_revisions`
--

LOCK TABLES `submission_file_revisions` WRITE;
/*!40000 ALTER TABLE `submission_file_revisions` DISABLE KEYS */;
set autocommit=0;
INSERT INTO `submission_file_revisions` VALUES
(1,1,1),
(2,2,2),
(3,3,3),
(4,4,4),
(5,5,4),
(6,6,5),
(7,7,6),
(8,8,7),
(9,9,8),
(10,10,9),
(11,11,10),
(12,12,11),
(13,13,11),
(14,14,12),
(15,15,13),
(16,16,14),
(17,17,15),
(18,18,16),
(19,19,16),
(20,20,17),
(21,21,18),
(22,22,18),
(23,23,19),
(24,24,20),
(25,25,21),
(26,26,21),
(27,27,22),
(28,28,22),
(29,29,23),
(30,30,24),
(31,31,25),
(32,32,26),
(33,33,27),
(34,34,28),
(35,35,29),
(36,36,30),
(37,37,31),
(38,38,32),
(39,39,33),
(40,40,34),
(41,41,24),
(42,42,35),
(43,43,25),
(44,44,36),
(45,45,26),
(46,46,37),
(47,47,27),
(48,48,38),
(49,49,28),
(50,50,39),
(51,51,29),
(52,52,40),
(53,53,30),
(54,54,41),
(55,55,31),
(56,56,42),
(57,57,32),
(58,58,43),
(59,59,34),
(60,60,44),
(61,61,33),
(62,62,45),
(63,63,46),
(64,64,47),
(65,65,48),
(70,70,53),
(71,71,54),
(72,72,55),
(73,73,46),
(74,74,56),
(75,75,47),
(76,76,57),
(77,77,48),
(78,78,58),
(79,79,53),
(80,80,59),
(81,81,54),
(82,82,60),
(83,83,55),
(84,84,61),
(85,85,62),
(86,86,63);
/*!40000 ALTER TABLE `submission_file_revisions` ENABLE KEYS */;
UNLOCK TABLES;
commit;

--
-- Table structure for table `submission_file_settings`
--

DROP TABLE IF EXISTS `submission_file_settings`;
/*!40101 SET @saved_cs_client     = @@character_set_client */;
/*!40101 SET character_set_client = utf8mb4 */;
CREATE TABLE `submission_file_settings` (
  `submission_file_id` bigint NOT NULL,
  `locale` varchar(14) NOT NULL DEFAULT '',
  `setting_name` varchar(255) NOT NULL,
  `setting_value` text,
  `setting_type` varchar(6) NOT NULL DEFAULT 'string' COMMENT '(bool|int|float|string|object|date)',
  UNIQUE KEY `submission_file_settings_pkey` (`submission_file_id`,`locale`,`setting_name`),
  KEY `submission_file_settings_id` (`submission_file_id`)
) ENGINE=InnoDB DEFAULT CHARSET=utf8mb3;
/*!40101 SET character_set_client = @saved_cs_client */;

--
-- Dumping data for table `submission_file_settings`
--

LOCK TABLES `submission_file_settings` WRITE;
/*!40000 ALTER TABLE `submission_file_settings` DISABLE KEYS */;
set autocommit=0;
INSERT INTO `submission_file_settings` VALUES
(1,'en_US','name','Signalling Theory Dividends: A Review Of The Literature And Empirical Evidence.pdf','string'),
(2,'en_US','name','article.pdf','string'),
(2,'fr_CA','name','','string'),
(3,'en_US','name','The influence of lactation on the quantity and quality of cashmere production.pdf','string'),
(4,'en_US','name','The Facets Of Job Satisfaction: A Nine-Nation Comparative Study Of Construct Equivalence.pdf','string'),
(5,'en_US','name','The Facets Of Job Satisfaction: A Nine-Nation Comparative Study Of Construct Equivalence.pdf','string'),
(6,'en_US','name','Computer Skill Requirements for New and Existing Teachers: Implications for Policy and Practice.pdf','string'),
(7,'en_US','name','Genetic transformation of forest trees.pdf','string'),
(8,'en_US','name','Investigating the Shared Background Required for Argument: A Critique of Fogelin\'s Thesis on Deep Disagreement.pdf','string'),
(9,'en_US','name','Developing efficacy beliefs in the classroom.pdf','string'),
(10,'en_US','name','Traditions and Trends in the Study of the Commons.pdf','string'),
(11,'en_US','name','Hansen & Pinto: Reason Reclaimed.pdf','string'),
(12,'en_US','name','Condensing Water Availability Models to Focus on Specific Water Management Systems.pdf','string'),
(13,'en_US','name','Condensing Water Availability Models to Focus on Specific Water Management Systems.pdf','string'),
(14,'en_US','name','Learning Sustainable Design through Service.pdf','string'),
(15,'en_US','name','Sodium butyrate improves growth performance of weaned piglets during the first period after weaning.pdf','string'),
(16,'en_US','name','Hydrologic Connectivity in the Edwards Aquifer between San Marcos Springs and Barton Springs during 2009 Drought Conditions.pdf','string'),
(17,'en_US','name','Towards Designing an Intercultural Curriculum: A Case Study from the Atlantic Coast of Nicaragua.pdf','string'),
(18,'en_US','name','Yam diseases and its management in Nigeria.pdf','string'),
(19,'en_US','name','Yam diseases and its management in Nigeria.pdf','string'),
(20,'en_US','name','Influence of long-term nutrition with different dietary fats on fatty acid composition of heavy pigs backfat.pdf','string'),
(21,'en_US','name','Antimicrobial, heavy metal resistance and plasmid profile of coliforms isolated from nosocomial infections in a hospital in Isfahan, Iran.pdf','string'),
(22,'en_US','name','Antimicrobial, heavy metal resistance and plasmid profile of coliforms isolated from nosocomial infections in a hospital in Isfahan, Iran.pdf','string'),
(23,'en_US','name','article.pdf','string'),
(23,'fr_CA','name','','string'),
(24,'en_US','name','Self-Organization in Multi-Level Institutions in Networked Environments.pdf','string'),
(25,'en_US','name','Finocchiaro: Arguments About Arguments.pdf','string'),
(26,'en_US','name','Finocchiaro: Arguments About Arguments.pdf','string'),
(27,'en_US','name','article.pdf','string'),
(28,'en_US','name','article.pdf','string'),
(29,'en_US','name','article.pdf','string'),
(30,'en_US','name','article.pdf','string'),
(31,'en_US','name','article.pdf','string'),
(32,'en_US','name','article.pdf','string'),
(33,'en_US','name','article.pdf','string'),
(34,'en_US','name','article.pdf','string'),
(35,'en_US','name','article.pdf','string'),
(36,'en_US','name','article.pdf','string'),
(37,'en_US','name','article.pdf','string'),
(38,'en_US','name','article.pdf','string'),
(39,'en_US','name','article.pdf','string'),
(40,'en_US','name','article.pdf','string'),
(41,'en_US','name','article.pdf','string'),
(42,'en_US','name','article.pdf','string'),
(43,'en_US','name','article.pdf','string'),
(44,'en_US','name','article.pdf','string'),
(45,'en_US','name','article.pdf','string'),
(46,'en_US','name','article.pdf','string'),
(47,'en_US','name','article.pdf','string'),
(48,'en_US','name','article.pdf','string'),
(49,'en_US','name','article.pdf','string'),
(50,'en_US','name','article.pdf','string'),
(51,'en_US','name','article.pdf','string'),
(52,'en_US','name','article.pdf','string'),
(53,'en_US','name','article.pdf','string'),
(54,'en_US','name','article.pdf','string'),
(55,'en_US','name','article.pdf','string'),
(56,'en_US','name','article.pdf','string'),
(57,'en_US','name','article.pdf','string'),
(58,'en_US','name','article.pdf','string'),
(59,'en_US','name','article.pdf','string'),
(60,'en_US','name','article.pdf','string'),
(61,'en_US','name','article.pdf','string'),
(62,'en_US','name','article.pdf','string'),
(63,'en_US','name','article.pdf','string'),
(64,'en_US','name','article.pdf','string'),
(65,'en_US','name','article.pdf','string'),
(70,'en_US','name','article.pdf','string'),
(71,'en_US','name','article.pdf','string'),
(72,'en_US','name','article.pdf','string'),
(73,'en_US','name','article.pdf','string'),
(74,'en_US','name','article.pdf','string'),
(75,'en_US','name','article.pdf','string'),
(76,'en_US','name','article.pdf','string'),
(77,'en_US','name','article.pdf','string'),
(78,'en_US','name','article.pdf','string'),
(79,'en_US','name','article.pdf','string'),
(80,'en_US','name','article.pdf','string'),
(81,'en_US','name','article.pdf','string'),
(82,'en_US','name','article.pdf','string'),
(83,'en_US','name','article.pdf','string'),
(84,'en_US','name','article.pdf','string'),
(85,'en_US','name','article.pdf','string'),
(86,'en_US','name','article.pdf','string');
/*!40000 ALTER TABLE `submission_file_settings` ENABLE KEYS */;
UNLOCK TABLES;
commit;

--
-- Table structure for table `submission_files`
--

DROP TABLE IF EXISTS `submission_files`;
/*!40101 SET @saved_cs_client     = @@character_set_client */;
/*!40101 SET character_set_client = utf8mb4 */;
CREATE TABLE `submission_files` (
  `submission_file_id` bigint unsigned NOT NULL AUTO_INCREMENT,
  `submission_id` bigint NOT NULL,
  `file_id` bigint unsigned NOT NULL,
  `source_submission_file_id` bigint DEFAULT NULL,
  `genre_id` bigint DEFAULT NULL,
  `file_stage` bigint NOT NULL,
  `direct_sales_price` varchar(255) DEFAULT NULL,
  `sales_type` varchar(255) DEFAULT NULL,
  `viewable` smallint DEFAULT NULL,
  `created_at` datetime NOT NULL,
  `updated_at` datetime NOT NULL,
  `uploader_user_id` bigint DEFAULT NULL,
  `assoc_type` bigint DEFAULT NULL,
  `assoc_id` bigint DEFAULT NULL,
  PRIMARY KEY (`submission_file_id`),
  KEY `submission_files_submission_id` (`submission_id`),
  KEY `submission_files_stage_assoc` (`file_stage`,`assoc_type`,`assoc_id`),
  KEY `submission_files_file_id_foreign` (`file_id`),
  CONSTRAINT `submission_files_file_id_foreign` FOREIGN KEY (`file_id`) REFERENCES `files` (`file_id`)
) ENGINE=InnoDB AUTO_INCREMENT=87 DEFAULT CHARSET=utf8mb3;
/*!40101 SET character_set_client = @saved_cs_client */;

--
-- Dumping data for table `submission_files`
--

LOCK TABLES `submission_files` WRITE;
/*!40000 ALTER TABLE `submission_files` DISABLE KEYS */;
set autocommit=0;
INSERT INTO `submission_files` VALUES
(1,1,1,NULL,1,2,NULL,NULL,NULL,'2025-07-11 05:38:15','2025-07-11 05:38:15',17,NULL,NULL),
(2,1,2,NULL,1,10,NULL,NULL,NULL,'2025-07-11 05:38:59','2025-07-11 05:38:59',3,521,1),
(3,2,3,NULL,1,2,NULL,NULL,NULL,'2025-07-11 05:40:11','2025-07-11 05:40:11',18,NULL,NULL),
(4,3,4,NULL,1,2,NULL,NULL,NULL,'2025-07-11 05:40:36','2025-07-11 05:40:36',19,NULL,NULL),
(5,3,4,4,1,4,NULL,NULL,NULL,'2025-07-11 05:40:41','2025-07-11 05:40:41',19,NULL,NULL),
(6,4,5,NULL,1,2,NULL,NULL,NULL,'2025-07-11 05:41:01','2025-07-11 05:41:01',20,NULL,NULL),
(7,5,6,NULL,1,2,NULL,NULL,NULL,'2025-07-11 05:41:12','2025-07-11 05:41:12',21,NULL,NULL),
(8,6,7,NULL,1,2,NULL,NULL,NULL,'2025-07-11 05:41:43','2025-07-11 05:41:43',22,NULL,NULL),
(9,7,8,NULL,1,2,NULL,NULL,NULL,'2025-07-11 05:42:12','2025-07-11 05:42:12',23,NULL,NULL),
(10,8,9,NULL,1,2,NULL,NULL,NULL,'2025-07-11 05:42:40','2025-07-11 05:42:40',24,NULL,NULL),
(11,9,10,NULL,1,2,NULL,NULL,NULL,'2025-07-11 05:42:51','2025-07-11 05:42:51',25,NULL,NULL),
(12,10,11,NULL,1,2,NULL,NULL,NULL,'2025-07-11 05:43:22','2025-07-11 05:43:23',26,NULL,NULL),
(13,10,11,12,1,4,NULL,NULL,NULL,'2025-07-11 05:43:28','2025-07-11 05:43:28',26,NULL,NULL),
(14,11,12,NULL,1,2,NULL,NULL,NULL,'2025-07-11 05:43:54','2025-07-11 05:43:54',27,NULL,NULL),
(15,12,13,NULL,1,2,NULL,NULL,NULL,'2025-07-11 05:44:05','2025-07-11 05:44:06',28,NULL,NULL),
(16,13,14,NULL,1,2,NULL,NULL,NULL,'2025-07-11 05:44:26','2025-07-11 05:44:26',29,NULL,NULL),
(17,14,15,NULL,1,2,NULL,NULL,NULL,'2025-07-11 05:45:14','2025-07-11 05:45:14',30,NULL,NULL),
(18,15,16,NULL,1,2,NULL,NULL,NULL,'2025-07-11 05:45:23','2025-07-11 05:45:24',31,NULL,NULL),
(19,15,16,18,1,4,NULL,NULL,NULL,'2025-07-11 05:45:30','2025-07-11 05:45:30',31,NULL,NULL),
(20,16,17,NULL,1,2,NULL,NULL,NULL,'2025-07-11 05:45:54','2025-07-11 05:45:54',32,NULL,NULL),
(21,17,18,NULL,1,2,NULL,NULL,NULL,'2025-07-11 05:46:02','2025-07-11 05:46:03',33,NULL,NULL),
(22,17,18,21,1,4,NULL,NULL,NULL,'2025-07-11 05:46:10','2025-07-11 05:46:10',33,NULL,NULL),
(23,17,19,NULL,1,10,NULL,NULL,NULL,'2025-07-11 05:46:33','2025-07-11 05:46:33',3,521,3),
(24,18,20,NULL,1,2,NULL,NULL,NULL,'2025-07-11 05:47:15','2025-07-11 05:47:15',34,NULL,NULL),
(25,19,21,NULL,1,2,NULL,NULL,NULL,'2025-07-11 05:47:28','2025-07-11 05:47:28',35,NULL,NULL),
(26,19,21,25,1,4,NULL,NULL,NULL,'2025-07-11 05:47:34','2025-07-11 05:47:34',35,NULL,NULL),
(27,20,22,NULL,13,2,NULL,NULL,NULL,'2025-07-14 09:51:00','2025-07-14 09:51:01',1,NULL,NULL),
(28,20,22,27,13,6,NULL,NULL,NULL,'2025-07-14 11:56:29','2025-07-14 11:56:29',1,NULL,NULL),
(29,20,23,NULL,13,10,NULL,NULL,NULL,'2025-07-14 11:56:45','2025-07-14 11:56:47',1,521,4),
(30,21,24,NULL,13,2,NULL,NULL,NULL,'2025-07-14 12:01:04','2025-07-14 12:01:08',1,NULL,NULL),
(31,22,25,NULL,13,2,NULL,NULL,NULL,'2025-07-14 12:05:55','2025-07-14 12:05:56',1,NULL,NULL),
(32,23,26,NULL,13,2,NULL,NULL,NULL,'2025-07-14 12:12:28','2025-07-14 12:12:30',1,NULL,NULL),
(33,24,27,NULL,13,2,NULL,NULL,NULL,'2025-07-14 12:17:57','2025-07-14 12:17:58',1,NULL,NULL),
(34,25,28,NULL,13,2,NULL,NULL,NULL,'2025-07-14 12:21:09','2025-07-14 12:21:10',1,NULL,NULL),
(35,26,29,NULL,13,2,NULL,NULL,NULL,'2025-07-14 12:28:17','2025-07-14 12:28:18',1,NULL,NULL),
(36,27,30,NULL,13,2,NULL,NULL,NULL,'2025-07-14 12:33:41','2025-07-14 12:33:41',1,NULL,NULL),
(37,28,31,NULL,13,2,NULL,NULL,NULL,'2025-07-14 12:37:01','2025-07-14 12:37:02',1,NULL,NULL),
(38,29,32,NULL,13,2,NULL,NULL,NULL,'2025-07-14 12:42:57','2025-07-14 12:42:58',1,NULL,NULL),
(39,30,33,NULL,13,2,NULL,NULL,NULL,'2025-07-14 12:47:20','2025-07-14 12:47:21',1,NULL,NULL),
(40,31,34,NULL,13,2,NULL,NULL,NULL,'2025-07-14 12:54:07','2025-07-14 12:54:07',1,NULL,NULL),
(41,21,24,30,13,6,NULL,NULL,NULL,'2025-07-14 13:05:12','2025-07-14 13:05:12',1,NULL,NULL),
(42,21,35,NULL,13,10,NULL,NULL,NULL,'2025-07-14 13:05:35','2025-07-14 13:05:37',1,521,5),
(43,22,25,31,13,6,NULL,NULL,NULL,'2025-07-14 13:06:49','2025-07-14 13:06:49',1,NULL,NULL),
(44,22,36,NULL,13,10,NULL,NULL,NULL,'2025-07-14 13:07:08','2025-07-14 13:07:10',1,521,6),
(45,23,26,32,13,6,NULL,NULL,NULL,'2025-07-14 13:07:24','2025-07-14 13:07:24',1,NULL,NULL),
(46,23,37,NULL,13,10,NULL,NULL,NULL,'2025-07-14 13:07:39','2025-07-14 13:07:40',1,521,7),
(47,24,27,33,13,6,NULL,NULL,NULL,'2025-07-14 13:07:54','2025-07-14 13:07:54',1,NULL,NULL),
(48,24,38,NULL,13,10,NULL,NULL,NULL,'2025-07-14 13:08:07','2025-07-14 13:08:09',1,521,8),
(49,25,28,34,13,6,NULL,NULL,NULL,'2025-07-14 13:08:25','2025-07-14 13:08:25',1,NULL,NULL),
(50,25,39,NULL,13,10,NULL,NULL,NULL,'2025-07-14 13:08:40','2025-07-14 13:08:41',1,521,9),
(51,26,29,35,13,6,NULL,NULL,NULL,'2025-07-14 13:08:57','2025-07-14 13:08:57',1,NULL,NULL),
(52,26,40,NULL,13,10,NULL,NULL,NULL,'2025-07-14 13:09:12','2025-07-14 13:09:14',1,521,10),
(53,27,30,36,13,6,NULL,NULL,NULL,'2025-07-14 13:10:16','2025-07-14 13:10:16',1,NULL,NULL),
(54,27,41,NULL,13,10,NULL,NULL,NULL,'2025-07-14 13:10:29','2025-07-14 13:10:30',1,521,11),
(55,28,31,37,13,6,NULL,NULL,NULL,'2025-07-14 13:11:01','2025-07-14 13:11:01',1,NULL,NULL),
(56,28,42,NULL,13,10,NULL,NULL,NULL,'2025-07-14 13:11:29','2025-07-14 13:11:31',1,521,12),
(57,29,32,38,13,6,NULL,NULL,NULL,'2025-07-14 13:11:44','2025-07-14 13:11:44',1,NULL,NULL),
(58,29,43,NULL,13,10,NULL,NULL,NULL,'2025-07-14 13:11:59','2025-07-14 13:12:00',1,521,13),
(59,31,34,40,13,6,NULL,NULL,NULL,'2025-07-14 13:12:19','2025-07-14 13:12:19',1,NULL,NULL),
(60,31,44,NULL,13,10,NULL,NULL,NULL,'2025-07-14 13:12:34','2025-07-14 13:12:35',1,521,14),
(61,30,33,39,13,6,NULL,NULL,NULL,'2025-07-14 13:12:49','2025-07-14 13:12:49',1,NULL,NULL),
(62,30,45,NULL,13,10,NULL,NULL,NULL,'2025-07-14 13:13:03','2025-07-14 13:13:05',1,521,15),
(63,32,46,NULL,13,2,NULL,NULL,NULL,'2025-07-14 13:15:38','2025-07-14 13:15:39',1,NULL,NULL),
(64,33,47,NULL,13,2,NULL,NULL,NULL,'2025-07-14 13:20:14','2025-07-14 13:20:15',1,NULL,NULL),
(65,34,48,NULL,13,2,NULL,NULL,NULL,'2025-07-14 13:24:43','2025-07-14 13:24:44',1,NULL,NULL),
(70,39,53,NULL,13,2,NULL,NULL,NULL,'2025-07-14 13:56:26','2025-07-14 13:56:26',1,NULL,NULL),
(71,40,54,NULL,13,2,NULL,NULL,NULL,'2025-07-14 13:59:52','2025-07-14 13:59:53',1,NULL,NULL),
(72,41,55,NULL,13,2,NULL,NULL,NULL,'2025-07-14 14:09:24','2025-07-14 14:09:25',1,NULL,NULL),
(73,32,46,63,13,6,NULL,NULL,NULL,'2025-07-14 14:16:42','2025-07-14 14:16:42',1,NULL,NULL),
(74,32,56,NULL,13,10,NULL,NULL,NULL,'2025-07-14 14:16:58','2025-07-14 14:17:00',1,521,16),
(75,33,47,64,13,6,NULL,NULL,NULL,'2025-07-14 14:17:15','2025-07-14 14:17:15',1,NULL,NULL),
(76,33,57,NULL,13,10,NULL,NULL,NULL,'2025-07-14 14:17:29','2025-07-14 14:17:30',1,521,17),
(77,34,48,65,13,6,NULL,NULL,NULL,'2025-07-14 14:17:45','2025-07-14 14:17:45',1,NULL,NULL),
(78,34,58,NULL,13,10,NULL,NULL,NULL,'2025-07-14 14:18:00','2025-07-14 14:18:01',1,521,18),
(79,39,53,70,13,6,NULL,NULL,NULL,'2025-07-14 14:18:27','2025-07-14 14:18:27',1,NULL,NULL),
(80,39,59,NULL,13,10,NULL,NULL,NULL,'2025-07-14 14:18:40','2025-07-14 14:18:41',1,521,19),
(81,40,54,71,13,6,NULL,NULL,NULL,'2025-07-14 14:19:00','2025-07-14 14:19:00',1,NULL,NULL),
(82,40,60,NULL,13,10,NULL,NULL,NULL,'2025-07-14 14:19:13','2025-07-14 14:19:14',1,521,20),
(83,41,55,72,13,6,NULL,NULL,NULL,'2025-07-14 14:19:31','2025-07-14 14:19:31',1,NULL,NULL),
(84,41,61,NULL,13,10,NULL,NULL,NULL,'2025-07-14 14:19:45','2025-07-14 14:19:46',1,521,21),
(85,42,62,NULL,13,2,NULL,NULL,NULL,'2025-08-14 07:26:45','2025-08-14 07:26:46',1,NULL,NULL),
(86,43,63,NULL,13,2,NULL,NULL,NULL,'2025-08-14 07:29:50','2025-08-14 07:29:51',36,NULL,NULL);
/*!40000 ALTER TABLE `submission_files` ENABLE KEYS */;
UNLOCK TABLES;
commit;

--
-- Table structure for table `submission_search_keyword_list`
--

DROP TABLE IF EXISTS `submission_search_keyword_list`;
/*!40101 SET @saved_cs_client     = @@character_set_client */;
/*!40101 SET character_set_client = utf8mb4 */;
CREATE TABLE `submission_search_keyword_list` (
  `keyword_id` bigint NOT NULL AUTO_INCREMENT,
  `keyword_text` varchar(60) NOT NULL,
  PRIMARY KEY (`keyword_id`),
  UNIQUE KEY `submission_search_keyword_text` (`keyword_text`)
) ENGINE=InnoDB AUTO_INCREMENT=1494 DEFAULT CHARSET=utf8mb3;
/*!40101 SET character_set_client = @saved_cs_client */;

--
-- Dumping data for table `submission_search_keyword_list`
--

LOCK TABLES `submission_search_keyword_list` WRITE;
/*!40000 ALTER TABLE `submission_search_keyword_list` DISABLE KEYS */;
set autocommit=0;
INSERT INTO `submission_search_keyword_list` VALUES
(591,'1960s'),
(421,'1ˢᵗ'),
(413,'3ʳᵈ'),
(420,'7ᵗʰ'),
(893,'aarhus'),
(1164,'abstract'),
(274,'abteilung'),
(342,'acceptance'),
(154,'account'),
(1181,'accounts'),
(682,'accuracy'),
(167,'achim'),
(276,'ackerbau'),
(1189,'act'),
(1405,'adam'),
(634,'adaptation'),
(931,'addition'),
(594,'adjustment'),
(1175,'administration'),
(353,'adopting'),
(992,'aegean'),
(571,'age'),
(1314,'agents'),
(268,'agentur'),
(273,'ages'),
(1149,'agricultural'),
(750,'agriocnemis'),
(490,'ahead'),
(1130,'aim'),
(557,'aiming'),
(617,'air'),
(1,'alan'),
(1186,'aligning'),
(1414,'aliquots'),
(196,'alle'),
(466,'analysis'),
(1217,'analytical'),
(1178,'analyze'),
(577,'analyzed'),
(1199,'anastassia'),
(1343,'andere'),
(265,'anna'),
(1053,'anomalies'),
(1426,'anomalous'),
(377,'antefix'),
(785,'anthropogenic'),
(89,'antibiotics'),
(661,'anticyclonic'),
(56,'antimicrobial'),
(238,'anzahl'),
(437,'apotropaic'),
(429,'appeared'),
(1148,'appel'),
(524,'application'),
(1104,'applications'),
(669,'applied'),
(1449,'apply'),
(1456,'applying'),
(355,'approach'),
(836,'approved'),
(787,'aquatic'),
(1183,'arable'),
(993,'arc'),
(1433,'archaeological'),
(425,'architectural'),
(984,'arcs'),
(380,'ardea'),
(210,'area'),
(195,'areas'),
(358,'argued'),
(753,'arrenurus'),
(1437,'art'),
(381,'article'),
(1271,'artifact'),
(1208,'artifacts'),
(128,'aryan'),
(506,'asian'),
(588,'assess'),
(758,'assessed'),
(1138,'assessment'),
(1030,'assimilation'),
(662,'atmospheric'),
(636,'attention'),
(559,'attractive'),
(209,'aus'),
(213,'ausgegraben'),
(1363,'ausländische'),
(298,'austria'),
(1350,'auswendig'),
(405,'author'),
(1237,'automated'),
(825,'autoregressive'),
(770,'autumn'),
(534,'back'),
(1084,'baersch'),
(496,'balance'),
(119,'bangla'),
(790,'bangladesh'),
(810,'bank'),
(919,'barrier'),
(296,'basalis'),
(401,'based'),
(1033,'basement'),
(1193,'basis'),
(1401,'basran'),
(1291,'bazaars'),
(900,'beach'),
(615,'bechtel'),
(1134,'begin'),
(1349,'begriffspaare'),
(1119,'behaviour'),
(257,'bei'),
(407,'belongs'),
(614,'benjamin'),
(1344,'bereits'),
(181,'bericht'),
(714,'berlin'),
(883,'berntsen'),
(222,'bestimmbar'),
(264,'bet'),
(1431,'bettue'),
(1159,'biogas'),
(144,'biscuit'),
(608,'björn'),
(1207,'block'),
(1251,'blocks'),
(884,'blæsbjerg'),
(605,'bochum'),
(1080,'bollweg'),
(1365,'botschaften'),
(590,'boundary'),
(813,'branch'),
(1160,'brandenburg'),
(459,'brexit'),
(1477,'bright'),
(1409,'brightest'),
(1474,'brightness'),
(1322,'bring'),
(1406,'brumm'),
(1403,'budianto'),
(531,'building'),
(554,'built'),
(945,'bulletin'),
(1430,'bulu'),
(1402,'burhan'),
(1118,'business'),
(1121,'buying'),
(211,'byzantinische'),
(188,'byzantinischen'),
(761,'calculated'),
(1009,'calculations'),
(838,'calibrated'),
(648,'campaigns'),
(880,'campus'),
(4,'cape'),
(445,'capitale'),
(846,'capture'),
(395,'carabinieri'),
(1323,'carry'),
(622,'case'),
(97,'cases'),
(1266,'caused'),
(526,'center'),
(523,'centers'),
(418,'central'),
(967,'centre'),
(414,'century'),
(1240,'challenge'),
(357,'challenges'),
(1416,'challenging'),
(633,'change'),
(743,'changing'),
(1122,'channels'),
(840,'characteristics'),
(366,'characterizing'),
(1198,'charles'),
(1243,'cheap'),
(492,'china'),
(1283,'chris'),
(887,'christian'),
(1439,'chronologies'),
(1464,'chronology'),
(1458,'circumvent'),
(1129,'cities'),
(653,'citizen'),
(442,'citta'),
(530,'city'),
(1162,'class'),
(162,'classification'),
(142,'classify'),
(632,'climate'),
(744,'climates'),
(747,'climatic'),
(96,'clinical'),
(1054,'clinopyroxenes'),
(1027,'closed'),
(689,'cloud'),
(910,'coastal'),
(676,'coefficient'),
(936,'coincide'),
(173,'coins'),
(80,'coli'),
(62,'coliforms'),
(1267,'collected'),
(388,'collection'),
(394,'comando'),
(1172,'combining'),
(1420,'commonly'),
(1254,'compactness'),
(75,'compared'),
(475,'comparison'),
(1114,'competitive'),
(837,'completed'),
(854,'completion'),
(1211,'components'),
(1471,'composed'),
(1069,'compositional'),
(1036,'compositionally'),
(1012,'compositions'),
(1244,'computational'),
(450,'computer'),
(472,'comtrade'),
(93,'concentration'),
(23,'conclusive'),
(640,'concurrently'),
(117,'conditional'),
(125,'conditionals'),
(663,'conditions'),
(25,'conflicting'),
(106,'conjugative'),
(943,'connection'),
(784,'consequence'),
(697,'considered'),
(102,'consistent'),
(586,'consolidated'),
(914,'constrained'),
(828,'construction'),
(137,'constructions'),
(332,'contemporary'),
(631,'context'),
(1032,'continental'),
(43,'continuous'),
(704,'contribute'),
(667,'control'),
(720,'cooler'),
(741,'cope'),
(898,'copenhagen'),
(38,'corporate'),
(1478,'corrections'),
(1055,'correlate'),
(776,'correlated'),
(130,'correlative'),
(485,'countries'),
(495,'country'),
(1050,'coupled'),
(690,'cover'),
(336,'covered'),
(1216,'critical'),
(670,'crowdsourced'),
(616,'crowdsourcing'),
(737,'crucial'),
(1017,'crustal'),
(1020,'crystallisation'),
(1167,'cultivation'),
(360,'cultural'),
(399,'culturale'),
(1445,'curve'),
(1142,'customer'),
(1120,'customers'),
(655,'cws'),
(439,'dai'),
(752,'damselflies'),
(725,'damselfly'),
(792,'daria'),
(1334,'das'),
(316,'dass'),
(122,'data'),
(473,'database'),
(832,'dataset'),
(1417,'date'),
(533,'dates'),
(928,'dating'),
(657,'day'),
(1394,'dazu'),
(42,'decisions'),
(385,'decorated'),
(1136,'decoupled'),
(563,'deficit'),
(527,'defined'),
(397,'del'),
(845,'delay'),
(115,'delhi'),
(564,'delimitation'),
(521,'delimiting'),
(1358,'dem'),
(1236,'demand'),
(1382,'demnach'),
(1071,'demonstrate'),
(194,'den'),
(1388,'denkt'),
(877,'denmark'),
(873,'department'),
(416,'depicted'),
(553,'depopulation'),
(393,'deposited'),
(905,'deposits'),
(1018,'depths'),
(191,'der'),
(699,'derived'),
(193,'des'),
(567,'describes'),
(403,'description'),
(1221,'designed'),
(1265,'detecting'),
(1206,'detection'),
(555,'deterioration'),
(677,'determination'),
(929,'determine'),
(493,'determines'),
(942,'determining'),
(467,'develop'),
(831,'developers'),
(49,'development'),
(346,'developments'),
(290,'diagnose'),
(185,'die'),
(1378,'diejenigen'),
(320,'dies'),
(203,'diesem'),
(180,'dieser'),
(90,'difference'),
(665,'differences'),
(978,'differentiation'),
(1102,'digital'),
(1094,'digitalization'),
(455,'dima'),
(1007,'diorites'),
(582,'disaggregated'),
(364,'disappeared'),
(339,'disciplinary'),
(382,'discusses'),
(158,'discussing'),
(1295,'discussion'),
(1106,'disruptive'),
(853,'distinct'),
(148,'distinction'),
(428,'distributed'),
(41,'distribution'),
(139,'distributional'),
(1253,'distributions'),
(263,'district'),
(1296,'div'),
(31,'dividend'),
(10,'dividends'),
(134,'division'),
(938,'documented'),
(562,'domain'),
(498,'dominant'),
(1085,'dortmund'),
(1450,'dose'),
(1297,'drawing'),
(1311,'draws'),
(232,'drei'),
(721,'drier'),
(1101,'drive'),
(1191,'drivers'),
(1232,'drone'),
(783,'drought'),
(878,'dtu'),
(688,'due'),
(820,'dynamics'),
(535,'early'),
(164,'earth'),
(707,'eartharxiv'),
(701,'easily'),
(126,'eastern'),
(1194,'economic'),
(804,'economics'),
(1151,'economies'),
(29,'economists'),
(892,'ecoscience'),
(756,'ectoparasites'),
(1249,'edges'),
(1190,'eeg'),
(1196,'effects'),
(850,'efficiency'),
(303,'eigelege'),
(323,'eigelegen'),
(1369,'eigenen'),
(1387,'eigentlich'),
(1374,'ein'),
(226,'eine'),
(1368,'einem'),
(1340,'eines'),
(318,'eiparasitoiden'),
(795,'electrical'),
(426,'elements'),
(509,'elisabete'),
(1315,'emergence'),
(885,'emilia'),
(841,'emphasisputon'),
(13,'empirical'),
(1169,'employing'),
(823,'employs'),
(1213,'enabling'),
(1248,'enclosed'),
(107,'encoding'),
(1108,'endangers'),
(157,'ends'),
(1155,'energy'),
(796,'engineering'),
(1047,'enrichments'),
(71,'enterobacteriacea'),
(1383,'entscheidet'),
(1380,'entscheidungen'),
(1348,'entsprechenden'),
(955,'environment'),
(1099,'environmental'),
(1013,'equilibration'),
(315,'ergaben'),
(242,'ergänzen'),
(271,'ernährungssicherheit'),
(680,'error'),
(696,'errors'),
(321,'erste'),
(999,'erupted'),
(79,'escherichia'),
(643,'essential'),
(1442,'establish'),
(406,'establishes'),
(847,'estate'),
(1485,'estimate'),
(1452,'estimates'),
(1447,'estimation'),
(1303,'ethnic'),
(1290,'ethnicity'),
(1298,'ethnographic'),
(1279,'ethnologie'),
(417,'etruria'),
(387,'etruscan'),
(375,'etrusco'),
(326,'europe'),
(461,'european'),
(639,'evaluate'),
(641,'evaluating'),
(47,'evaluation'),
(626,'events'),
(14,'evidence'),
(789,'evoecoarxiv'),
(576,'evolution'),
(1040,'evolved'),
(917,'exact'),
(745,'examine'),
(174,'excavation'),
(1307,'exchange'),
(503,'exchanges'),
(1109,'existence'),
(34,'existing'),
(826,'exogenous'),
(1123,'expect'),
(1143,'expectations'),
(780,'experience'),
(1301,'experimental'),
(749,'explain'),
(1170,'explicit'),
(566,'explored'),
(1305,'explores'),
(478,'export'),
(1463,'extend'),
(149,'extends'),
(1026,'extensive'),
(781,'extreme'),
(1043,'extremely'),
(550,'fabric'),
(540,'fabrics'),
(1246,'face'),
(748,'factors'),
(794,'faculty'),
(1427,'fading'),
(74,'faeces'),
(933,'fall'),
(140,'favor'),
(1324,'features'),
(708,'federal'),
(1415,'feldspar'),
(1424,'feldspars'),
(1152,'felipe'),
(751,'femina'),
(513,'fernando'),
(311,'festgestellt'),
(647,'field'),
(1238,'fields'),
(76,'fifteen'),
(1484,'final'),
(28,'financial'),
(40,'financing'),
(1180,'find'),
(1366,'finden'),
(786,'finding'),
(864,'findings'),
(1454,'finite'),
(20,'firm'),
(1197,'fleischmann'),
(1233,'flight'),
(1065,'flow'),
(916,'fluctuations'),
(1313,'foci'),
(197,'folgenden'),
(815,'foltys'),
(514,'fonseca'),
(859,'forces'),
(1041,'form'),
(935,'formation'),
(921,'formed'),
(124,'forming'),
(1316,'forms'),
(1028,'fractional'),
(1068,'fractions'),
(803,'frącz'),
(1385,'fragt'),
(344,'frame'),
(1302,'framework'),
(1147,'franziska'),
(703,'freely'),
(713,'freie'),
(872,'freiesleben'),
(1252,'frequency'),
(782,'frequent'),
(971,'frische'),
(502,'fuels'),
(44,'function'),
(560,'functional'),
(868,'functioning'),
(251,'fundmünzen'),
(269,'für'),
(18,'future'),
(1006,'gabbronorites'),
(1005,'gabbros'),
(341,'gained'),
(1335,'gehören'),
(1341,'geht'),
(1354,'gemacht'),
(221,'genau'),
(365,'generally'),
(953,'geography'),
(954,'geology'),
(965,'geomar'),
(1247,'geometries'),
(891,'geopark'),
(959,'geosciences'),
(240,'gering'),
(176,'german'),
(660,'germany'),
(962,'gertisser'),
(270,'gesundheit'),
(944,'geus'),
(1293,'gift'),
(583,'gis'),
(930,'gjellerodde'),
(890,'global'),
(1260,'globally'),
(897,'globe'),
(272,'gmbh'),
(434,'goddess'),
(1398,'gonzález'),
(673,'good'),
(1289,'goods'),
(468,'google'),
(1400,'gorman'),
(288,'gottsberger'),
(192,'grabungssaison'),
(1448,'grains'),
(1219,'graph'),
(799,'grażyna'),
(769,'greater'),
(1479,'greatly'),
(982,'greece'),
(1284,'gregory'),
(104,'group'),
(505,'growing'),
(538,'growth'),
(1345,'grundschule'),
(304,'grünen'),
(512,'guarda'),
(114,'guha'),
(32,'guidance'),
(1212,'guiding'),
(1277,'guido'),
(613,'hagemann'),
(1288,'hahn'),
(1404,'hakim'),
(958,'halama'),
(372,'hamutal'),
(319,'handelt'),
(611,'hannover'),
(1287,'hans'),
(964,'hansteen'),
(227,'hasmonäische'),
(1392,'hat'),
(1333,'hauptstadt'),
(1351,'hauptstädten'),
(630,'health'),
(72,'healthy'),
(625,'heat'),
(57,'heavy'),
(1282,'heidelberg'),
(371,'heijournals'),
(1332,'heinrichs'),
(1075,'hellenic'),
(225,'hellenistische'),
(186,'hellenistischen'),
(966,'helmholtz'),
(1320,'helps'),
(719,'herberstein'),
(1327,'herrschaft'),
(1132,'hesitant'),
(1205,'heuristic'),
(1372,'heute'),
(842,'hidden'),
(675,'high'),
(1462,'higher'),
(852,'highlight'),
(482,'highlighting'),
(1195,'highlights'),
(349,'highly'),
(542,'historic'),
(522,'historical'),
(1090,'hochschule'),
(607,'hogan'),
(913,'holocene'),
(66,'hospital'),
(727,'host'),
(656,'hot'),
(772,'hotter'),
(329,'houben'),
(818,'housing'),
(73,'human'),
(816,'humanitas'),
(1146,'humboldt'),
(1472,'hundreds'),
(299,'hymenoptera'),
(143,'hypothetical'),
(886,'høffer'),
(1176,'iacs'),
(1245,'identification'),
(78,'identified'),
(1264,'identifies'),
(585,'identify'),
(543,'identity'),
(1356,'ihres'),
(427,'image'),
(629,'impact'),
(730,'impacted'),
(27,'implications'),
(1139,'implies'),
(477,'import'),
(1488,'improved'),
(596,'included'),
(1011,'inclusion'),
(1042,'inclusions'),
(1048,'incompatible'),
(722,'increase'),
(1051,'increasing'),
(1272,'index'),
(579,'indexes'),
(941,'indicator'),
(1057,'indices'),
(768,'individual'),
(765,'individuals'),
(127,'indo'),
(333,'indonesia'),
(348,'indonesian'),
(1105,'industry'),
(764,'infected'),
(111,'infection'),
(65,'infections'),
(483,'influence'),
(801,'informatics'),
(698,'information'),
(706,'informed'),
(92,'inhibitory'),
(874,'inm'),
(1107,'innovation'),
(827,'inputs'),
(282,'insect'),
(788,'insects'),
(1133,'insecurity'),
(215,'insgesamt'),
(866,'insight'),
(985,'insights'),
(277,'institut'),
(449,'institute'),
(1174,'integrated'),
(766,'intensity'),
(561,'inter'),
(729,'interactions'),
(404,'interpretation'),
(1060,'interpreted'),
(547,'interventions'),
(46,'intuitive'),
(1165,'investigates'),
(39,'investment'),
(36,'investors'),
(581,'involved'),
(7,'ipsum'),
(68,'iran'),
(67,'isfahan'),
(113,'ishani'),
(330,'islam'),
(233,'islamische'),
(189,'islamischen'),
(340,'islamization'),
(627,'island'),
(63,'isolated'),
(77,'isolates'),
(1023,'isotope'),
(261,'israel'),
(177,'israeli'),
(857,'issuance'),
(24,'issue'),
(241,'ist'),
(440,'italian'),
(376,'italic'),
(419,'italy'),
(1163,'item'),
(1312,'items'),
(178,'iẓṭabba'),
(453,'jaffrès'),
(245,'jahren'),
(390,'jerusalem'),
(169,'jessica'),
(423,'jewellery'),
(325,'jki'),
(814,'joachim'),
(166,'johananoff'),
(598,'josis'),
(259,'journals'),
(446,'justin'),
(1491,'kabupaten'),
(229,'kaiserzeitliche'),
(54,'karbasizaed'),
(1281,'karls'),
(182,'katalogisiert'),
(198,'katalogisierten'),
(452,'katia'),
(711,'kawsar'),
(956,'keele'),
(1466,'keeping'),
(82,'kelebsiella'),
(250,'kenntnis'),
(1435,'key'),
(712,'khan'),
(969,'kiel'),
(1399,'kieran'),
(163,'kim'),
(136,'kinds'),
(946,'kingdom'),
(1492,'kolaka'),
(949,'kommune'),
(1364,'konsulate'),
(184,'kontextualisiert'),
(1285,'kostas'),
(895,'krog'),
(1078,'kykladon'),
(368,'label'),
(135,'labor'),
(283,'laboratories'),
(1086,'lackes'),
(435,'laden'),
(1145,'lakes'),
(1157,'land'),
(1357,'landes'),
(733,'landscapes'),
(129,'language'),
(1299,'lao'),
(1292,'laos'),
(600,'lara'),
(1262,'large'),
(1079,'lars'),
(896,'larsen'),
(881,'lasse'),
(915,'late'),
(415,'latium'),
(975,'lausanne'),
(996,'lavas'),
(843,'layer'),
(1470,'layers'),
(441,'lazio'),
(1432,'lbb'),
(487,'leading'),
(152,'leads'),
(1429,'leang'),
(610,'leibniz'),
(948,'lemvig'),
(1346,'lernen'),
(909,'level'),
(168,'lichtenberger'),
(1473,'lies'),
(1179,'likelihood'),
(911,'limfjord'),
(644,'limited'),
(602,'linden'),
(1025,'line'),
(1460,'linearity'),
(1318,'linked'),
(308,'linnaeus'),
(12,'literature'),
(1457,'lntn'),
(363,'local'),
(350,'localized'),
(1127,'looro'),
(1110,'looros'),
(6,'lorem'),
(1423,'low'),
(1021,'lower'),
(447,'loye'),
(926,'luminescence'),
(961,'luther'),
(870,'luzern'),
(806,'mach'),
(500,'machinery'),
(1377,'macht'),
(410,'made'),
(977,'magmatic'),
(1418,'main'),
(1158,'maize'),
(558,'make'),
(705,'making'),
(1384,'man'),
(33,'management'),
(1226,'mandatory'),
(286,'manhalter'),
(1111,'manifold'),
(584,'map'),
(508,'maria'),
(1396,'mariana'),
(718,'marie'),
(940,'marine'),
(819,'market'),
(861,'markets'),
(1087,'markus'),
(609,'maronga'),
(1493,'maros'),
(960,'martin'),
(807,'marzena'),
(1141,'match'),
(422,'materials'),
(165,'mati'),
(469,'matrix'),
(970,'matthias'),
(1256,'measurements'),
(778,'mediterranean'),
(1367,'meistens'),
(1010,'melt'),
(1337,'menschen'),
(58,'metal'),
(98,'metals'),
(1259,'method'),
(569,'methodologically'),
(520,'methodology'),
(1218,'methods'),
(1255,'metrics'),
(443,'metropolitana'),
(94,'mic'),
(1413,'micro'),
(619,'microscale'),
(1016,'mid'),
(912,'middle'),
(947,'midtjylland'),
(501,'mineral'),
(1000,'mineralogically'),
(1035,'minerals'),
(515,'minho'),
(91,'minimal'),
(1361,'ministerien'),
(369,'misleading'),
(755,'mite'),
(1091,'mittelhessen'),
(620,'model'),
(637,'modelling'),
(851,'models'),
(1336,'moderne'),
(289,'molekularbiologische'),
(313,'molekularbiologischen'),
(1310,'money'),
(568,'morphological'),
(312,'morphologischen'),
(1391,'moskau'),
(716,'mostakim'),
(281,'mottinger'),
(409,'mould'),
(347,'move'),
(1214,'movement'),
(266,'moyses'),
(1019,'mpa'),
(338,'multi'),
(1171,'multicriteria'),
(110,'multidrug'),
(88,'multiple'),
(480,'multiplicity'),
(470,'multiproduct'),
(228,'münze'),
(199,'münzen'),
(190,'münzfunde'),
(389,'museum'),
(2,'mwandenga'),
(351,'mystical'),
(278,'nachhaltige'),
(275,'nachhaltigen'),
(322,'nachweis'),
(809,'narodowy'),
(821,'narx'),
(759,'natural'),
(352,'nature'),
(1231,'navigation'),
(370,'nbsp'),
(1052,'negative'),
(628,'negatively'),
(1203,'nerds'),
(652,'netatmo'),
(465,'network'),
(1201,'networks'),
(822,'neural'),
(306,'nezara'),
(220,'nicht'),
(894,'nicolaj'),
(684,'night'),
(235,'noch'),
(1077,'nomos'),
(824,'nonlinear'),
(709,'nordrhein'),
(920,'north'),
(262,'northern'),
(1184,'northwest'),
(64,'nosocomial'),
(867,'nuanced'),
(650,'number'),
(834,'numbers'),
(411,'objects'),
(642,'observational'),
(1066,'observations'),
(471,'obtained'),
(237,'obwohl'),
(1436,'occupation'),
(994,'occur'),
(968,'ocean'),
(22,'offer'),
(595,'official'),
(1342,'ohne'),
(359,'older'),
(528,'oldest'),
(1004,'olivine'),
(937,'open'),
(1096,'operated'),
(797,'opole'),
(1487,'optical'),
(924,'optically'),
(1112,'options'),
(548,'order'),
(171,'oren'),
(739,'organism'),
(1100,'organizational'),
(551,'originality'),
(1317,'origins'),
(204,'ort'),
(256,'ortes'),
(927,'osl'),
(324,'österreich'),
(267,'österreichische'),
(1098,'outlets'),
(1037,'overlap'),
(544,'owing'),
(1095,'owner'),
(1128,'owners'),
(1022,'oxygen'),
(621,'palm'),
(120,'paper'),
(589,'parameters'),
(728,'parasite'),
(767,'parasites'),
(302,'parasitierte'),
(723,'parasitism'),
(293,'parasitoid'),
(1359,'parlament'),
(529,'part'),
(131,'participial'),
(155,'participle'),
(906,'past'),
(606,'patrick'),
(398,'patrimonio'),
(105,'pattern'),
(69,'patterns'),
(457,'paul'),
(802,'paweł'),
(1393,'peking'),
(85,'percent'),
(763,'percentage'),
(331,'perception'),
(674,'performance'),
(587,'performed'),
(918,'period'),
(572,'periods'),
(856,'permit'),
(1116,'persist'),
(101,'persons'),
(1294,'perspective'),
(1092,'peter'),
(1329,'pferderücken'),
(291,'pflanzenkrankheiten'),
(279,'pflanzenproduktion'),
(1038,'phenocrysts'),
(876,'physics'),
(1410,'pirir'),
(1215,'place'),
(546,'planning'),
(60,'plasmid'),
(1173,'plot'),
(979,'plutonic'),
(83,'pneumoniae'),
(1177,'pnt'),
(829,'poland'),
(1156,'policies'),
(26,'policy'),
(862,'polish'),
(1353,'politik'),
(1379,'politische'),
(811,'polski'),
(1257,'polygons'),
(511,'polytechnic'),
(760,'population'),
(726,'populations'),
(1064,'porous'),
(525,'portugal'),
(599,'portuguese'),
(488,'position'),
(87,'possess'),
(334,'post'),
(35,'potential'),
(378,'potnia'),
(460,'power'),
(438,'powers'),
(30,'practical'),
(153,'pragmatic'),
(234,'prägungen'),
(1227,'pre'),
(775,'precipitation'),
(1489,'precision'),
(779,'predicted'),
(738,'predicting'),
(343,'predominant'),
(1039,'presence'),
(1428,'present'),
(700,'presented'),
(121,'presents'),
(1073,'preserved'),
(762,'prevalence'),
(1467,'previous'),
(386,'previously'),
(1222,'primarily'),
(671,'prior'),
(310,'privatgärten'),
(668,'procedure'),
(1062,'process'),
(556,'processes'),
(1228,'processing'),
(412,'produced'),
(1168,'production'),
(486,'products'),
(48,'professional'),
(61,'profile'),
(70,'profiles'),
(902,'prograded'),
(179,'project'),
(1483,'propagated'),
(1422,'properties'),
(138,'proposed'),
(1300,'proposes'),
(1242,'proposing'),
(19,'prospects'),
(549,'protect'),
(691,'proved'),
(865,'provide'),
(1140,'provided'),
(1192,'providing'),
(1124,'provision'),
(431,'public'),
(246,'publizierten'),
(1268,'purpose'),
(1224,'purposes'),
(997,'pyroclastic'),
(666,'quality'),
(518,'quantitative'),
(1419,'quartz'),
(160,'question'),
(695,'radiation'),
(1468,'radiocarbon'),
(899,'raised'),
(957,'ralf'),
(517,'ramos'),
(1014,'range'),
(1002,'ranging'),
(489,'ranking'),
(742,'rapidly'),
(888,'rasmussen'),
(1451,'rate'),
(1425,'rates'),
(717,'rayhan'),
(1063,'reactive'),
(635,'receives'),
(21,'recent'),
(976,'record'),
(939,'records'),
(108,'recovered'),
(1480,'reduced'),
(1061,'reflect'),
(335,'reformasi'),
(1113,'regain'),
(1370,'regierungsviertel'),
(112,'region'),
(812,'regional'),
(1276,'regions'),
(1187,'regulatory'),
(597,'rehabilitation'),
(1330,'reisekönigtum'),
(305,'reiswanze'),
(694,'related'),
(103,'relationship'),
(239,'relativ'),
(907,'relative'),
(1440,'reliability'),
(1453,'reliable'),
(430,'religious'),
(45,'rely'),
(81,'remaining'),
(922,'remains'),
(1154,'renewable'),
(292,'report'),
(1250,'represent'),
(1220,'representation'),
(432,'represented'),
(327,'republic'),
(1029,'requirement'),
(284,'research'),
(59,'resistance'),
(740,'respond'),
(1461,'response'),
(731,'result'),
(1486,'resulting'),
(109,'results'),
(1097,'retail'),
(1286,'retsikas'),
(672,'reveals'),
(552,'revert'),
(11,'review'),
(356,'reviews'),
(116,'revisiting'),
(1045,'rich'),
(287,'richard'),
(934,'ridge'),
(901,'ridges'),
(638,'risk'),
(879,'risø'),
(681,'rmse'),
(1407,'roberts'),
(1438,'robust'),
(1058,'rock'),
(998,'rocks'),
(882,'rokkedahl'),
(499,'role'),
(444,'roma'),
(400,'rome'),
(187,'römischen'),
(678,'root'),
(875,'roskilde'),
(1135,'route'),
(1234,'routing'),
(612,'rowell'),
(603,'ruhr'),
(516,'rui'),
(1275,'rules'),
(454,'runser'),
(1280,'ruprecht'),
(664,'rural'),
(458,'sabatier'),
(1395,'sagt'),
(1261,'sampled'),
(981,'santorini'),
(280,'sarah'),
(736,'scales'),
(300,'scelionidae'),
(1355,'schaltzentrale'),
(170,'schellig'),
(952,'school'),
(451,'science'),
(1082,'sciences'),
(908,'sea'),
(950,'sean'),
(175,'season'),
(746,'seasons'),
(1161,'section'),
(863,'sector'),
(1455,'sedimentary'),
(1411,'sediments'),
(830,'segments'),
(1373,'selbstverständlich'),
(1475,'selection'),
(217,'seleukidische'),
(201,'seleukidischen'),
(146,'semantics'),
(494,'sensitivity'),
(1024,'separates'),
(995,'sequence'),
(903,'sequences'),
(408,'series'),
(1125,'services'),
(990,'settings'),
(84,'seventy'),
(1446,'sgc'),
(1015,'shallow'),
(1204,'shape'),
(860,'shaping'),
(37,'shareholding'),
(715,'shatabdi'),
(456,'shepelyansky'),
(645,'short'),
(849,'show'),
(497,'showing'),
(147,'shown'),
(132,'shows'),
(317,'sich'),
(243,'sie'),
(202,'siedlung'),
(255,'siedlungsgeschichte'),
(1088,'siepermann'),
(17,'signal'),
(15,'signaling'),
(8,'signalling'),
(99,'significant'),
(1044,'silica'),
(1269,'simplification'),
(1225,'simplified'),
(219,'sind'),
(367,'single'),
(1046,'sio'),
(1434,'site'),
(1306,'sites'),
(844,'size'),
(649,'small'),
(1481,'smaller'),
(510,'soares'),
(50,'social'),
(1202,'society'),
(1083,'soeren'),
(301,'sommer'),
(1397,'sontag'),
(817,'sosnowiec'),
(1188,'sources'),
(1076,'south'),
(1362,'sowie'),
(1465,'span'),
(207,'späteren'),
(519,'spatial'),
(580,'spatially'),
(735,'spatio'),
(1166,'spatiotemporal'),
(231,'spätrömische'),
(539,'special'),
(484,'specific'),
(1278,'sprenger'),
(773,'spring'),
(679,'squared'),
(1309,'stabilized'),
(230,'städteprägung'),
(224,'städtische'),
(212,'stadtmauer'),
(536,'stages'),
(208,'stammen'),
(1444,'standardised'),
(855,'starts'),
(260,'state'),
(651,'stations'),
(574,'statistical'),
(575,'statistically'),
(1185,'steady'),
(808,'stec'),
(1229,'step'),
(285,'stephan'),
(925,'stimulated'),
(532,'stock'),
(86,'strains'),
(123,'strategies'),
(1209,'street'),
(433,'strong'),
(1274,'structural'),
(1319,'structure'),
(1115,'struggle'),
(354,'studies'),
(623,'study'),
(361,'styles'),
(988,'subduction'),
(545,'subject'),
(1421,'suboptimal'),
(133,'subtle'),
(724,'subtropical'),
(1031,'subvolcanic'),
(1263,'successfully'),
(800,'suchacka'),
(932,'suggest'),
(16,'suggests'),
(839,'suit'),
(1443,'suitability'),
(593,'suitable'),
(1412,'sulawesi'),
(373,'suliman'),
(774,'summer'),
(624,'summertime'),
(573,'supported'),
(1126,'survey'),
(1408,'survival'),
(791,'sylhet'),
(436,'symbolic'),
(1375,'synonym'),
(161,'syntactic'),
(757,'system'),
(1056,'systematically'),
(987,'systems'),
(1241,'tackle'),
(151,'tahole'),
(479,'takes'),
(172,'tal'),
(1476,'targeting'),
(402,'technical'),
(1089,'technische'),
(798,'technology'),
(55,'tehran'),
(618,'temperature'),
(686,'temperatures'),
(683,'temporal'),
(392,'temporarily'),
(1490,'tenggara'),
(646,'term'),
(384,'terracotta'),
(1258,'test'),
(1441,'tests'),
(141,'theories'),
(9,'theory'),
(1008,'thermobarometric'),
(379,'theron'),
(963,'thor'),
(578,'threshold'),
(507,'tib'),
(685,'time'),
(658,'tmax'),
(1144,'tobia'),
(391,'today'),
(100,'tolerant'),
(1103,'tools'),
(565,'topic'),
(1325,'torben'),
(972,'torsten'),
(1182,'total'),
(448,'toulouse'),
(5,'town'),
(1049,'trace'),
(464,'trade'),
(1304,'trading'),
(1117,'traditional'),
(247,'tragen'),
(481,'transactions'),
(986,'transcrustal'),
(1308,'transcultural'),
(702,'transferred'),
(51,'transformation'),
(1150,'transition'),
(1223,'transportation'),
(1067,'trapped'),
(1381,'treffen'),
(848,'trends'),
(871,'trine'),
(295,'trissolcus'),
(1003,'troctolites'),
(777,'tropical'),
(1459,'truncation'),
(1326,'tschiedel'),
(1070,'turn'),
(396,'tutela'),
(1059,'type'),
(156,'types'),
(118,'typology'),
(1210,'ubiquitous'),
(236,'unbestimmte'),
(923,'uncertain'),
(1482,'uncertainty'),
(592,'unchanged'),
(1273,'uncovers'),
(183,'und'),
(687,'underestimated'),
(504,'underlines'),
(145,'underlying'),
(1131,'understand'),
(345,'understanding'),
(1321,'understood'),
(889,'unesco'),
(258,'unims'),
(462,'union'),
(541,'unique'),
(835,'units'),
(604,'universität'),
(974,'université'),
(3,'university'),
(383,'unpublished'),
(159,'unresolved'),
(1371,'uns'),
(253,'unserem'),
(1239,'unsolved'),
(314,'untersuchungen'),
(1338,'untrennbar'),
(1469,'upper'),
(537,'urban'),
(1235,'urgent'),
(491,'usa'),
(476,'usual'),
(53,'vajiheh'),
(692,'valuable'),
(95,'values'),
(601,'van'),
(1072,'variability'),
(1001,'variable'),
(732,'variation'),
(362,'variations'),
(734,'varies'),
(424,'vases'),
(973,'vennemann'),
(1153,'vergara'),
(52,'version'),
(254,'verständnis'),
(206,'viele'),
(223,'vier'),
(328,'vincent'),
(307,'viridula'),
(1230,'visual'),
(858,'vital'),
(983,'volcanic'),
(1074,'volcanica'),
(991,'volcano'),
(1328,'vom'),
(252,'von'),
(244,'vorangegangenen'),
(1200,'vybornova'),
(1386,'washington'),
(294,'wasp'),
(754,'water'),
(904,'wave'),
(693,'weaknesses'),
(654,'weather'),
(1093,'weber'),
(248,'weiter'),
(1389,'welche'),
(200,'werden'),
(659,'western'),
(710,'westfalen'),
(1081,'westphalia'),
(951,'whitley'),
(1360,'wichtige'),
(337,'wide'),
(309,'wiener'),
(771,'winter'),
(1347,'wir'),
(1352,'wird'),
(374,'wolf'),
(297,'wollaston'),
(150,'word'),
(570,'work'),
(1270,'workflow'),
(463,'world'),
(793,'wotzka'),
(1137,'wrong'),
(214,'wurde'),
(216,'wurden'),
(1034,'xenolith'),
(980,'xenoliths'),
(833,'year'),
(474,'years'),
(1331,'zeit'),
(1376,'zentrum'),
(869,'zhb'),
(989,'zone'),
(205,'zugeordnet'),
(249,'zur'),
(1339,'zusammen'),
(1390,'zusicherungen'),
(218,'zwei'),
(805,'łukasz');
/*!40000 ALTER TABLE `submission_search_keyword_list` ENABLE KEYS */;
UNLOCK TABLES;
commit;

--
-- Table structure for table `submission_search_object_keywords`
--

DROP TABLE IF EXISTS `submission_search_object_keywords`;
/*!40101 SET @saved_cs_client     = @@character_set_client */;
/*!40101 SET character_set_client = utf8mb4 */;
CREATE TABLE `submission_search_object_keywords` (
  `object_id` bigint NOT NULL,
  `keyword_id` bigint NOT NULL,
  `pos` int NOT NULL COMMENT 'Word position of the keyword in the object.',
  UNIQUE KEY `submission_search_object_keywords_pkey` (`object_id`,`pos`),
  KEY `submission_search_object_keywords_keyword_id` (`keyword_id`)
) ENGINE=InnoDB DEFAULT CHARSET=utf8mb3;
/*!40101 SET character_set_client = @saved_cs_client */;

--
-- Dumping data for table `submission_search_object_keywords`
--

LOCK TABLES `submission_search_object_keywords` WRITE;
/*!40000 ALTER TABLE `submission_search_object_keywords` DISABLE KEYS */;
set autocommit=0;
INSERT INTO `submission_search_object_keywords` VALUES
(9,1,0),
(9,2,1),
(9,3,2),
(33,3,2),
(41,3,2),
(81,3,19),
(89,3,7),
(89,3,11),
(97,3,12),
(113,3,6),
(113,3,12),
(113,3,18),
(113,3,24),
(113,3,37),
(121,3,7),
(121,3,11),
(121,3,24),
(121,3,32),
(121,3,40),
(121,3,49),
(121,3,55),
(129,3,7),
(129,3,23),
(137,3,4),
(137,3,10),
(137,3,14),
(137,3,24),
(153,3,8),
(153,3,18),
(9,4,3),
(9,5,4),
(9,6,5),
(9,7,6),
(10,8,0),
(10,9,1),
(11,9,1),
(163,9,27),
(10,10,2),
(11,10,3),
(10,11,3),
(10,12,4),
(67,12,8),
(67,12,31),
(10,13,5),
(11,13,9),
(107,13,24),
(10,14,6),
(11,14,10),
(11,14,13),
(43,14,24),
(131,14,52),
(131,14,86),
(11,15,0),
(11,16,2),
(107,16,111),
(121,16,151),
(123,16,94),
(11,17,4),
(179,17,21),
(11,18,5),
(147,18,78),
(11,19,6),
(11,20,7),
(11,21,8),
(83,21,11),
(11,22,11),
(147,22,67),
(11,23,12),
(11,24,14),
(11,25,15),
(11,26,16),
(11,26,22),
(11,27,17),
(146,27,4),
(11,28,18),
(11,29,19),
(11,30,20),
(11,31,21),
(11,31,37),
(11,32,23),
(11,33,24),
(11,33,36),
(11,34,25),
(91,34,34),
(11,35,26),
(35,35,86),
(121,35,156),
(123,35,99),
(11,36,27),
(115,36,24),
(115,36,95),
(11,37,28),
(11,38,29),
(11,39,30),
(11,40,31),
(11,41,32),
(179,41,93),
(11,42,33),
(11,42,38),
(99,42,165),
(11,43,34),
(11,44,35),
(11,45,39),
(11,46,40),
(11,47,41),
(98,47,4),
(99,47,39),
(99,47,85),
(99,47,127),
(99,47,142),
(99,47,149),
(13,48,0),
(13,49,1),
(67,49,48),
(145,49,10),
(153,49,6),
(155,49,6),
(155,49,117),
(13,50,2),
(91,50,23),
(153,50,3),
(163,50,53),
(13,51,3),
(139,51,23),
(33,53,0),
(33,54,1),
(33,55,3),
(34,56,0),
(35,56,0),
(35,56,67),
(34,57,1),
(35,57,1),
(35,57,51),
(35,57,58),
(35,57,74),
(34,58,2),
(35,58,2),
(35,58,59),
(34,59,3),
(35,59,3),
(35,59,34),
(35,59,68),
(35,59,73),
(35,59,84),
(34,60,4),
(35,60,5),
(35,60,64),
(35,60,71),
(34,61,5),
(35,61,65),
(34,62,6),
(35,62,7),
(35,62,85),
(34,63,7),
(35,63,9),
(35,63,29),
(35,63,55),
(35,63,79),
(34,64,8),
(35,64,10),
(35,64,18),
(35,64,30),
(35,64,80),
(35,64,87),
(34,65,9),
(35,65,11),
(35,65,19),
(35,65,31),
(35,65,81),
(34,66,10),
(35,66,56),
(34,67,11),
(34,68,12),
(35,69,4),
(115,69,70),
(147,69,48),
(147,69,71),
(35,70,6),
(35,71,8),
(35,72,12),
(35,72,38),
(35,72,60),
(35,73,13),
(35,73,39),
(163,73,42),
(179,73,44),
(35,74,14),
(35,74,40),
(35,74,50),
(35,75,15),
(35,75,36),
(107,75,76),
(35,76,16),
(35,77,17),
(35,78,20),
(163,78,31),
(35,79,21),
(35,80,22),
(35,81,23),
(35,82,24),
(35,83,25),
(35,84,26),
(35,85,27),
(35,86,28),
(35,86,37),
(35,86,47),
(35,86,54),
(35,86,78),
(35,87,32),
(35,88,33),
(99,88,145),
(35,89,35),
(35,89,76),
(35,90,41),
(43,90,23),
(35,91,42),
(35,92,43),
(35,93,44),
(147,93,50),
(35,94,45),
(35,95,46),
(91,95,86),
(131,95,64),
(35,96,48),
(35,97,49),
(155,97,26),
(35,98,52),
(35,98,75),
(35,99,53),
(91,99,6),
(131,99,126),
(35,100,57),
(35,101,61),
(35,102,62),
(35,103,63),
(35,104,66),
(163,104,57),
(35,105,69),
(99,105,108),
(35,106,70),
(35,107,72),
(35,108,77),
(35,109,82),
(91,109,111),
(99,109,34),
(115,109,61),
(35,110,83),
(35,111,88),
(35,112,89),
(128,112,4),
(147,112,52),
(41,113,0),
(41,114,1),
(41,115,3),
(42,116,0),
(42,117,1),
(43,117,44),
(42,118,2),
(42,119,3),
(43,119,10),
(43,120,0),
(43,120,49),
(67,120,29),
(91,120,60),
(139,120,36),
(43,121,1),
(43,122,2),
(91,122,74),
(98,122,3),
(99,122,36),
(99,122,50),
(99,122,83),
(99,122,91),
(99,122,123),
(99,122,136),
(99,122,160),
(115,122,29),
(115,122,47),
(121,122,125),
(123,122,68),
(131,122,59),
(147,122,23),
(153,122,12),
(155,122,99),
(43,123,3),
(99,123,30),
(43,124,4),
(43,125,5),
(43,125,12),
(43,125,14),
(43,125,27),
(43,125,30),
(43,125,32),
(43,125,48),
(43,125,59),
(43,126,6),
(43,127,7),
(43,128,8),
(43,129,9),
(43,129,40),
(43,130,11),
(43,131,13),
(43,131,47),
(43,132,15),
(83,132,36),
(91,132,120),
(99,132,106),
(43,133,16),
(43,134,17),
(112,134,3),
(43,135,18),
(43,136,19),
(43,137,20),
(43,138,21),
(155,138,108),
(43,139,22),
(43,140,25),
(43,141,26),
(43,142,28),
(43,143,29),
(43,144,31),
(43,145,33),
(43,146,34),
(43,147,35),
(43,148,36),
(115,148,18),
(43,149,37),
(43,150,38),
(43,151,39),
(43,152,41),
(43,152,54),
(139,152,60),
(43,153,42),
(43,153,52),
(43,154,43),
(43,154,53),
(83,154,26),
(43,155,45),
(43,156,46),
(43,157,50),
(43,158,51),
(43,159,55),
(99,159,117),
(43,160,56),
(43,161,57),
(43,162,58),
(45,163,0),
(48,164,0),
(56,164,0),
(64,164,0),
(72,164,0),
(80,164,0),
(88,164,0),
(96,164,0),
(104,164,0),
(112,164,0),
(120,164,0),
(128,164,0),
(136,164,0),
(144,164,0),
(152,164,0),
(160,164,0),
(168,164,0),
(184,164,0),
(192,164,0),
(49,165,0),
(49,166,1),
(49,167,2),
(49,168,3),
(49,169,4),
(49,170,5),
(49,171,6),
(49,172,7),
(50,173,0),
(50,174,1),
(50,174,6),
(51,174,18),
(50,175,2),
(50,176,3),
(51,176,15),
(146,176,0),
(50,177,4),
(51,177,16),
(50,178,5),
(51,178,17),
(51,178,109),
(50,179,7),
(51,179,19),
(51,180,0),
(51,181,1),
(51,182,2),
(51,182,51),
(51,183,3),
(51,183,9),
(51,183,22),
(51,183,77),
(51,183,100),
(51,183,101),
(51,183,110),
(57,183,6),
(57,183,30),
(57,183,48),
(59,183,15),
(187,183,2),
(187,183,36),
(187,183,48),
(187,183,70),
(187,183,90),
(51,184,4),
(51,185,5),
(51,185,43),
(51,185,83),
(51,185,91),
(59,185,13),
(187,185,0),
(187,185,22),
(187,185,32),
(187,185,59),
(187,185,73),
(51,186,6),
(51,186,26),
(51,187,7),
(51,188,8),
(51,189,10),
(51,190,11),
(51,191,12),
(51,191,29),
(51,191,36),
(51,191,42),
(51,191,106),
(51,191,113),
(59,191,4),
(59,191,29),
(97,191,2),
(187,191,18),
(187,191,37),
(187,191,68),
(51,192,13),
(51,193,14),
(51,193,115),
(51,194,20),
(51,194,92),
(51,194,98),
(59,194,21),
(51,195,21),
(51,195,99),
(75,195,67),
(91,195,98),
(91,195,102),
(99,195,11),
(99,195,27),
(99,195,133),
(99,195,169),
(51,196,23),
(51,197,24),
(51,198,25),
(51,199,27),
(51,199,38),
(51,199,50),
(51,199,53),
(51,199,62),
(51,199,70),
(51,199,73),
(51,199,81),
(51,199,85),
(51,199,96),
(51,200,28),
(51,201,30),
(51,202,31),
(51,203,32),
(51,204,33),
(187,204,38),
(51,205,34),
(51,206,35),
(187,206,42),
(51,207,37),
(51,208,39),
(51,209,40),
(51,209,97),
(59,209,35),
(51,210,41),
(67,210,26),
(91,210,126),
(91,210,132),
(155,210,76),
(51,211,44),
(51,211,72),
(51,212,45),
(51,213,46),
(51,214,47),
(51,215,48),
(51,216,49),
(59,216,1),
(51,217,52),
(51,218,54),
(51,218,79),
(51,219,55),
(187,219,31),
(187,219,51),
(51,220,56),
(187,220,16),
(51,221,57),
(51,222,58),
(51,223,59),
(51,224,60),
(51,225,61),
(51,226,63),
(51,226,66),
(51,227,64),
(51,228,65),
(51,229,67),
(51,230,68),
(51,231,69),
(51,232,71),
(51,232,74),
(51,233,75),
(51,234,76),
(51,235,78),
(51,236,80),
(51,237,82),
(51,238,84),
(51,239,86),
(51,240,87),
(51,241,88),
(59,241,28),
(187,241,58),
(51,242,89),
(51,243,90),
(187,243,30),
(51,244,93),
(51,245,94),
(51,246,95),
(51,247,102),
(51,248,103),
(51,249,104),
(186,249,4),
(51,250,105),
(51,251,107),
(51,252,108),
(57,252,56),
(59,252,32),
(51,253,111),
(51,254,112),
(51,255,114),
(51,256,116),
(51,257,117),
(53,258,0),
(189,258,0),
(53,259,1),
(189,259,1),
(56,260,1),
(179,260,49),
(56,261,2),
(75,261,13),
(56,262,3),
(121,262,77),
(123,262,20),
(56,263,4),
(56,264,5),
(57,265,0),
(57,266,1),
(57,267,2),
(57,267,26),
(57,267,44),
(57,268,3),
(57,268,27),
(57,268,45),
(57,269,4),
(57,269,11),
(57,269,15),
(57,269,28),
(57,269,35),
(57,269,39),
(57,269,46),
(57,269,53),
(161,269,3),
(187,269,6),
(187,269,56),
(187,269,65),
(187,269,71),
(57,270,5),
(57,270,29),
(57,270,47),
(57,271,7),
(57,271,31),
(57,271,49),
(57,272,8),
(57,272,23),
(57,272,32),
(57,272,50),
(57,273,9),
(57,273,33),
(57,273,51),
(121,273,118),
(123,273,61),
(179,273,84),
(179,273,111),
(179,273,150),
(57,274,10),
(57,274,34),
(57,274,52),
(57,275,12),
(57,275,36),
(57,276,13),
(57,276,37),
(57,277,14),
(57,277,38),
(161,277,2),
(57,278,16),
(57,278,40),
(57,279,17),
(57,279,41),
(57,280,18),
(57,281,19),
(57,282,20),
(57,283,21),
(57,284,22),
(81,284,6),
(81,284,14),
(91,284,54),
(129,284,30),
(129,284,38),
(147,284,81),
(57,285,24),
(57,286,25),
(57,287,42),
(137,287,11),
(177,287,11),
(57,288,43),
(57,289,54),
(57,290,55),
(57,291,57),
(58,292,0),
(58,293,1),
(58,294,2),
(58,295,3),
(59,295,23),
(59,295,33),
(58,296,4),
(59,296,24),
(59,296,34),
(58,297,5),
(59,297,25),
(58,298,6),
(64,298,3),
(58,299,7),
(58,300,8),
(59,301,0),
(59,302,2),
(59,303,3),
(59,304,5),
(59,305,6),
(59,306,7),
(59,306,36),
(59,307,8),
(59,307,37),
(59,308,9),
(59,309,10),
(59,310,11),
(59,311,12),
(59,312,14),
(59,313,16),
(59,314,17),
(59,315,18),
(59,316,19),
(59,317,20),
(59,318,22),
(59,319,26),
(59,320,27),
(59,321,30),
(59,322,31),
(59,323,38),
(59,324,39),
(61,325,0),
(64,326,1),
(80,326,1),
(96,326,1),
(98,326,12),
(104,326,1),
(120,326,1),
(128,326,1),
(136,326,1),
(144,326,1),
(152,326,1),
(192,326,1),
(64,327,2),
(80,327,3),
(96,327,3),
(104,327,3),
(136,327,3),
(144,327,3),
(184,327,1),
(65,328,0),
(65,329,1),
(66,330,0),
(66,330,2),
(67,330,0),
(67,330,20),
(67,330,33),
(67,330,44),
(67,330,50),
(66,331,1),
(66,332,3),
(67,332,15),
(67,332,32),
(66,333,4),
(67,333,3),
(67,333,34),
(178,333,7),
(179,333,39),
(184,333,2),
(67,334,1),
(82,334,0),
(179,334,61),
(67,335,2),
(67,336,4),
(67,337,5),
(67,338,6),
(163,338,15),
(67,339,7),
(67,340,9),
(67,340,17),
(67,340,37),
(67,341,10),
(67,342,11),
(67,343,12),
(67,344,13),
(67,345,14),
(67,345,36),
(107,345,10),
(115,345,86),
(121,345,85),
(123,345,28),
(179,345,42),
(67,346,16),
(67,347,18),
(67,348,19),
(67,348,49),
(67,349,21),
(131,349,88),
(67,350,22),
(67,351,23),
(67,352,24),
(75,352,70),
(67,353,25),
(67,354,27),
(67,355,28),
(83,355,14),
(83,355,50),
(91,355,63),
(67,356,30),
(67,357,35),
(67,358,38),
(67,359,39),
(67,360,40),
(91,360,24),
(67,361,41),
(67,362,42),
(115,362,83),
(131,362,139),
(67,363,43),
(138,363,1),
(139,363,8),
(146,363,5),
(147,363,92),
(163,363,47),
(67,364,45),
(67,365,46),
(67,366,47),
(67,367,51),
(67,368,52),
(67,369,53),
(67,370,54),
(91,370,133),
(99,370,64),
(99,370,103),
(115,370,4),
(115,370,11),
(115,370,17),
(115,370,22),
(115,370,27),
(115,370,31),
(115,370,36),
(115,370,41),
(115,370,46),
(115,370,52),
(115,370,58),
(115,370,65),
(115,370,71),
(115,370,77),
(115,370,82),
(115,370,85),
(115,370,88),
(115,370,94),
(115,370,101),
(115,370,107),
(121,370,127),
(121,370,128),
(123,370,70),
(123,370,71),
(69,371,0),
(165,371,0),
(73,372,0),
(73,373,1),
(73,374,2),
(74,375,0),
(75,375,3),
(74,376,1),
(75,376,4),
(74,377,2),
(75,377,6),
(75,377,27),
(75,377,58),
(74,378,3),
(75,378,8),
(75,378,43),
(74,379,4),
(75,379,9),
(75,379,44),
(74,380,5),
(75,380,41),
(80,380,9),
(80,380,10),
(75,381,0),
(155,381,51),
(163,381,10),
(75,382,1),
(75,383,2),
(75,384,5),
(75,385,7),
(75,386,10),
(75,387,11),
(75,388,12),
(75,389,14),
(75,390,15),
(75,391,16),
(75,392,17),
(75,393,18),
(75,394,19),
(75,395,20),
(75,396,21),
(75,397,22),
(75,398,23),
(75,399,24),
(75,400,25),
(75,401,26),
(131,401,39),
(154,401,1),
(155,401,69),
(179,401,5),
(179,401,129),
(75,402,28),
(121,402,10),
(75,403,29),
(83,403,18),
(75,404,30),
(75,405,31),
(75,406,32),
(75,407,33),
(75,408,34),
(179,408,110),
(75,409,35),
(75,410,36),
(115,410,19),
(179,410,141),
(75,411,37),
(75,411,53),
(75,412,38),
(75,413,39),
(75,414,40),
(75,414,51),
(75,415,42),
(75,416,45),
(75,417,46),
(75,417,61),
(75,418,47),
(75,418,62),
(98,418,11),
(131,418,15),
(75,419,48),
(75,419,63),
(75,420,49),
(75,421,50),
(75,422,52),
(75,423,54),
(75,424,55),
(75,425,56),
(75,426,57),
(131,426,104),
(75,427,59),
(75,428,60),
(75,429,64),
(75,430,65),
(75,431,66),
(99,431,8),
(75,432,68),
(99,432,76),
(75,433,69),
(75,434,71),
(75,435,72),
(75,436,73),
(75,437,74),
(75,438,75),
(77,439,0),
(80,440,2),
(80,441,4),
(80,442,5),
(80,443,6),
(80,444,7),
(80,445,8),
(81,446,0),
(81,447,1),
(81,448,2),
(81,448,10),
(81,449,3),
(81,449,11),
(113,449,10),
(121,449,54),
(129,449,10),
(145,449,8),
(81,450,4),
(81,450,12),
(153,450,15),
(81,451,5),
(81,451,13),
(121,451,4),
(121,451,21),
(121,451,29),
(121,451,37),
(153,451,16),
(81,452,7),
(81,453,8),
(81,454,9),
(81,455,15),
(81,456,16),
(81,457,17),
(105,457,6),
(81,458,18),
(82,459,1),
(83,459,37),
(82,460,2),
(139,460,19),
(82,461,3),
(83,461,38),
(82,462,4),
(83,462,39),
(82,463,5),
(83,463,5),
(83,463,19),
(83,463,31),
(83,463,43),
(155,463,119),
(82,464,6),
(83,464,6),
(83,464,20),
(83,464,28),
(83,464,44),
(83,464,53),
(162,464,2),
(163,464,20),
(163,464,39),
(82,465,7),
(83,465,7),
(83,465,21),
(83,465,45),
(114,465,6),
(115,465,9),
(155,465,79),
(155,465,105),
(82,466,8),
(83,466,3),
(83,466,24),
(91,466,79),
(91,466,94),
(91,466,104),
(114,466,0),
(115,466,26),
(115,466,102),
(147,466,18),
(147,466,53),
(155,466,36),
(163,466,14),
(83,467,0),
(83,468,1),
(83,468,22),
(83,469,2),
(83,469,23),
(83,470,4),
(83,470,64),
(83,471,8),
(91,471,109),
(91,471,118),
(83,472,9),
(83,473,10),
(83,474,12),
(83,475,13),
(99,475,86),
(83,476,15),
(83,477,16),
(83,478,17),
(83,479,25),
(83,480,27),
(83,481,29),
(83,482,30),
(83,483,32),
(83,483,68),
(91,483,107),
(131,483,136),
(83,484,33),
(83,484,56),
(163,484,50),
(83,485,34),
(83,485,40),
(83,485,70),
(107,485,95),
(83,486,35),
(83,486,57),
(83,487,41),
(83,488,42),
(83,489,46),
(83,490,47),
(83,491,48),
(83,492,49),
(83,493,51),
(83,494,52),
(91,494,103),
(83,495,54),
(83,496,55),
(83,497,58),
(179,497,48),
(83,498,59),
(131,498,123),
(83,499,60),
(131,499,127),
(163,499,38),
(83,500,61),
(83,501,62),
(131,501,40),
(131,501,60),
(131,501,137),
(131,501,143),
(83,502,63),
(83,503,65),
(83,504,66),
(83,505,67),
(83,506,69),
(85,507,0),
(141,507,0),
(149,507,0),
(89,508,0),
(121,508,25),
(89,509,1),
(89,510,2),
(89,511,3),
(89,512,4),
(90,512,7),
(91,512,67),
(91,512,114),
(89,513,5),
(89,514,6),
(89,515,8),
(89,515,12),
(89,516,9),
(89,517,10),
(90,518,0),
(90,519,1),
(91,519,52),
(91,519,78),
(91,519,122),
(147,519,70),
(90,520,2),
(90,521,3),
(91,521,64),
(90,522,4),
(91,522,0),
(91,522,16),
(91,522,56),
(91,522,65),
(91,522,112),
(121,522,147),
(123,522,90),
(90,523,5),
(91,523,17),
(91,523,45),
(91,523,57),
(90,524,6),
(90,525,8),
(91,525,68),
(91,526,1),
(91,526,66),
(91,526,113),
(91,527,2),
(91,528,3),
(91,529,4),
(91,529,7),
(121,529,115),
(123,529,58),
(91,530,5),
(91,530,83),
(91,531,8),
(91,531,71),
(91,531,87),
(91,532,9),
(91,532,72),
(91,533,10),
(91,534,11),
(91,535,12),
(121,535,79),
(123,535,22),
(179,535,43),
(91,536,13),
(91,537,14),
(91,537,19),
(91,537,29),
(91,537,35),
(91,537,49),
(91,537,81),
(91,537,101),
(91,537,125),
(91,537,130),
(98,537,5),
(99,537,3),
(99,537,10),
(99,537,19),
(99,537,22),
(99,537,57),
(99,537,71),
(99,537,132),
(99,537,168),
(154,537,4),
(155,537,15),
(155,537,66),
(91,538,15),
(179,538,66),
(91,539,18),
(91,539,28),
(91,540,20),
(91,541,21),
(115,541,44),
(131,541,5),
(91,542,22),
(91,543,25),
(163,543,48),
(163,543,58),
(91,544,26),
(91,545,27),
(91,546,30),
(91,546,53),
(99,546,20),
(99,546,154),
(91,547,31),
(91,548,32),
(91,549,33),
(91,550,36),
(91,551,37),
(91,552,38),
(91,553,39),
(91,554,40),
(91,554,97),
(121,554,63),
(123,554,6),
(91,555,41),
(91,556,42),
(99,556,155),
(91,557,43),
(91,558,44),
(91,559,46),
(91,560,47),
(91,561,48),
(91,562,50),
(91,563,51),
(91,564,55),
(91,565,58),
(91,566,59),
(91,567,61),
(91,568,62),
(155,568,35),
(91,569,69),
(91,570,70),
(91,570,90),
(107,570,25),
(179,570,30),
(91,571,73),
(121,571,109),
(123,571,52),
(179,571,146),
(91,572,75),
(121,572,123),
(121,572,136),
(121,572,141),
(123,572,66),
(123,572,79),
(123,572,84),
(91,573,76),
(91,574,77),
(91,575,80),
(91,576,82),
(91,576,96),
(121,576,75),
(123,576,18),
(131,576,120),
(91,577,84),
(155,577,93),
(91,578,85),
(91,579,88),
(91,580,89),
(147,580,15),
(91,581,91),
(91,582,92),
(91,583,93),
(91,584,95),
(91,585,99),
(99,585,25),
(107,585,34),
(147,585,47),
(91,586,100),
(91,586,115),
(91,586,124),
(91,587,105),
(91,588,106),
(91,589,108),
(115,589,54),
(91,590,110),
(91,590,119),
(91,590,128),
(91,591,116),
(91,592,117),
(91,593,121),
(99,593,147),
(155,593,25),
(91,594,123),
(91,595,127),
(91,596,129),
(91,597,131),
(93,598,0),
(157,598,0),
(96,599,2),
(97,600,0),
(97,601,1),
(97,602,3),
(97,603,4),
(97,604,5),
(105,604,3),
(129,604,15),
(145,604,3),
(145,604,16),
(161,604,7),
(97,605,6),
(99,605,65),
(97,606,7),
(97,607,8),
(97,608,9),
(97,609,10),
(97,610,11),
(145,610,7),
(97,611,13),
(97,612,14),
(97,613,15),
(97,614,16),
(97,615,17),
(98,616,0),
(99,616,49),
(98,617,1),
(99,617,73),
(99,617,89),
(99,617,111),
(99,617,121),
(99,617,158),
(98,618,2),
(99,618,74),
(99,618,90),
(99,618,122),
(99,618,159),
(107,618,81),
(107,618,102),
(98,619,6),
(99,619,21),
(99,619,58),
(98,620,7),
(99,620,33),
(99,620,38),
(99,620,59),
(99,620,77),
(99,620,87),
(99,620,94),
(99,620,104),
(99,620,115),
(99,620,126),
(99,620,141),
(99,620,148),
(99,620,156),
(115,620,10),
(115,620,40),
(98,621,8),
(99,621,60),
(98,622,9),
(155,622,34),
(179,622,31),
(98,623,10),
(99,623,48),
(107,623,48),
(115,623,0),
(121,623,102),
(123,623,45),
(147,623,4),
(147,623,82),
(179,623,32),
(99,624,0),
(99,625,1),
(99,625,4),
(99,626,2),
(107,626,100),
(99,627,5),
(179,627,46),
(99,628,6),
(107,628,83),
(107,628,88),
(99,629,7),
(99,630,9),
(99,631,12),
(99,632,13),
(99,632,15),
(99,632,23),
(99,632,166),
(107,632,4),
(107,632,23),
(107,632,55),
(107,632,108),
(121,632,72),
(123,632,15),
(99,633,14),
(107,633,109),
(121,633,73),
(123,633,16),
(99,634,16),
(99,634,29),
(99,634,167),
(99,635,17),
(99,636,18),
(163,636,37),
(99,637,24),
(99,638,26),
(139,638,64),
(99,639,28),
(99,639,56),
(147,639,87),
(99,640,31),
(99,641,32),
(99,642,35),
(99,643,37),
(99,644,40),
(107,644,29),
(121,644,91),
(123,644,34),
(99,645,41),
(99,646,42),
(99,647,43),
(99,648,44),
(99,649,45),
(99,650,46),
(99,650,130),
(107,650,62),
(99,651,47),
(99,651,54),
(99,651,131),
(99,651,146),
(99,652,51),
(99,653,52),
(99,654,53),
(99,655,55),
(99,656,61),
(99,657,62),
(99,658,63),
(99,659,66),
(121,659,114),
(123,659,57),
(99,660,67),
(104,660,4),
(139,660,42),
(144,660,4),
(147,660,13),
(99,661,68),
(99,662,69),
(99,663,70),
(106,663,2),
(99,664,72),
(99,665,75),
(155,665,113),
(163,665,30),
(99,666,78),
(99,666,137),
(99,667,79),
(147,667,26),
(99,668,80),
(99,668,150),
(179,668,69),
(99,669,81),
(137,669,5),
(137,669,25),
(99,670,82),
(99,670,88),
(99,670,120),
(99,670,157),
(99,671,84),
(99,672,92),
(147,672,54),
(99,673,93),
(99,674,95),
(99,675,96),
(99,675,129),
(115,675,63),
(131,675,100),
(139,675,49),
(147,675,49),
(179,675,25),
(99,676,97),
(99,677,98),
(99,678,99),
(99,679,100),
(99,680,101),
(99,681,102),
(99,682,105),
(179,682,152),
(99,683,107),
(107,683,14),
(99,684,109),
(99,684,113),
(99,685,110),
(107,685,9),
(99,686,112),
(131,686,46),
(131,686,72),
(99,687,114),
(99,688,116),
(99,688,128),
(99,689,118),
(99,690,119),
(99,691,124),
(99,692,125),
(115,692,104),
(121,692,66),
(123,692,9),
(147,692,68),
(99,693,134),
(99,694,135),
(99,695,138),
(99,696,139),
(99,697,140),
(99,698,143),
(121,698,67),
(123,698,10),
(147,698,31),
(147,698,86),
(99,699,144),
(99,700,151),
(121,700,119),
(123,700,62),
(139,700,37),
(99,701,152),
(99,702,153),
(99,703,161),
(99,704,162),
(99,705,163),
(99,706,164),
(101,707,0),
(181,707,0),
(104,708,2),
(144,708,2),
(104,709,5),
(144,709,5),
(104,710,6),
(144,710,6),
(105,711,0),
(105,712,1),
(105,713,2),
(105,714,4),
(145,714,4),
(145,714,17),
(187,714,79),
(105,715,5),
(105,716,7),
(105,717,8),
(105,718,9),
(105,719,10),
(106,720,0),
(107,720,72),
(106,721,1),
(106,722,3),
(107,722,112),
(147,722,56),
(106,723,4),
(107,723,7),
(107,723,11),
(107,723,26),
(107,723,32),
(107,723,51),
(107,723,66),
(107,723,113),
(106,724,5),
(107,724,54),
(107,724,93),
(106,725,6),
(106,726,7),
(107,727,0),
(107,727,46),
(107,728,1),
(107,728,47),
(107,728,68),
(107,728,85),
(107,728,90),
(107,729,2),
(107,730,3),
(107,731,5),
(107,732,6),
(107,732,31),
(107,732,38),
(107,733,8),
(107,734,12),
(107,734,27),
(107,735,13),
(107,736,15),
(107,737,16),
(107,738,17),
(107,739,18),
(107,740,19),
(107,741,20),
(107,742,21),
(107,743,22),
(107,744,28),
(107,745,30),
(107,746,33),
(107,746,67),
(107,746,73),
(107,746,78),
(107,747,35),
(107,747,99),
(107,748,36),
(138,748,8),
(107,749,37),
(107,750,39),
(107,751,40),
(107,752,41),
(107,753,42),
(107,754,43),
(107,755,44),
(107,756,45),
(107,757,49),
(131,757,68),
(147,757,27),
(107,758,50),
(107,759,52),
(121,759,3),
(121,759,20),
(121,759,28),
(121,759,36),
(107,760,53),
(107,761,56),
(131,761,62),
(107,762,57),
(107,762,69),
(107,762,86),
(107,763,58),
(107,764,59),
(107,764,64),
(107,765,60),
(107,766,61),
(107,766,70),
(107,766,91),
(179,766,22),
(107,767,63),
(107,768,65),
(115,768,23),
(115,768,93),
(107,769,71),
(107,770,74),
(107,771,75),
(107,772,77),
(107,773,79),
(107,774,80),
(107,775,82),
(107,775,87),
(107,775,103),
(107,776,84),
(107,776,89),
(107,777,92),
(107,778,94),
(107,779,96),
(107,780,97),
(107,781,98),
(107,781,101),
(107,782,104),
(107,783,105),
(107,784,106),
(107,785,107),
(107,786,110),
(107,787,114),
(107,788,115),
(109,789,0),
(112,790,1),
(112,791,2),
(112,791,4),
(112,791,5),
(113,792,0),
(113,793,1),
(113,794,2),
(113,794,16),
(113,794,22),
(129,794,42),
(113,795,3),
(113,796,4),
(113,797,5),
(113,797,13),
(113,797,19),
(113,797,25),
(113,797,33),
(113,798,7),
(113,799,8),
(113,800,9),
(113,801,11),
(113,802,14),
(113,803,15),
(113,804,17),
(113,804,23),
(113,805,20),
(113,806,21),
(113,807,26),
(113,808,27),
(113,809,28),
(113,810,29),
(113,811,30),
(113,812,31),
(153,812,5),
(113,813,32),
(113,814,34),
(113,815,35),
(113,816,36),
(113,817,38),
(114,818,1),
(115,818,13),
(115,818,32),
(115,818,73),
(115,818,98),
(114,819,2),
(115,819,15),
(115,819,57),
(115,819,80),
(115,819,109),
(163,819,62),
(114,820,3),
(115,820,12),
(115,820,72),
(147,820,7),
(114,821,4),
(115,821,7),
(115,821,39),
(115,821,66),
(114,822,5),
(115,822,8),
(115,823,1),
(115,824,2),
(115,824,59),
(115,825,3),
(115,826,5),
(115,827,6),
(115,828,14),
(115,828,35),
(115,828,37),
(115,828,75),
(115,829,16),
(115,830,20),
(115,830,81),
(115,830,110),
(115,831,21),
(115,831,92),
(115,832,25),
(115,833,28),
(115,834,30),
(115,835,33),
(115,836,34),
(115,837,38),
(115,838,42),
(115,839,43),
(115,840,45),
(131,840,110),
(115,841,48),
(115,842,49),
(115,843,50),
(115,844,51),
(115,845,53),
(115,846,55),
(115,847,56),
(115,848,60),
(115,848,90),
(115,849,62),
(139,849,48),
(155,849,88),
(179,849,115),
(115,850,64),
(115,851,67),
(115,852,68),
(131,852,132),
(115,853,69),
(115,853,87),
(121,853,135),
(123,853,78),
(115,854,74),
(115,855,76),
(115,856,78),
(115,857,79),
(115,858,84),
(115,859,89),
(115,860,91),
(163,860,56),
(115,861,96),
(163,861,8),
(163,861,28),
(115,862,97),
(115,863,99),
(115,864,100),
(139,864,47),
(147,864,66),
(115,865,103),
(121,865,65),
(123,865,8),
(131,865,4),
(179,865,52),
(115,866,105),
(115,867,106),
(115,868,108),
(117,869,0),
(117,870,1),
(121,871,0),
(121,872,1),
(121,873,2),
(121,873,8),
(121,873,19),
(121,873,27),
(121,873,35),
(121,873,46),
(153,873,2),
(153,873,17),
(121,874,5),
(121,874,22),
(121,874,30),
(121,874,38),
(121,875,6),
(121,875,23),
(121,875,31),
(121,875,39),
(121,876,9),
(121,877,12),
(121,877,78),
(123,877,21),
(128,877,3),
(121,878,13),
(121,879,14),
(121,880,15),
(121,881,16),
(121,882,17),
(121,883,18),
(121,884,26),
(121,885,33),
(121,886,34),
(121,887,41),
(121,888,42),
(121,889,43),
(121,890,44),
(121,891,45),
(121,892,47),
(121,893,48),
(121,894,50),
(121,895,51),
(121,896,52),
(121,897,53),
(121,898,56),
(153,898,19),
(121,899,57),
(121,899,110),
(123,899,0),
(123,899,53),
(121,900,58),
(121,900,111),
(121,900,120),
(121,900,137),
(121,900,154),
(122,900,0),
(123,900,1),
(123,900,54),
(123,900,63),
(123,900,80),
(123,900,97),
(121,901,59),
(121,901,112),
(121,901,121),
(121,901,155),
(123,901,2),
(123,901,55),
(123,901,64),
(123,901,98),
(121,902,60),
(123,902,3),
(121,903,61),
(123,903,4),
(121,904,62),
(123,904,5),
(121,905,64),
(123,905,7),
(179,905,86),
(121,906,68),
(123,906,11),
(121,907,69),
(121,907,129),
(123,907,12),
(123,907,72),
(179,907,121),
(121,908,70),
(121,908,82),
(121,908,88),
(121,908,98),
(121,908,130),
(121,908,145),
(121,908,162),
(122,908,7),
(123,908,13),
(123,908,25),
(123,908,31),
(123,908,41),
(123,908,73),
(123,908,88),
(123,908,105),
(121,909,71),
(121,909,83),
(121,909,89),
(121,909,131),
(123,909,14),
(123,909,26),
(123,909,32),
(123,909,74),
(147,909,21),
(147,909,38),
(147,909,85),
(121,910,74),
(121,910,94),
(123,910,17),
(123,910,37),
(121,911,76),
(121,911,96),
(121,911,116),
(121,911,142),
(121,911,160),
(122,911,5),
(123,911,19),
(123,911,39),
(123,911,59),
(123,911,85),
(123,911,103),
(121,912,80),
(123,912,23),
(121,913,81),
(121,913,87),
(121,913,134),
(121,913,165),
(123,913,24),
(123,913,30),
(123,913,77),
(123,913,108),
(121,914,84),
(123,914,27),
(121,915,86),
(121,915,133),
(121,915,164),
(123,915,29),
(123,915,76),
(123,915,107),
(121,916,90),
(123,916,33),
(121,917,92),
(123,917,35),
(121,918,93),
(123,918,36),
(121,919,95),
(123,919,38),
(121,920,97),
(121,920,144),
(121,920,161),
(122,920,6),
(123,920,40),
(123,920,87),
(123,920,104),
(121,921,99),
(121,921,122),
(123,921,42),
(123,921,65),
(121,922,100),
(123,922,43),
(121,923,101),
(123,923,44),
(121,924,103),
(123,924,46),
(121,925,104),
(123,925,47),
(179,925,62),
(121,926,105),
(123,926,48),
(179,926,4),
(179,926,15),
(179,926,63),
(121,927,106),
(121,927,117),
(121,927,152),
(123,927,49),
(123,927,60),
(123,927,95),
(121,928,107),
(121,928,153),
(123,928,50),
(123,928,96),
(178,928,3),
(179,928,9),
(121,929,108),
(123,929,51),
(179,929,81),
(121,930,113),
(123,930,56),
(121,931,124),
(123,931,67),
(121,932,126),
(123,932,69),
(121,933,132),
(123,933,75),
(121,934,138),
(122,934,1),
(123,934,81),
(121,935,139),
(122,935,2),
(123,935,82),
(121,936,140),
(123,936,83),
(121,937,143),
(121,937,163),
(122,937,4),
(123,937,86),
(123,937,106),
(121,938,146),
(123,938,89),
(121,939,148),
(121,939,150),
(123,939,91),
(123,939,93),
(121,940,149),
(123,940,92),
(121,941,157),
(122,941,3),
(123,941,100),
(121,942,158),
(123,942,101),
(121,943,159),
(122,943,8),
(123,943,102),
(125,944,0),
(125,945,1),
(128,946,2),
(128,947,5),
(128,948,6),
(128,949,7),
(129,950,0),
(129,951,1),
(129,952,2),
(129,952,18),
(129,953,3),
(129,953,12),
(129,953,19),
(153,953,4),
(129,954,4),
(129,954,20),
(129,955,5),
(129,955,21),
(129,955,44),
(139,955,59),
(139,955,69),
(129,956,6),
(129,956,22),
(129,957,8),
(129,957,16),
(129,958,9),
(129,959,11),
(129,959,43),
(129,960,13),
(153,960,0),
(129,961,14),
(129,962,17),
(129,963,24),
(129,964,25),
(129,965,26),
(129,965,34),
(129,966,27),
(129,966,35),
(129,967,28),
(129,967,36),
(129,968,29),
(129,968,37),
(129,969,31),
(129,969,39),
(129,970,32),
(129,971,33),
(129,972,40),
(129,973,41),
(129,974,45),
(129,975,46),
(130,976,0),
(131,976,152),
(130,977,1),
(131,977,8),
(131,977,71),
(130,978,2),
(131,978,113),
(131,978,124),
(130,979,3),
(131,979,0),
(131,979,20),
(131,979,140),
(130,980,4),
(131,980,1),
(131,980,21),
(131,980,141),
(130,981,5),
(131,981,13),
(130,982,6),
(131,982,19),
(131,983,2),
(131,983,17),
(131,983,84),
(131,983,150),
(178,983,4),
(179,983,0),
(179,983,17),
(179,983,55),
(179,983,154),
(131,984,3),
(131,985,6),
(147,985,69),
(131,986,7),
(131,987,9),
(131,988,10),
(131,989,11),
(131,990,12),
(131,991,14),
(131,992,16),
(136,992,5),
(131,993,18),
(131,994,22),
(131,995,23),
(131,996,24),
(131,997,25),
(131,998,26),
(131,998,85),
(131,999,27),
(131,1000,28),
(131,1001,29),
(131,1002,30),
(131,1003,31),
(131,1004,32),
(131,1005,33),
(131,1005,34),
(131,1006,35),
(131,1007,36),
(131,1008,37),
(131,1009,38),
(131,1010,41),
(131,1010,63),
(131,1010,90),
(131,1010,93),
(131,1010,119),
(131,1010,134),
(131,1010,146),
(131,1011,42),
(131,1012,43),
(131,1012,91),
(131,1012,98),
(131,1012,144),
(131,1013,44),
(131,1014,45),
(179,1014,101),
(131,1015,47),
(131,1016,48),
(131,1017,49),
(131,1017,55),
(131,1018,50),
(131,1018,56),
(131,1019,51),
(131,1020,53),
(131,1020,70),
(131,1020,122),
(131,1021,54),
(131,1022,57),
(131,1023,58),
(131,1024,61),
(131,1025,65),
(131,1026,66),
(131,1026,74),
(131,1027,67),
(131,1028,69),
(131,1028,121),
(131,1029,73),
(131,1030,75),
(131,1031,76),
(131,1032,77),
(131,1033,78),
(131,1034,79),
(131,1035,80),
(179,1035,8),
(131,1036,81),
(131,1037,82),
(131,1038,83),
(131,1039,87),
(131,1040,89),
(131,1041,92),
(131,1042,94),
(131,1043,95),
(131,1044,96),
(131,1045,97),
(178,1045,10),
(179,1045,11),
(179,1045,23),
(179,1045,74),
(131,1046,99),
(131,1047,101),
(131,1048,102),
(131,1049,103),
(131,1050,105),
(131,1051,106),
(131,1052,107),
(131,1053,108),
(131,1054,109),
(131,1055,111),
(131,1056,112),
(131,1057,114),
(131,1058,115),
(131,1058,151),
(131,1059,116),
(131,1060,117),
(131,1061,118),
(131,1062,125),
(139,1062,5),
(131,1063,128),
(131,1064,129),
(131,1065,130),
(131,1066,131),
(163,1066,6),
(131,1067,133),
(131,1068,135),
(131,1069,138),
(131,1069,147),
(131,1070,142),
(131,1071,145),
(131,1072,148),
(131,1073,149),
(133,1074,0),
(136,1075,2),
(136,1076,4),
(137,1076,2),
(137,1076,22),
(136,1077,6),
(136,1078,7),
(137,1079,0),
(137,1080,1),
(137,1081,3),
(137,1081,23),
(137,1082,6),
(137,1082,26),
(137,1083,7),
(137,1084,8),
(137,1085,9),
(137,1085,13),
(137,1086,12),
(137,1087,15),
(137,1088,16),
(137,1089,17),
(145,1089,15),
(137,1090,18),
(137,1091,19),
(137,1092,20),
(161,1092,14),
(137,1093,21),
(138,1094,0),
(139,1094,0),
(139,1094,53),
(138,1095,2),
(139,1095,9),
(138,1096,3),
(139,1096,10),
(138,1097,4),
(139,1097,1),
(139,1097,11),
(138,1098,5),
(139,1098,12),
(138,1099,6),
(147,1099,79),
(138,1100,7),
(138,1101,9),
(138,1102,10),
(139,1102,15),
(139,1102,22),
(139,1102,30),
(139,1102,34),
(138,1103,11),
(138,1104,12),
(139,1105,2),
(139,1106,3),
(139,1107,4),
(139,1108,6),
(139,1109,7),
(139,1110,13),
(139,1110,20),
(139,1110,45),
(139,1110,51),
(139,1110,56),
(139,1111,14),
(139,1112,16),
(139,1113,17),
(139,1114,18),
(139,1114,68),
(139,1115,21),
(139,1116,24),
(139,1117,25),
(139,1118,26),
(139,1118,58),
(139,1119,27),
(139,1120,28),
(139,1121,29),
(139,1122,31),
(139,1123,32),
(139,1124,33),
(139,1125,35),
(139,1125,65),
(139,1126,38),
(139,1127,39),
(139,1128,40),
(139,1128,55),
(139,1129,41),
(155,1129,4),
(155,1129,87),
(155,1129,94),
(155,1129,118),
(139,1130,43),
(139,1131,44),
(139,1132,46),
(139,1133,50),
(139,1134,52),
(139,1135,54),
(139,1136,57),
(139,1137,61),
(139,1138,62),
(139,1139,63),
(139,1140,66),
(139,1141,67),
(139,1142,70),
(139,1143,71),
(145,1144,0),
(145,1145,1),
(145,1146,2),
(145,1147,5),
(145,1148,6),
(145,1149,9),
(145,1150,11),
(145,1151,12),
(145,1152,13),
(145,1153,14),
(146,1154,1),
(147,1154,61),
(147,1154,89),
(146,1155,2),
(147,1155,62),
(147,1155,90),
(146,1156,3),
(147,1156,91),
(146,1157,6),
(147,1157,22),
(147,1157,45),
(147,1157,93),
(187,1157,4),
(146,1158,7),
(147,1158,8),
(147,1158,34),
(147,1158,40),
(147,1158,57),
(147,1158,74),
(146,1159,8),
(147,1159,10),
(147,1159,29),
(147,1159,36),
(147,1159,41),
(147,1159,73),
(146,1160,9),
(147,1160,12),
(147,1160,46),
(147,1161,0),
(147,1161,94),
(147,1162,1),
(163,1162,1),
(147,1163,2),
(163,1163,2),
(147,1164,3),
(163,1164,3),
(147,1165,5),
(147,1166,6),
(147,1167,9),
(147,1167,35),
(147,1167,58),
(147,1168,11),
(147,1168,75),
(163,1168,22),
(147,1169,14),
(147,1170,16),
(147,1171,17),
(147,1172,19),
(155,1172,70),
(147,1173,20),
(147,1173,37),
(147,1173,84),
(147,1174,24),
(147,1175,25),
(147,1176,28),
(147,1177,30),
(147,1178,32),
(147,1179,33),
(147,1180,39),
(147,1181,42),
(147,1182,43),
(147,1183,44),
(147,1184,51),
(147,1185,55),
(147,1186,59),
(147,1187,60),
(147,1188,63),
(147,1189,64),
(147,1190,65),
(147,1191,72),
(147,1192,76),
(147,1193,77),
(147,1194,80),
(147,1195,83),
(147,1196,88),
(153,1197,1),
(153,1198,7),
(153,1199,9),
(153,1200,10),
(153,1201,11),
(154,1201,8),
(155,1201,1),
(155,1201,12),
(155,1201,28),
(153,1202,13),
(153,1203,14),
(154,1204,0),
(155,1204,73),
(154,1205,2),
(155,1205,57),
(155,1205,68),
(155,1205,95),
(154,1206,3),
(154,1207,5),
(154,1208,6),
(155,1208,60),
(155,1208,92),
(155,1208,97),
(154,1209,7),
(155,1209,0),
(155,1209,11),
(155,1209,78),
(155,1209,104),
(155,1210,2),
(155,1211,3),
(155,1211,14),
(155,1212,5),
(155,1212,116),
(155,1213,7),
(155,1214,8),
(155,1215,9),
(155,1215,10),
(155,1216,13),
(155,1217,16),
(155,1218,17),
(155,1218,47),
(179,1218,6),
(179,1218,51),
(179,1218,77),
(155,1219,18),
(155,1220,19),
(155,1220,24),
(155,1221,20),
(155,1222,21),
(179,1222,19),
(155,1223,22),
(155,1223,27),
(155,1223,63),
(155,1224,23),
(155,1225,29),
(155,1226,30),
(155,1227,31),
(155,1227,45),
(155,1228,32),
(155,1228,46),
(155,1229,33),
(155,1229,102),
(155,1230,37),
(155,1231,38),
(155,1232,39),
(155,1233,40),
(155,1234,41),
(155,1235,42),
(155,1236,43),
(155,1237,44),
(155,1237,103),
(155,1238,48),
(155,1239,49),
(155,1240,50),
(155,1240,53),
(155,1241,52),
(155,1242,54),
(155,1243,55),
(155,1244,56),
(155,1245,58),
(155,1246,59),
(155,1246,80),
(155,1246,91),
(155,1246,109),
(155,1247,61),
(155,1248,62),
(155,1249,64),
(155,1250,65),
(155,1251,67),
(155,1252,71),
(155,1253,72),
(155,1254,74),
(155,1255,75),
(155,1256,77),
(155,1257,81),
(155,1258,82),
(155,1259,83),
(179,1259,90),
(155,1260,84),
(155,1261,85),
(155,1262,86),
(179,1262,122),
(155,1263,89),
(155,1264,90),
(155,1265,96),
(155,1266,98),
(179,1266,94),
(155,1267,100),
(155,1268,101),
(155,1269,106),
(155,1270,107),
(155,1271,110),
(155,1272,111),
(155,1273,112),
(155,1274,114),
(155,1275,115),
(155,1276,120),
(161,1277,0),
(161,1278,1),
(161,1279,4),
(161,1280,5),
(161,1281,6),
(161,1282,8),
(161,1283,9),
(161,1284,10),
(161,1285,11),
(161,1286,12),
(161,1287,13),
(161,1288,15),
(162,1289,0),
(163,1289,34),
(163,1289,60),
(162,1290,1),
(163,1290,23),
(163,1290,45),
(162,1291,3),
(163,1291,9),
(163,1291,19),
(162,1292,4),
(162,1293,5),
(163,1293,25),
(163,1293,65),
(162,1294,6),
(163,1294,24),
(162,1295,7),
(163,1296,0),
(163,1296,66),
(163,1297,4),
(163,1298,5),
(163,1299,7),
(163,1300,11),
(163,1301,12),
(163,1302,13),
(163,1303,16),
(163,1304,17),
(163,1305,18),
(163,1306,21),
(163,1307,26),
(163,1307,33),
(163,1308,29),
(163,1309,32),
(163,1310,35),
(163,1311,36),
(163,1312,40),
(163,1312,49),
(163,1313,41),
(163,1314,43),
(163,1315,44),
(163,1316,46),
(163,1317,51),
(179,1317,18),
(163,1318,52),
(163,1319,54),
(163,1320,55),
(163,1321,59),
(163,1322,61),
(163,1323,63),
(163,1324,64),
(185,1325,0),
(185,1326,1),
(186,1327,0),
(186,1328,1),
(186,1329,2),
(186,1330,3),
(186,1331,5),
(186,1332,6),
(187,1333,1),
(187,1333,60),
(187,1334,3),
(187,1334,14),
(187,1334,40),
(187,1334,66),
(187,1335,5),
(187,1336,7),
(187,1337,8),
(187,1338,9),
(187,1339,10),
(187,1340,11),
(187,1341,12),
(187,1342,13),
(187,1343,15),
(187,1344,17),
(187,1345,19),
(187,1346,20),
(187,1347,21),
(187,1348,23),
(187,1349,24),
(187,1350,25),
(187,1351,26),
(187,1352,27),
(187,1353,28),
(187,1354,29),
(187,1354,88),
(187,1355,33),
(187,1356,34),
(187,1357,35),
(187,1358,39),
(187,1359,41),
(187,1360,43),
(187,1361,44),
(187,1362,45),
(187,1363,46),
(187,1364,47),
(187,1365,49),
(187,1366,50),
(187,1367,52),
(187,1368,53),
(187,1369,54),
(187,1370,55),
(187,1371,57),
(187,1372,61),
(187,1373,62),
(187,1374,63),
(187,1375,64),
(187,1376,67),
(187,1377,69),
(187,1378,72),
(187,1379,74),
(187,1380,75),
(187,1381,76),
(187,1382,77),
(187,1383,78),
(187,1384,80),
(187,1385,81),
(187,1386,82),
(187,1387,83),
(187,1388,84),
(187,1389,85),
(187,1390,86),
(187,1391,87),
(187,1392,89),
(187,1393,91),
(187,1394,92),
(187,1395,93),
(177,1396,0),
(177,1397,1),
(177,1398,2),
(177,1399,3),
(177,1400,4),
(177,1401,5),
(177,1402,6),
(177,1403,7),
(177,1404,8),
(177,1405,9),
(177,1406,10),
(177,1407,12),
(178,1408,0),
(178,1409,1),
(178,1410,2),
(179,1410,64),
(178,1411,5),
(179,1411,1),
(179,1411,56),
(179,1411,155),
(178,1412,6),
(179,1412,47),
(184,1412,3),
(178,1413,8),
(179,1413,71),
(179,1413,119),
(178,1414,9),
(179,1414,72),
(179,1414,120),
(179,1414,123),
(178,1415,11),
(179,1415,12),
(179,1415,75),
(179,1416,2),
(179,1417,3),
(179,1418,7),
(179,1419,10),
(179,1420,13),
(179,1421,14),
(179,1422,16),
(179,1423,20),
(179,1423,116),
(179,1423,134),
(179,1424,24),
(179,1425,26),
(179,1425,136),
(179,1426,27),
(179,1427,28),
(179,1427,117),
(179,1427,135),
(179,1427,137),
(179,1428,29),
(179,1429,33),
(179,1430,34),
(179,1431,35),
(179,1432,36),
(179,1432,87),
(179,1433,37),
(179,1434,38),
(179,1434,41),
(179,1434,103),
(179,1434,112),
(179,1435,40),
(179,1436,45),
(179,1437,50),
(179,1438,53),
(179,1439,54),
(179,1440,57),
(179,1441,58),
(179,1442,59),
(179,1443,60),
(179,1444,65),
(179,1445,67),
(179,1445,98),
(179,1446,68),
(179,1447,70),
(179,1448,73),
(179,1448,126),
(179,1448,133),
(179,1449,76),
(179,1450,78),
(179,1450,96),
(179,1450,100),
(179,1451,79),
(179,1451,118),
(179,1452,80),
(179,1453,82),
(179,1454,83),
(179,1455,85),
(179,1456,88),
(179,1457,89),
(179,1458,91),
(179,1459,92),
(179,1460,95),
(179,1461,97),
(179,1462,99),
(179,1463,102),
(179,1464,104),
(179,1464,106),
(179,1465,105),
(179,1466,107),
(179,1467,108),
(179,1468,109),
(179,1469,113),
(179,1470,114),
(179,1471,124),
(179,1472,125),
(179,1473,127),
(179,1474,128),
(179,1475,130),
(179,1476,131),
(179,1477,132),
(179,1478,138),
(179,1479,139),
(179,1480,140),
(179,1481,142),
(179,1482,143),
(179,1483,144),
(179,1484,145),
(179,1485,147),
(179,1486,148),
(179,1487,149),
(179,1488,151),
(179,1489,153),
(184,1490,4),
(184,1491,5),
(184,1492,6),
(184,1493,7);
/*!40000 ALTER TABLE `submission_search_object_keywords` ENABLE KEYS */;
UNLOCK TABLES;
commit;

--
-- Table structure for table `submission_search_objects`
--

DROP TABLE IF EXISTS `submission_search_objects`;
/*!40101 SET @saved_cs_client     = @@character_set_client */;
/*!40101 SET character_set_client = utf8mb4 */;
CREATE TABLE `submission_search_objects` (
  `object_id` bigint NOT NULL AUTO_INCREMENT,
  `submission_id` bigint NOT NULL,
  `type` int NOT NULL COMMENT 'Type of item. E.g., abstract, fulltext, etc.',
  `assoc_id` bigint DEFAULT NULL COMMENT 'Optional ID of an associated record (e.g., a file_id)',
  PRIMARY KEY (`object_id`),
  KEY `submission_search_object_submission` (`submission_id`)
) ENGINE=InnoDB AUTO_INCREMENT=193 DEFAULT CHARSET=utf8mb3;
/*!40101 SET character_set_client = @saved_cs_client */;

--
-- Dumping data for table `submission_search_objects`
--

LOCK TABLES `submission_search_objects` WRITE;
/*!40000 ALTER TABLE `submission_search_objects` DISABLE KEYS */;
set autocommit=0;
INSERT INTO `submission_search_objects` VALUES
(9,1,1,0),
(10,1,2,0),
(11,1,4,0),
(12,1,16,0),
(13,1,17,0),
(14,1,8,0),
(15,1,32,0),
(16,1,64,0),
(33,17,1,0),
(34,17,2,0),
(35,17,4,0),
(36,17,16,0),
(37,17,17,0),
(38,17,8,0),
(39,17,32,0),
(40,17,64,0),
(41,20,1,0),
(42,20,2,0),
(43,20,4,0),
(44,20,16,0),
(45,20,17,0),
(46,20,8,0),
(47,20,32,0),
(48,20,64,0),
(49,21,1,0),
(50,21,2,0),
(51,21,4,0),
(52,21,16,0),
(53,21,17,0),
(54,21,8,0),
(55,21,32,0),
(56,21,64,0),
(57,22,1,0),
(58,22,2,0),
(59,22,4,0),
(60,22,16,0),
(61,22,17,0),
(62,22,8,0),
(63,22,32,0),
(64,22,64,0),
(65,23,1,0),
(66,23,2,0),
(67,23,4,0),
(68,23,16,0),
(69,23,17,0),
(70,23,8,0),
(71,23,32,0),
(72,23,64,0),
(73,24,1,0),
(74,24,2,0),
(75,24,4,0),
(76,24,16,0),
(77,24,17,0),
(78,24,8,0),
(79,24,32,0),
(80,24,64,0),
(81,25,1,0),
(82,25,2,0),
(83,25,4,0),
(84,25,16,0),
(85,25,17,0),
(86,25,8,0),
(87,25,32,0),
(88,25,64,0),
(89,26,1,0),
(90,26,2,0),
(91,26,4,0),
(92,26,16,0),
(93,26,17,0),
(94,26,8,0),
(95,26,32,0),
(96,26,64,0),
(97,27,1,0),
(98,27,2,0),
(99,27,4,0),
(100,27,16,0),
(101,27,17,0),
(102,27,8,0),
(103,27,32,0),
(104,27,64,0),
(105,28,1,0),
(106,28,2,0),
(107,28,4,0),
(108,28,16,0),
(109,28,17,0),
(110,28,8,0),
(111,28,32,0),
(112,28,64,0),
(113,29,1,0),
(114,29,2,0),
(115,29,4,0),
(116,29,16,0),
(117,29,17,0),
(118,29,8,0),
(119,29,32,0),
(120,29,64,0),
(121,31,1,0),
(122,31,2,0),
(123,31,4,0),
(124,31,16,0),
(125,31,17,0),
(126,31,8,0),
(127,31,32,0),
(128,31,64,0),
(129,30,1,0),
(130,30,2,0),
(131,30,4,0),
(132,30,16,0),
(133,30,17,0),
(134,30,8,0),
(135,30,32,0),
(136,30,64,0),
(137,41,1,0),
(138,41,2,0),
(139,41,4,0),
(140,41,16,0),
(141,41,17,0),
(142,41,8,0),
(143,41,32,0),
(144,41,64,0),
(145,40,1,0),
(146,40,2,0),
(147,40,4,0),
(148,40,16,0),
(149,40,17,0),
(150,40,8,0),
(151,40,32,0),
(152,40,64,0),
(153,39,1,0),
(154,39,2,0),
(155,39,4,0),
(156,39,16,0),
(157,39,17,0),
(158,39,8,0),
(159,39,32,0),
(160,39,64,0),
(161,34,1,0),
(162,34,2,0),
(163,34,4,0),
(164,34,16,0),
(165,34,17,0),
(166,34,8,0),
(167,34,32,0),
(168,34,64,0),
(177,32,1,0),
(178,32,2,0),
(179,32,4,0),
(180,32,16,0),
(181,32,17,0),
(182,32,8,0),
(183,32,32,0),
(184,32,64,0),
(185,33,1,0),
(186,33,2,0),
(187,33,4,0),
(188,33,16,0),
(189,33,17,0),
(190,33,8,0),
(191,33,32,0),
(192,33,64,0);
/*!40000 ALTER TABLE `submission_search_objects` ENABLE KEYS */;
UNLOCK TABLES;
commit;

--
-- Table structure for table `submission_settings`
--

DROP TABLE IF EXISTS `submission_settings`;
/*!40101 SET @saved_cs_client     = @@character_set_client */;
/*!40101 SET character_set_client = utf8mb4 */;
CREATE TABLE `submission_settings` (
  `submission_id` bigint NOT NULL,
  `locale` varchar(14) NOT NULL DEFAULT '',
  `setting_name` varchar(255) NOT NULL,
  `setting_value` mediumtext,
  UNIQUE KEY `submission_settings_pkey` (`submission_id`,`locale`,`setting_name`),
  KEY `submission_settings_submission_id` (`submission_id`)
) ENGINE=InnoDB DEFAULT CHARSET=utf8mb3;
/*!40101 SET character_set_client = @saved_cs_client */;

--
-- Dumping data for table `submission_settings`
--

LOCK TABLES `submission_settings` WRITE;
/*!40000 ALTER TABLE `submission_settings` DISABLE KEYS */;
set autocommit=0;
/*!40000 ALTER TABLE `submission_settings` ENABLE KEYS */;
UNLOCK TABLES;
commit;

--
-- Table structure for table `submission_tombstones`
--

DROP TABLE IF EXISTS `submission_tombstones`;
/*!40101 SET @saved_cs_client     = @@character_set_client */;
/*!40101 SET character_set_client = utf8mb4 */;
CREATE TABLE `submission_tombstones` (
  `tombstone_id` bigint NOT NULL AUTO_INCREMENT,
  `submission_id` bigint NOT NULL,
  `date_deleted` datetime NOT NULL,
  `journal_id` bigint NOT NULL,
  `section_id` bigint NOT NULL,
  `set_spec` varchar(255) NOT NULL,
  `set_name` varchar(255) NOT NULL,
  `oai_identifier` varchar(255) NOT NULL,
  PRIMARY KEY (`tombstone_id`),
  KEY `submission_tombstones_journal_id` (`journal_id`),
  KEY `submission_tombstones_submission_id` (`submission_id`)
) ENGINE=InnoDB DEFAULT CHARSET=utf8mb3;
/*!40101 SET character_set_client = @saved_cs_client */;

--
-- Dumping data for table `submission_tombstones`
--

LOCK TABLES `submission_tombstones` WRITE;
/*!40000 ALTER TABLE `submission_tombstones` DISABLE KEYS */;
set autocommit=0;
/*!40000 ALTER TABLE `submission_tombstones` ENABLE KEYS */;
UNLOCK TABLES;
commit;

--
-- Table structure for table `submissions`
--

DROP TABLE IF EXISTS `submissions`;
/*!40101 SET @saved_cs_client     = @@character_set_client */;
/*!40101 SET character_set_client = utf8mb4 */;
CREATE TABLE `submissions` (
  `submission_id` bigint NOT NULL AUTO_INCREMENT,
  `context_id` bigint NOT NULL,
  `current_publication_id` bigint DEFAULT NULL,
  `date_last_activity` datetime DEFAULT NULL,
  `date_submitted` datetime DEFAULT NULL,
  `last_modified` datetime DEFAULT NULL,
  `stage_id` bigint NOT NULL DEFAULT '1',
  `locale` varchar(14) DEFAULT NULL,
  `status` smallint NOT NULL DEFAULT '1',
  `submission_progress` smallint NOT NULL DEFAULT '1',
  `work_type` smallint DEFAULT '0',
  PRIMARY KEY (`submission_id`),
  KEY `submissions_context_id` (`context_id`),
  KEY `submissions_publication_id` (`current_publication_id`)
) ENGINE=InnoDB AUTO_INCREMENT=44 DEFAULT CHARSET=utf8mb3;
/*!40101 SET character_set_client = @saved_cs_client */;

--
-- Dumping data for table `submissions`
--

LOCK TABLES `submissions` WRITE;
/*!40000 ALTER TABLE `submissions` DISABLE KEYS */;
set autocommit=0;
INSERT INTO `submissions` VALUES
(1,1,1,'2025-07-11 05:40:02','2025-07-11 05:38:17','2025-07-11 05:38:17',5,'en_US',3,0,0),
(2,1,3,'2025-07-11 05:40:27','2025-07-11 05:40:13','2025-07-11 05:40:13',3,'en_US',1,0,0),
(3,1,4,'2025-07-11 05:40:53','2025-07-11 05:40:38','2025-07-11 05:40:38',4,'en_US',1,0,0),
(4,1,5,'2025-07-11 05:41:06','2025-07-11 05:41:05','2025-07-11 05:41:05',1,'en_US',1,0,0),
(5,1,6,'2025-07-11 05:41:36','2025-07-11 05:41:14','2025-07-11 05:41:14',5,'en_US',1,0,0),
(6,1,7,'2025-07-11 05:42:05','2025-07-11 05:41:45','2025-07-11 05:41:45',5,'en_US',1,0,0),
(7,1,8,'2025-07-11 05:42:34','2025-07-11 05:42:14','2025-07-11 05:42:14',3,'en_US',1,0,0),
(8,1,9,'2025-07-11 05:42:45','2025-07-11 05:42:45','2025-07-11 05:42:45',1,'en_US',1,0,0),
(9,1,10,'2025-07-11 05:43:16','2025-07-11 05:42:53','2025-07-11 05:42:53',5,'en_US',1,0,0),
(10,1,11,'2025-07-11 05:43:48','2025-07-11 05:43:25','2025-07-11 05:43:25',3,'en_US',1,0,0),
(11,1,12,'2025-07-11 05:43:59','2025-07-11 05:43:58','2025-07-11 05:43:58',1,'en_US',1,0,0),
(12,1,13,'2025-07-11 05:44:20','2025-07-11 05:44:08','2025-07-11 05:44:08',3,'en_US',1,0,0),
(13,1,14,'2025-07-11 05:45:08','2025-07-11 05:44:29','2025-07-11 05:44:29',3,'en_US',1,0,0),
(14,1,15,'2025-07-11 05:45:17','2025-07-11 05:45:17','2025-07-11 05:45:17',1,'en_US',1,0,0),
(15,1,16,'2025-07-11 05:45:47','2025-07-11 05:45:25','2025-07-11 05:45:25',5,'en_US',1,0,0),
(16,1,17,'2025-07-11 05:45:56','2025-07-11 05:45:56','2025-07-11 05:45:56',1,'en_US',1,0,0),
(17,1,18,'2025-07-11 05:47:06','2025-07-11 05:46:05','2025-07-11 05:46:05',5,'en_US',3,0,0),
(18,1,19,'2025-07-11 05:47:22','2025-07-11 05:47:17','2025-07-11 05:47:17',1,'en_US',4,0,0),
(19,1,20,'2025-07-11 05:47:46','2025-07-11 05:47:30','2025-07-11 05:47:30',4,'en_US',1,0,0),
(20,2,21,'2025-07-14 11:57:48','2025-07-14 11:53:56','2025-07-14 11:53:56',5,'en_US',3,0,0),
(21,2,22,'2025-07-14 13:05:44','2025-07-14 12:05:31','2025-07-14 12:05:31',5,'en_US',3,0,0),
(22,2,23,'2025-07-14 13:07:16','2025-07-14 12:12:11','2025-07-14 12:12:11',5,'en_US',3,0,0),
(23,2,24,'2025-07-14 13:07:46','2025-07-14 12:17:42','2025-07-14 12:17:42',4,'en_US',3,0,0),
(24,2,25,'2025-07-14 13:08:15','2025-07-14 12:20:47','2025-07-14 12:20:47',4,'en_US',3,0,0),
(25,2,26,'2025-07-14 13:08:48','2025-07-14 12:28:00','2025-07-14 12:28:00',4,'en_US',3,0,0),
(26,2,27,'2025-07-14 13:09:26','2025-07-14 12:33:21','2025-07-14 12:33:21',4,'en_US',3,0,0),
(27,2,28,'2025-07-14 13:10:37','2025-07-14 12:36:45','2025-07-14 12:36:45',4,'en_US',3,0,0),
(28,2,29,'2025-07-14 13:11:36','2025-07-14 12:41:09','2025-07-14 12:41:09',4,'en_US',3,0,0),
(29,2,30,'2025-07-14 13:12:11','2025-07-14 12:47:04','2025-07-14 12:47:04',4,'en_US',3,0,0),
(30,2,31,'2025-07-14 13:13:11','2025-07-14 12:53:51','2025-07-14 12:53:51',4,'en_US',3,0,0),
(31,2,32,'2025-07-14 13:12:42','2025-07-14 13:03:30','2025-07-14 13:03:30',4,'en_US',3,0,0),
(32,2,33,'2025-07-14 14:20:01','2025-07-14 13:19:54','2025-07-14 13:19:54',4,'en_US',3,0,0),
(33,2,34,'2025-08-13 08:42:45','2025-07-14 13:21:49','2025-07-14 13:21:49',4,'en_US',3,0,0),
(34,2,35,'2025-07-14 14:20:01','2025-07-14 13:31:15','2025-07-14 13:31:15',4,'en_US',3,0,0),
(39,2,40,'2025-07-14 14:20:01','2025-07-14 13:59:31','2025-07-14 13:59:31',4,'en_US',3,0,0),
(40,2,41,'2025-07-14 14:20:01','2025-07-14 14:08:01','2025-07-14 14:08:01',4,'en_US',3,0,0),
(41,2,42,'2025-07-14 14:20:01','2025-07-14 14:14:59','2025-07-14 14:14:59',4,'en_US',3,0,0),
(42,2,43,'2025-08-14 07:28:49','2025-08-14 07:28:07','2025-08-14 07:28:07',1,'en_US',1,0,0),
(43,2,44,'2025-08-14 07:33:55',NULL,'2025-08-14 07:33:55',1,'en_US',1,4,0);
/*!40000 ALTER TABLE `submissions` ENABLE KEYS */;
UNLOCK TABLES;
commit;

--
-- Table structure for table `subscription_type_settings`
--

DROP TABLE IF EXISTS `subscription_type_settings`;
/*!40101 SET @saved_cs_client     = @@character_set_client */;
/*!40101 SET character_set_client = utf8mb4 */;
CREATE TABLE `subscription_type_settings` (
  `type_id` bigint NOT NULL,
  `locale` varchar(14) NOT NULL DEFAULT '',
  `setting_name` varchar(255) NOT NULL,
  `setting_value` text,
  `setting_type` varchar(6) NOT NULL,
  UNIQUE KEY `subscription_type_settings_pkey` (`type_id`,`locale`,`setting_name`),
  KEY `subscription_type_settings_type_id` (`type_id`)
) ENGINE=InnoDB DEFAULT CHARSET=utf8mb3;
/*!40101 SET character_set_client = @saved_cs_client */;

--
-- Dumping data for table `subscription_type_settings`
--

LOCK TABLES `subscription_type_settings` WRITE;
/*!40000 ALTER TABLE `subscription_type_settings` DISABLE KEYS */;
set autocommit=0;
/*!40000 ALTER TABLE `subscription_type_settings` ENABLE KEYS */;
UNLOCK TABLES;
commit;

--
-- Table structure for table `subscription_types`
--

DROP TABLE IF EXISTS `subscription_types`;
/*!40101 SET @saved_cs_client     = @@character_set_client */;
/*!40101 SET character_set_client = utf8mb4 */;
CREATE TABLE `subscription_types` (
  `type_id` bigint NOT NULL AUTO_INCREMENT,
  `journal_id` bigint NOT NULL,
  `cost` double(8,2) NOT NULL,
  `currency_code_alpha` varchar(3) NOT NULL,
  `duration` smallint DEFAULT NULL,
  `format` smallint NOT NULL,
  `institutional` smallint NOT NULL DEFAULT '0',
  `membership` smallint NOT NULL DEFAULT '0',
  `disable_public_display` smallint NOT NULL,
  `seq` double(8,2) NOT NULL,
  PRIMARY KEY (`type_id`)
) ENGINE=InnoDB DEFAULT CHARSET=utf8mb3;
/*!40101 SET character_set_client = @saved_cs_client */;

--
-- Dumping data for table `subscription_types`
--

LOCK TABLES `subscription_types` WRITE;
/*!40000 ALTER TABLE `subscription_types` DISABLE KEYS */;
set autocommit=0;
/*!40000 ALTER TABLE `subscription_types` ENABLE KEYS */;
UNLOCK TABLES;
commit;

--
-- Table structure for table `subscriptions`
--

DROP TABLE IF EXISTS `subscriptions`;
/*!40101 SET @saved_cs_client     = @@character_set_client */;
/*!40101 SET character_set_client = utf8mb4 */;
CREATE TABLE `subscriptions` (
  `subscription_id` bigint NOT NULL AUTO_INCREMENT,
  `journal_id` bigint NOT NULL,
  `user_id` bigint NOT NULL,
  `type_id` bigint NOT NULL,
  `date_start` date DEFAULT NULL,
  `date_end` datetime DEFAULT NULL,
  `status` smallint NOT NULL DEFAULT '1',
  `membership` varchar(40) DEFAULT NULL,
  `reference_number` varchar(40) DEFAULT NULL,
  `notes` text,
  PRIMARY KEY (`subscription_id`)
) ENGINE=InnoDB DEFAULT CHARSET=utf8mb3;
/*!40101 SET character_set_client = @saved_cs_client */;

--
-- Dumping data for table `subscriptions`
--

LOCK TABLES `subscriptions` WRITE;
/*!40000 ALTER TABLE `subscriptions` DISABLE KEYS */;
set autocommit=0;
/*!40000 ALTER TABLE `subscriptions` ENABLE KEYS */;
UNLOCK TABLES;
commit;

--
-- Table structure for table `temporary_files`
--

DROP TABLE IF EXISTS `temporary_files`;
/*!40101 SET @saved_cs_client     = @@character_set_client */;
/*!40101 SET character_set_client = utf8mb4 */;
CREATE TABLE `temporary_files` (
  `file_id` bigint NOT NULL AUTO_INCREMENT,
  `user_id` bigint NOT NULL,
  `file_name` varchar(90) NOT NULL,
  `file_type` varchar(255) DEFAULT NULL,
  `file_size` bigint NOT NULL,
  `original_file_name` varchar(127) DEFAULT NULL,
  `date_uploaded` datetime NOT NULL,
  PRIMARY KEY (`file_id`),
  KEY `temporary_files_user_id` (`user_id`)
) ENGINE=InnoDB DEFAULT CHARSET=utf8mb3;
/*!40101 SET character_set_client = @saved_cs_client */;

--
-- Dumping data for table `temporary_files`
--

LOCK TABLES `temporary_files` WRITE;
/*!40000 ALTER TABLE `temporary_files` DISABLE KEYS */;
set autocommit=0;
/*!40000 ALTER TABLE `temporary_files` ENABLE KEYS */;
UNLOCK TABLES;
commit;

--
-- Table structure for table `usage_stats_temporary_records`
--

DROP TABLE IF EXISTS `usage_stats_temporary_records`;
/*!40101 SET @saved_cs_client     = @@character_set_client */;
/*!40101 SET character_set_client = utf8mb4 */;
CREATE TABLE `usage_stats_temporary_records` (
  `assoc_id` bigint NOT NULL,
  `assoc_type` bigint NOT NULL,
  `day` bigint NOT NULL,
  `entry_time` bigint NOT NULL,
  `metric` bigint NOT NULL DEFAULT '1',
  `country_id` varchar(2) DEFAULT NULL,
  `region` varchar(2) DEFAULT NULL,
  `city` varchar(255) DEFAULT NULL,
  `load_id` varchar(255) NOT NULL,
  `file_type` smallint DEFAULT NULL
) ENGINE=InnoDB DEFAULT CHARSET=utf8mb3;
/*!40101 SET character_set_client = @saved_cs_client */;

--
-- Dumping data for table `usage_stats_temporary_records`
--

LOCK TABLES `usage_stats_temporary_records` WRITE;
/*!40000 ALTER TABLE `usage_stats_temporary_records` DISABLE KEYS */;
set autocommit=0;
/*!40000 ALTER TABLE `usage_stats_temporary_records` ENABLE KEYS */;
UNLOCK TABLES;
commit;

--
-- Table structure for table `user_group_settings`
--

DROP TABLE IF EXISTS `user_group_settings`;
/*!40101 SET @saved_cs_client     = @@character_set_client */;
/*!40101 SET character_set_client = utf8mb4 */;
CREATE TABLE `user_group_settings` (
  `user_group_id` bigint NOT NULL,
  `locale` varchar(14) NOT NULL DEFAULT '',
  `setting_name` varchar(255) NOT NULL,
  `setting_value` text,
  `setting_type` varchar(6) NOT NULL COMMENT '(bool|int|float|string|object)',
  UNIQUE KEY `user_group_settings_pkey` (`user_group_id`,`locale`,`setting_name`)
) ENGINE=InnoDB DEFAULT CHARSET=utf8mb3;
/*!40101 SET character_set_client = @saved_cs_client */;

--
-- Dumping data for table `user_group_settings`
--

LOCK TABLES `user_group_settings` WRITE;
/*!40000 ALTER TABLE `user_group_settings` DISABLE KEYS */;
set autocommit=0;
INSERT INTO `user_group_settings` VALUES
(1,'en_US','name','Site Admin','string'),
(1,'fr_CA','name','##default.groups.name.siteAdmin##','string'),
(2,'','abbrevLocaleKey','default.groups.abbrev.manager','string'),
(2,'','nameLocaleKey','default.groups.name.manager','string'),
(2,'en_US','abbrev','JM','string'),
(2,'en_US','name','Journal manager','string'),
(2,'fr_CA','abbrev','DIR','string'),
(2,'fr_CA','name','Directeur-trice de la revue','string'),
(3,'','abbrevLocaleKey','default.groups.abbrev.editor','string'),
(3,'','nameLocaleKey','default.groups.name.editor','string'),
(3,'en_US','abbrev','JE','string'),
(3,'en_US','name','Journal editor','string'),
(3,'fr_CA','abbrev','RÉD','string'),
(3,'fr_CA','name','Rédacteur-trice','string'),
(4,'','abbrevLocaleKey','default.groups.abbrev.productionEditor','string'),
(4,'','nameLocaleKey','default.groups.name.productionEditor','string'),
(4,'en_US','abbrev','ProdE','string'),
(4,'en_US','name','Production editor','string'),
(4,'fr_CA','abbrev','DirProd','string'),
(4,'fr_CA','name','Directeur-trice de production','string'),
(5,'','abbrevLocaleKey','default.groups.abbrev.sectionEditor','string'),
(5,'','nameLocaleKey','default.groups.name.sectionEditor','string'),
(5,'en_US','abbrev','SecE','string'),
(5,'en_US','name','Section editor','string'),
(5,'fr_CA','abbrev','RÉDRUB','string'),
(5,'fr_CA','name','Rédacteur-trice de rubrique','string'),
(6,'','abbrevLocaleKey','default.groups.abbrev.guestEditor','string'),
(6,'','nameLocaleKey','default.groups.name.guestEditor','string'),
(6,'en_US','abbrev','GE','string'),
(6,'en_US','name','Guest editor','string'),
(6,'fr_CA','abbrev','RÉDINV','string'),
(6,'fr_CA','name','Rédacteur-trice invité-e','string'),
(7,'','abbrevLocaleKey','default.groups.abbrev.copyeditor','string'),
(7,'','nameLocaleKey','default.groups.name.copyeditor','string'),
(7,'en_US','abbrev','CE','string'),
(7,'en_US','name','Copyeditor','string'),
(7,'fr_CA','abbrev','RÉV','string'),
(7,'fr_CA','name','Réviseur-e','string'),
(8,'','abbrevLocaleKey','default.groups.abbrev.designer','string'),
(8,'','nameLocaleKey','default.groups.name.designer','string'),
(8,'en_US','abbrev','Design','string'),
(8,'en_US','name','Designer','string'),
(8,'fr_CA','abbrev','Design','string'),
(8,'fr_CA','name','Designer','string'),
(9,'','abbrevLocaleKey','default.groups.abbrev.funding','string'),
(9,'','nameLocaleKey','default.groups.name.funding','string'),
(9,'en_US','abbrev','FC','string'),
(9,'en_US','name','Funding coordinator','string'),
(9,'fr_CA','abbrev','CF','string'),
(9,'fr_CA','name','Coordonnateur-trice du financement','string'),
(10,'','abbrevLocaleKey','default.groups.abbrev.indexer','string'),
(10,'','nameLocaleKey','default.groups.name.indexer','string'),
(10,'en_US','abbrev','IND','string'),
(10,'en_US','name','Indexer','string'),
(10,'fr_CA','abbrev','Indx','string'),
(10,'fr_CA','name','Indexeur-e','string'),
(11,'','abbrevLocaleKey','default.groups.abbrev.layoutEditor','string'),
(11,'','nameLocaleKey','default.groups.name.layoutEditor','string'),
(11,'en_US','abbrev','LE','string'),
(11,'en_US','name','Layout Editor','string'),
(11,'fr_CA','abbrev','RespMP','string'),
(11,'fr_CA','name','Responsable de la mise en page','string'),
(12,'','abbrevLocaleKey','default.groups.abbrev.marketing','string'),
(12,'','nameLocaleKey','default.groups.name.marketing','string'),
(12,'en_US','abbrev','MS','string'),
(12,'en_US','name','Marketing and sales coordinator','string'),
(12,'fr_CA','abbrev','CVM','string'),
(12,'fr_CA','name','Coordonnateur-trice des ventes et du marketing','string'),
(13,'','abbrevLocaleKey','default.groups.abbrev.proofreader','string'),
(13,'','nameLocaleKey','default.groups.name.proofreader','string'),
(13,'en_US','abbrev','PR','string'),
(13,'en_US','name','Proofreader','string'),
(13,'fr_CA','abbrev','CorEp','string'),
(13,'fr_CA','name','Correcteur-trice d\'épreuves','string'),
(14,'','abbrevLocaleKey','default.groups.abbrev.author','string'),
(14,'','nameLocaleKey','default.groups.name.author','string'),
(14,'en_US','abbrev','AU','string'),
(14,'en_US','name','Author','string'),
(14,'fr_CA','abbrev','AU','string'),
(14,'fr_CA','name','Auteur-e','string'),
(15,'','abbrevLocaleKey','default.groups.abbrev.translator','string'),
(15,'','nameLocaleKey','default.groups.name.translator','string'),
(15,'en_US','abbrev','Trans','string'),
(15,'en_US','name','Translator','string'),
(15,'fr_CA','abbrev','Trad','string'),
(15,'fr_CA','name','Traducteur-trice','string'),
(16,'','abbrevLocaleKey','default.groups.abbrev.externalReviewer','string'),
(16,'','nameLocaleKey','default.groups.name.externalReviewer','string'),
(16,'en_US','abbrev','R','string'),
(16,'en_US','name','Reviewer','string'),
(16,'fr_CA','abbrev','ÉVAL','string'),
(16,'fr_CA','name','Évaluateur-trice','string'),
(17,'','abbrevLocaleKey','default.groups.abbrev.reader','string'),
(17,'','nameLocaleKey','default.groups.name.reader','string'),
(17,'en_US','abbrev','Read','string'),
(17,'en_US','name','Reader','string'),
(17,'fr_CA','abbrev','Lect','string'),
(17,'fr_CA','name','Lecteur-trice','string'),
(18,'','abbrevLocaleKey','default.groups.abbrev.subscriptionManager','string'),
(18,'','nameLocaleKey','default.groups.name.subscriptionManager','string'),
(18,'en_US','abbrev','SubM','string'),
(18,'en_US','name','Subscription Manager','string'),
(18,'fr_CA','abbrev','RespAB','string'),
(18,'fr_CA','name','Responsable des abonnements','string'),
(19,'','abbrevLocaleKey','default.groups.abbrev.manager','string'),
(19,'','nameLocaleKey','default.groups.name.manager','string'),
(19,'en_US','abbrev','JM','string'),
(19,'en_US','name','Journal manager','string'),
(19,'fr_CA','abbrev','##default.groups.abbrev.manager##','string'),
(19,'fr_CA','name','##default.groups.name.manager##','string'),
(20,'','abbrevLocaleKey','default.groups.abbrev.editor','string'),
(20,'','nameLocaleKey','default.groups.name.editor','string'),
(20,'en_US','abbrev','JE','string'),
(20,'en_US','name','Journal editor','string'),
(20,'fr_CA','abbrev','##default.groups.abbrev.editor##','string'),
(20,'fr_CA','name','##default.groups.name.editor##','string'),
(21,'','abbrevLocaleKey','default.groups.abbrev.productionEditor','string'),
(21,'','nameLocaleKey','default.groups.name.productionEditor','string'),
(21,'en_US','abbrev','ProdE','string'),
(21,'en_US','name','Production editor','string'),
(21,'fr_CA','abbrev','##default.groups.abbrev.productionEditor##','string'),
(21,'fr_CA','name','##default.groups.name.productionEditor##','string'),
(22,'','abbrevLocaleKey','default.groups.abbrev.sectionEditor','string'),
(22,'','nameLocaleKey','default.groups.name.sectionEditor','string'),
(22,'en_US','abbrev','SecE','string'),
(22,'en_US','name','Section editor','string'),
(22,'fr_CA','abbrev','##default.groups.abbrev.sectionEditor##','string'),
(22,'fr_CA','name','##default.groups.name.sectionEditor##','string'),
(23,'','abbrevLocaleKey','default.groups.abbrev.guestEditor','string'),
(23,'','nameLocaleKey','default.groups.name.guestEditor','string'),
(23,'en_US','abbrev','GE','string'),
(23,'en_US','name','Guest editor','string'),
(23,'fr_CA','abbrev','##default.groups.abbrev.guestEditor##','string'),
(23,'fr_CA','name','##default.groups.name.guestEditor##','string'),
(24,'','abbrevLocaleKey','default.groups.abbrev.copyeditor','string'),
(24,'','nameLocaleKey','default.groups.name.copyeditor','string'),
(24,'en_US','abbrev','CE','string'),
(24,'en_US','name','Copyeditor','string'),
(24,'fr_CA','abbrev','##default.groups.abbrev.copyeditor##','string'),
(24,'fr_CA','name','##default.groups.name.copyeditor##','string'),
(25,'','abbrevLocaleKey','default.groups.abbrev.designer','string'),
(25,'','nameLocaleKey','default.groups.name.designer','string'),
(25,'en_US','abbrev','Design','string'),
(25,'en_US','name','Designer','string'),
(25,'fr_CA','abbrev','##default.groups.abbrev.designer##','string'),
(25,'fr_CA','name','##default.groups.name.designer##','string'),
(26,'','abbrevLocaleKey','default.groups.abbrev.funding','string'),
(26,'','nameLocaleKey','default.groups.name.funding','string'),
(26,'en_US','abbrev','FC','string'),
(26,'en_US','name','Funding coordinator','string'),
(26,'fr_CA','abbrev','##default.groups.abbrev.funding##','string'),
(26,'fr_CA','name','##default.groups.name.funding##','string'),
(27,'','abbrevLocaleKey','default.groups.abbrev.indexer','string'),
(27,'','nameLocaleKey','default.groups.name.indexer','string'),
(27,'en_US','abbrev','IND','string'),
(27,'en_US','name','Indexer','string'),
(27,'fr_CA','abbrev','##default.groups.abbrev.indexer##','string'),
(27,'fr_CA','name','##default.groups.name.indexer##','string'),
(28,'','abbrevLocaleKey','default.groups.abbrev.layoutEditor','string'),
(28,'','nameLocaleKey','default.groups.name.layoutEditor','string'),
(28,'en_US','abbrev','LE','string'),
(28,'en_US','name','Layout Editor','string'),
(28,'fr_CA','abbrev','##default.groups.abbrev.layoutEditor##','string'),
(28,'fr_CA','name','##default.groups.name.layoutEditor##','string'),
(29,'','abbrevLocaleKey','default.groups.abbrev.marketing','string'),
(29,'','nameLocaleKey','default.groups.name.marketing','string'),
(29,'en_US','abbrev','MS','string'),
(29,'en_US','name','Marketing and sales coordinator','string'),
(29,'fr_CA','abbrev','##default.groups.abbrev.marketing##','string'),
(29,'fr_CA','name','##default.groups.name.marketing##','string'),
(30,'','abbrevLocaleKey','default.groups.abbrev.proofreader','string'),
(30,'','nameLocaleKey','default.groups.name.proofreader','string'),
(30,'en_US','abbrev','PR','string'),
(30,'en_US','name','Proofreader','string'),
(30,'fr_CA','abbrev','##default.groups.abbrev.proofreader##','string'),
(30,'fr_CA','name','##default.groups.name.proofreader##','string'),
(31,'','abbrevLocaleKey','default.groups.abbrev.author','string'),
(31,'','nameLocaleKey','default.groups.name.author','string'),
(31,'en_US','abbrev','AU','string'),
(31,'en_US','name','Author','string'),
(31,'fr_CA','abbrev','##default.groups.abbrev.author##','string'),
(31,'fr_CA','name','##default.groups.name.author##','string'),
(32,'','abbrevLocaleKey','default.groups.abbrev.translator','string'),
(32,'','nameLocaleKey','default.groups.name.translator','string'),
(32,'en_US','abbrev','Trans','string'),
(32,'en_US','name','Translator','string'),
(32,'fr_CA','abbrev','##default.groups.abbrev.translator##','string'),
(32,'fr_CA','name','##default.groups.name.translator##','string'),
(33,'','abbrevLocaleKey','default.groups.abbrev.externalReviewer','string'),
(33,'','nameLocaleKey','default.groups.name.externalReviewer','string'),
(33,'en_US','abbrev','R','string'),
(33,'en_US','name','Reviewer','string'),
(33,'fr_CA','abbrev','##default.groups.abbrev.externalReviewer##','string'),
(33,'fr_CA','name','##default.groups.name.externalReviewer##','string'),
(34,'','abbrevLocaleKey','default.groups.abbrev.reader','string'),
(34,'','nameLocaleKey','default.groups.name.reader','string'),
(34,'en_US','abbrev','Read','string'),
(34,'en_US','name','Reader','string'),
(34,'fr_CA','abbrev','##default.groups.abbrev.reader##','string'),
(34,'fr_CA','name','##default.groups.name.reader##','string'),
(35,'','abbrevLocaleKey','default.groups.abbrev.subscriptionManager','string'),
(35,'','nameLocaleKey','default.groups.name.subscriptionManager','string'),
(35,'en_US','abbrev','SubM','string'),
(35,'en_US','name','Subscription Manager','string'),
(35,'fr_CA','abbrev','##default.groups.abbrev.subscriptionManager##','string'),
(35,'fr_CA','name','##default.groups.name.subscriptionManager##','string');
/*!40000 ALTER TABLE `user_group_settings` ENABLE KEYS */;
UNLOCK TABLES;
commit;

--
-- Table structure for table `user_group_stage`
--

DROP TABLE IF EXISTS `user_group_stage`;
/*!40101 SET @saved_cs_client     = @@character_set_client */;
/*!40101 SET character_set_client = utf8mb4 */;
CREATE TABLE `user_group_stage` (
  `context_id` bigint NOT NULL,
  `user_group_id` bigint NOT NULL,
  `stage_id` bigint NOT NULL,
  UNIQUE KEY `user_group_stage_pkey` (`context_id`,`user_group_id`,`stage_id`),
  KEY `user_group_stage_context_id` (`context_id`),
  KEY `user_group_stage_user_group_id` (`user_group_id`),
  KEY `user_group_stage_stage_id` (`stage_id`)
) ENGINE=InnoDB DEFAULT CHARSET=utf8mb3;
/*!40101 SET character_set_client = @saved_cs_client */;

--
-- Dumping data for table `user_group_stage`
--

LOCK TABLES `user_group_stage` WRITE;
/*!40000 ALTER TABLE `user_group_stage` DISABLE KEYS */;
set autocommit=0;
INSERT INTO `user_group_stage` VALUES
(1,3,1),
(1,3,3),
(1,3,4),
(1,3,5),
(1,4,4),
(1,4,5),
(1,5,1),
(1,5,3),
(1,5,4),
(1,5,5),
(1,6,1),
(1,6,3),
(1,6,4),
(1,6,5),
(1,7,4),
(1,8,5),
(1,9,1),
(1,9,3),
(1,10,5),
(1,11,5),
(1,12,4),
(1,13,5),
(1,14,1),
(1,14,3),
(1,14,4),
(1,14,5),
(1,15,1),
(1,15,3),
(1,15,4),
(1,15,5),
(1,16,3),
(2,20,1),
(2,20,3),
(2,20,4),
(2,20,5),
(2,21,4),
(2,21,5),
(2,22,1),
(2,22,3),
(2,22,4),
(2,22,5),
(2,23,1),
(2,23,3),
(2,23,4),
(2,23,5),
(2,24,4),
(2,25,5),
(2,26,1),
(2,26,3),
(2,27,5),
(2,28,5),
(2,29,4),
(2,30,5),
(2,31,1),
(2,31,3),
(2,31,4),
(2,31,5),
(2,32,1),
(2,32,3),
(2,32,4),
(2,32,5),
(2,33,3);
/*!40000 ALTER TABLE `user_group_stage` ENABLE KEYS */;
UNLOCK TABLES;
commit;

--
-- Table structure for table `user_groups`
--

DROP TABLE IF EXISTS `user_groups`;
/*!40101 SET @saved_cs_client     = @@character_set_client */;
/*!40101 SET character_set_client = utf8mb4 */;
CREATE TABLE `user_groups` (
  `user_group_id` bigint NOT NULL AUTO_INCREMENT,
  `context_id` bigint NOT NULL,
  `role_id` bigint NOT NULL,
  `is_default` smallint NOT NULL DEFAULT '0',
  `show_title` smallint NOT NULL DEFAULT '1',
  `permit_self_registration` smallint NOT NULL DEFAULT '0',
  `permit_metadata_edit` smallint NOT NULL DEFAULT '0',
  PRIMARY KEY (`user_group_id`),
  KEY `user_groups_user_group_id` (`user_group_id`),
  KEY `user_groups_context_id` (`context_id`),
  KEY `user_groups_role_id` (`role_id`)
) ENGINE=InnoDB AUTO_INCREMENT=36 DEFAULT CHARSET=utf8mb3;
/*!40101 SET character_set_client = @saved_cs_client */;

--
-- Dumping data for table `user_groups`
--

LOCK TABLES `user_groups` WRITE;
/*!40000 ALTER TABLE `user_groups` DISABLE KEYS */;
set autocommit=0;
INSERT INTO `user_groups` VALUES
(1,0,1,1,0,0,0),
(2,1,16,1,0,0,1),
(3,1,16,1,0,0,1),
(4,1,16,1,0,0,1),
(5,1,17,1,0,0,1),
(6,1,17,1,0,0,0),
(7,1,4097,1,0,0,0),
(8,1,4097,1,0,0,0),
(9,1,4097,1,0,0,0),
(10,1,4097,1,0,0,0),
(11,1,4097,1,0,0,0),
(12,1,4097,1,0,0,0),
(13,1,4097,1,0,0,0),
(14,1,65536,1,0,1,0),
(15,1,65536,1,0,0,0),
(16,1,4096,1,0,1,0),
(17,1,1048576,1,0,1,0),
(18,1,2097152,1,0,0,0),
(19,2,16,1,0,0,1),
(20,2,16,1,0,0,1),
(21,2,16,1,0,0,1),
(22,2,17,1,0,0,1),
(23,2,17,1,0,0,0),
(24,2,4097,1,0,0,0),
(25,2,4097,1,0,0,0),
(26,2,4097,1,0,0,0),
(27,2,4097,1,0,0,0),
(28,2,4097,1,0,0,0),
(29,2,4097,1,0,0,0),
(30,2,4097,1,0,0,0),
(31,2,65536,1,0,1,0),
(32,2,65536,1,0,0,0),
(33,2,4096,1,0,1,0),
(34,2,1048576,1,0,1,0),
(35,2,2097152,1,0,0,0);
/*!40000 ALTER TABLE `user_groups` ENABLE KEYS */;
UNLOCK TABLES;
commit;

--
-- Table structure for table `user_interests`
--

DROP TABLE IF EXISTS `user_interests`;
/*!40101 SET @saved_cs_client     = @@character_set_client */;
/*!40101 SET character_set_client = utf8mb4 */;
CREATE TABLE `user_interests` (
  `user_id` bigint NOT NULL,
  `controlled_vocab_entry_id` bigint NOT NULL,
  UNIQUE KEY `u_e_pkey` (`user_id`,`controlled_vocab_entry_id`)
) ENGINE=InnoDB DEFAULT CHARSET=utf8mb3;
/*!40101 SET character_set_client = @saved_cs_client */;

--
-- Dumping data for table `user_interests`
--

LOCK TABLES `user_interests` WRITE;
/*!40000 ALTER TABLE `user_interests` DISABLE KEYS */;
set autocommit=0;
/*!40000 ALTER TABLE `user_interests` ENABLE KEYS */;
UNLOCK TABLES;
commit;

--
-- Table structure for table `user_settings`
--

DROP TABLE IF EXISTS `user_settings`;
/*!40101 SET @saved_cs_client     = @@character_set_client */;
/*!40101 SET character_set_client = utf8mb4 */;
CREATE TABLE `user_settings` (
  `user_id` bigint NOT NULL,
  `locale` varchar(14) NOT NULL DEFAULT '',
  `setting_name` varchar(255) NOT NULL,
  `assoc_type` bigint NOT NULL DEFAULT '0',
  `assoc_id` bigint NOT NULL DEFAULT '0',
  `setting_value` text,
  `setting_type` varchar(6) NOT NULL,
  UNIQUE KEY `user_settings_pkey` (`user_id`,`locale`,`setting_name`,`assoc_type`,`assoc_id`),
  KEY `user_settings_user_id` (`user_id`),
  KEY `user_settings_locale_setting_name_index` (`setting_name`,`locale`)
) ENGINE=InnoDB DEFAULT CHARSET=utf8mb3;
/*!40101 SET character_set_client = @saved_cs_client */;

--
-- Dumping data for table `user_settings`
--

LOCK TABLES `user_settings` WRITE;
/*!40000 ALTER TABLE `user_settings` DISABLE KEYS */;
set autocommit=0;
INSERT INTO `user_settings` VALUES
(1,'','orcid',0,0,'','string'),
(1,'en_US','affiliation',0,0,'','string'),
(1,'en_US','biography',0,0,'','string'),
(1,'en_US','familyName',0,0,'admin','string'),
(1,'en_US','givenName',0,0,'admin','string'),
(1,'en_US','preferredPublicName',0,0,'','string'),
(1,'en_US','signature',0,0,'','string'),
(2,'','orcid',0,0,'','string'),
(2,'en_US','affiliation',0,0,'Universidad Nacional Autónoma de México','string'),
(2,'en_US','biography',0,0,'','string'),
(2,'en_US','familyName',0,0,'Vaca','string'),
(2,'en_US','givenName',0,0,'Ramiro','string'),
(2,'en_US','preferredPublicName',0,0,'','string'),
(2,'en_US','signature',0,0,'','string'),
(2,'fr_CA','affiliation',0,0,'','string'),
(2,'fr_CA','biography',0,0,'','string'),
(2,'fr_CA','familyName',0,0,'','string'),
(2,'fr_CA','givenName',0,0,'','string'),
(2,'fr_CA','preferredPublicName',0,0,'','string'),
(2,'fr_CA','signature',0,0,'','string'),
(3,'','orcid',0,0,'','string'),
(3,'en_US','affiliation',0,0,'University of Melbourne','string'),
(3,'en_US','biography',0,0,'','string'),
(3,'en_US','familyName',0,0,'Barnes','string'),
(3,'en_US','givenName',0,0,'Daniel','string'),
(3,'en_US','preferredPublicName',0,0,'','string'),
(3,'en_US','signature',0,0,'','string'),
(3,'fr_CA','affiliation',0,0,'','string'),
(3,'fr_CA','biography',0,0,'','string'),
(3,'fr_CA','familyName',0,0,'','string'),
(3,'fr_CA','givenName',0,0,'','string'),
(3,'fr_CA','preferredPublicName',0,0,'','string'),
(3,'fr_CA','signature',0,0,'','string'),
(4,'','orcid',0,0,'','string'),
(4,'en_US','affiliation',0,0,'University of Chicago','string'),
(4,'en_US','biography',0,0,'','string'),
(4,'en_US','familyName',0,0,'Buskins','string'),
(4,'en_US','givenName',0,0,'David','string'),
(4,'en_US','preferredPublicName',0,0,'','string'),
(4,'en_US','signature',0,0,'','string'),
(4,'fr_CA','affiliation',0,0,'','string'),
(4,'fr_CA','biography',0,0,'','string'),
(4,'fr_CA','familyName',0,0,'','string'),
(4,'fr_CA','givenName',0,0,'','string'),
(4,'fr_CA','preferredPublicName',0,0,'','string'),
(4,'fr_CA','signature',0,0,'','string'),
(5,'','orcid',0,0,'','string'),
(5,'en_US','affiliation',0,0,'University of Toronto','string'),
(5,'en_US','biography',0,0,'','string'),
(5,'en_US','familyName',0,0,'Berardo','string'),
(5,'en_US','givenName',0,0,'Stephanie','string'),
(5,'en_US','preferredPublicName',0,0,'','string'),
(5,'en_US','signature',0,0,'','string'),
(5,'fr_CA','affiliation',0,0,'','string'),
(5,'fr_CA','biography',0,0,'','string'),
(5,'fr_CA','familyName',0,0,'','string'),
(5,'fr_CA','givenName',0,0,'','string'),
(5,'fr_CA','preferredPublicName',0,0,'','string'),
(5,'fr_CA','signature',0,0,'','string'),
(6,'','orcid',0,0,'','string'),
(6,'en_US','affiliation',0,0,'Kyoto University','string'),
(6,'en_US','biography',0,0,'','string'),
(6,'en_US','familyName',0,0,'Inoue','string'),
(6,'en_US','givenName',0,0,'Minoti','string'),
(6,'en_US','preferredPublicName',0,0,'','string'),
(6,'en_US','signature',0,0,'','string'),
(6,'fr_CA','affiliation',0,0,'','string'),
(6,'fr_CA','biography',0,0,'','string'),
(6,'fr_CA','familyName',0,0,'','string'),
(6,'fr_CA','givenName',0,0,'','string'),
(6,'fr_CA','preferredPublicName',0,0,'','string'),
(6,'fr_CA','signature',0,0,'','string'),
(7,'','orcid',0,0,'','string'),
(7,'en_US','affiliation',0,0,'Utrecht University','string'),
(7,'en_US','biography',0,0,'','string'),
(7,'en_US','familyName',0,0,'Janssen','string'),
(7,'en_US','givenName',0,0,'Julie','string'),
(7,'en_US','preferredPublicName',0,0,'','string'),
(7,'en_US','signature',0,0,'','string'),
(7,'fr_CA','affiliation',0,0,'','string'),
(7,'fr_CA','biography',0,0,'','string'),
(7,'fr_CA','familyName',0,0,'','string'),
(7,'fr_CA','givenName',0,0,'','string'),
(7,'fr_CA','preferredPublicName',0,0,'','string'),
(7,'fr_CA','signature',0,0,'','string'),
(8,'','orcid',0,0,'','string'),
(8,'en_US','affiliation',0,0,'McGill University','string'),
(8,'en_US','biography',0,0,'','string'),
(8,'en_US','familyName',0,0,'Hudson','string'),
(8,'en_US','givenName',0,0,'Paul','string'),
(8,'en_US','preferredPublicName',0,0,'','string'),
(8,'en_US','signature',0,0,'','string'),
(8,'fr_CA','affiliation',0,0,'','string'),
(8,'fr_CA','biography',0,0,'','string'),
(8,'fr_CA','familyName',0,0,'','string'),
(8,'fr_CA','givenName',0,0,'','string'),
(8,'fr_CA','preferredPublicName',0,0,'','string'),
(8,'fr_CA','signature',0,0,'','string'),
(9,'','orcid',0,0,'','string'),
(9,'en_US','affiliation',0,0,'University of Manitoba','string'),
(9,'en_US','biography',0,0,'','string'),
(9,'en_US','familyName',0,0,'McCrae','string'),
(9,'en_US','givenName',0,0,'Aisla','string'),
(9,'en_US','preferredPublicName',0,0,'','string'),
(9,'en_US','signature',0,0,'','string'),
(9,'fr_CA','affiliation',0,0,'','string'),
(9,'fr_CA','biography',0,0,'','string'),
(9,'fr_CA','familyName',0,0,'','string'),
(9,'fr_CA','givenName',0,0,'','string'),
(9,'fr_CA','preferredPublicName',0,0,'','string'),
(9,'fr_CA','signature',0,0,'','string'),
(10,'','orcid',0,0,'','string'),
(10,'en_US','affiliation',0,0,'State University of New York','string'),
(10,'en_US','biography',0,0,'','string'),
(10,'en_US','familyName',0,0,'Gallego','string'),
(10,'en_US','givenName',0,0,'Adela','string'),
(10,'en_US','preferredPublicName',0,0,'','string'),
(10,'en_US','signature',0,0,'','string'),
(10,'fr_CA','affiliation',0,0,'','string'),
(10,'fr_CA','biography',0,0,'','string'),
(10,'fr_CA','familyName',0,0,'','string'),
(10,'fr_CA','givenName',0,0,'','string'),
(10,'fr_CA','preferredPublicName',0,0,'','string'),
(10,'fr_CA','signature',0,0,'','string'),
(11,'','orcid',0,0,'','string'),
(11,'en_US','affiliation',0,0,'Ghent University','string'),
(11,'en_US','biography',0,0,'','string'),
(11,'en_US','familyName',0,0,'Fritz','string'),
(11,'en_US','givenName',0,0,'Maria','string'),
(11,'en_US','preferredPublicName',0,0,'','string'),
(11,'en_US','signature',0,0,'','string'),
(11,'fr_CA','affiliation',0,0,'','string'),
(11,'fr_CA','biography',0,0,'','string'),
(11,'fr_CA','familyName',0,0,'','string'),
(11,'fr_CA','givenName',0,0,'','string'),
(11,'fr_CA','preferredPublicName',0,0,'','string'),
(11,'fr_CA','signature',0,0,'','string'),
(12,'','orcid',0,0,'','string'),
(12,'en_US','affiliation',0,0,'Universidad de Chile','string'),
(12,'en_US','biography',0,0,'','string'),
(12,'en_US','familyName',0,0,'Vogt','string'),
(12,'en_US','givenName',0,0,'Sarah','string'),
(12,'en_US','preferredPublicName',0,0,'','string'),
(12,'en_US','signature',0,0,'','string'),
(12,'fr_CA','affiliation',0,0,'','string'),
(12,'fr_CA','biography',0,0,'','string'),
(12,'fr_CA','familyName',0,0,'','string'),
(12,'fr_CA','givenName',0,0,'','string'),
(12,'fr_CA','preferredPublicName',0,0,'','string'),
(12,'fr_CA','signature',0,0,'','string'),
(13,'','orcid',0,0,'','string'),
(13,'en_US','affiliation',0,0,'Duke University','string'),
(13,'en_US','biography',0,0,'','string'),
(13,'en_US','familyName',0,0,'Cox','string'),
(13,'en_US','givenName',0,0,'Graham','string'),
(13,'en_US','preferredPublicName',0,0,'','string'),
(13,'en_US','signature',0,0,'','string'),
(13,'fr_CA','affiliation',0,0,'','string'),
(13,'fr_CA','biography',0,0,'','string'),
(13,'fr_CA','familyName',0,0,'','string'),
(13,'fr_CA','givenName',0,0,'','string'),
(13,'fr_CA','preferredPublicName',0,0,'','string'),
(13,'fr_CA','signature',0,0,'','string'),
(14,'','orcid',0,0,'','string'),
(14,'en_US','affiliation',0,0,'University of Cape Town','string'),
(14,'en_US','biography',0,0,'','string'),
(14,'en_US','familyName',0,0,'Hellier','string'),
(14,'en_US','givenName',0,0,'Stephen','string'),
(14,'en_US','preferredPublicName',0,0,'','string'),
(14,'en_US','signature',0,0,'','string'),
(14,'fr_CA','affiliation',0,0,'','string'),
(14,'fr_CA','biography',0,0,'','string'),
(14,'fr_CA','familyName',0,0,'','string'),
(14,'fr_CA','givenName',0,0,'','string'),
(14,'fr_CA','preferredPublicName',0,0,'','string'),
(14,'fr_CA','signature',0,0,'','string'),
(15,'','orcid',0,0,'','string'),
(15,'en_US','affiliation',0,0,'Imperial College London','string'),
(15,'en_US','biography',0,0,'','string'),
(15,'en_US','familyName',0,0,'Turner','string'),
(15,'en_US','givenName',0,0,'Catherine','string'),
(15,'en_US','preferredPublicName',0,0,'','string'),
(15,'en_US','signature',0,0,'','string'),
(15,'fr_CA','affiliation',0,0,'','string'),
(15,'fr_CA','biography',0,0,'','string'),
(15,'fr_CA','familyName',0,0,'','string'),
(15,'fr_CA','givenName',0,0,'','string'),
(15,'fr_CA','preferredPublicName',0,0,'','string'),
(15,'fr_CA','signature',0,0,'','string'),
(16,'','orcid',0,0,'','string'),
(16,'en_US','affiliation',0,0,'National University of Singapore','string'),
(16,'en_US','biography',0,0,'','string'),
(16,'en_US','familyName',0,0,'Kumar','string'),
(16,'en_US','givenName',0,0,'Sabine','string'),
(16,'en_US','preferredPublicName',0,0,'','string'),
(16,'en_US','signature',0,0,'','string'),
(16,'fr_CA','affiliation',0,0,'','string'),
(16,'fr_CA','biography',0,0,'','string'),
(16,'fr_CA','familyName',0,0,'','string'),
(16,'fr_CA','givenName',0,0,'','string'),
(16,'fr_CA','preferredPublicName',0,0,'','string'),
(16,'fr_CA','signature',0,0,'','string'),
(17,'en_US','affiliation',0,0,'University of Cape Town','string'),
(17,'en_US','familyName',0,0,'Mwandenga','string'),
(17,'en_US','givenName',0,0,'Alan','string'),
(18,'en_US','affiliation',0,0,'University of Bologna','string'),
(18,'en_US','familyName',0,0,'Corino','string'),
(18,'en_US','givenName',0,0,'Carlo','string'),
(19,'en_US','affiliation',0,0,'University of Windsor','string'),
(19,'en_US','familyName',0,0,'Kwantes','string'),
(19,'en_US','givenName',0,0,'Catherine','string'),
(20,'en_US','affiliation',0,0,'University of Alberta','string'),
(20,'en_US','familyName',0,0,'Montgomerie','string'),
(20,'en_US','givenName',0,0,'Craig','string'),
(21,'en_US','affiliation',0,0,'Alexandria University','string'),
(21,'en_US','familyName',0,0,'Diouf','string'),
(21,'en_US','givenName',0,0,'Diaga','string'),
(22,'en_US','affiliation',0,0,'University of Toronto','string'),
(22,'en_US','familyName',0,0,'Phillips','string'),
(22,'en_US','givenName',0,0,'Dana','string'),
(23,'en_US','affiliation',0,0,'University College Cork','string'),
(23,'en_US','familyName',0,0,'Sokoloff','string'),
(23,'en_US','givenName',0,0,'Domatilia','string'),
(24,'en_US','affiliation',0,0,'Indiana University','string'),
(24,'en_US','familyName',0,0,'Ostrom','string'),
(24,'en_US','givenName',0,0,'Elinor','string'),
(25,'en_US','affiliation',0,0,'University of Rome','string'),
(25,'en_US','familyName',0,0,'Paglieri','string'),
(25,'en_US','givenName',0,0,'Fabio','string'),
(26,'en_US','affiliation',0,0,'Aalborg University','string'),
(26,'en_US','familyName',0,0,'Novak','string'),
(26,'en_US','givenName',0,0,'John','string'),
(27,'','orcid',0,0,'','string'),
(27,'en_US','affiliation',0,0,'Stanford University','string'),
(27,'en_US','biography',0,0,'','string'),
(27,'en_US','familyName',0,0,'Al-Khafaji','string'),
(27,'en_US','givenName',0,0,'Karim','string'),
(27,'en_US','preferredPublicName',0,0,'','string'),
(27,'en_US','signature',0,0,'','string'),
(27,'fr_CA','affiliation',0,0,'','string'),
(27,'fr_CA','biography',0,0,'','string'),
(27,'fr_CA','familyName',0,0,'','string'),
(27,'fr_CA','givenName',0,0,'','string'),
(27,'fr_CA','preferredPublicName',0,0,'','string'),
(27,'fr_CA','signature',0,0,'','string'),
(28,'en_US','affiliation',0,0,'Australian National University','string'),
(28,'en_US','familyName',0,0,'Christopher','string'),
(28,'en_US','givenName',0,0,'Leo','string'),
(29,'en_US','affiliation',0,0,'University of Cape Town','string'),
(29,'en_US','familyName',0,0,'Kumiega','string'),
(29,'en_US','givenName',0,0,'Lise','string'),
(30,'en_US','affiliation',0,0,'University of Wolverhampton','string'),
(30,'en_US','familyName',0,0,'Daniel','string'),
(30,'en_US','givenName',0,0,'Patricia','string'),
(31,'','orcid',0,0,'','string'),
(31,'en_US','affiliation',0,0,'University of Nairobi','string'),
(31,'en_US','biography',0,0,'','string'),
(31,'en_US','familyName',0,0,'Baiyewu','string'),
(31,'en_US','givenName',0,0,'Rana','string'),
(31,'en_US','preferredPublicName',0,0,'','string'),
(31,'en_US','signature',0,0,'','string'),
(31,'fr_CA','affiliation',0,0,'','string'),
(31,'fr_CA','biography',0,0,'','string'),
(31,'fr_CA','familyName',0,0,'','string'),
(31,'fr_CA','givenName',0,0,'','string'),
(31,'fr_CA','preferredPublicName',0,0,'','string'),
(31,'fr_CA','signature',0,0,'','string'),
(32,'en_US','affiliation',0,0,'Barcelona University','string'),
(32,'en_US','familyName',0,0,'Rossi','string'),
(32,'en_US','givenName',0,0,'Rosanna','string'),
(33,'en_US','affiliation',0,0,'University of Tehran','string'),
(33,'en_US','familyName',0,0,'Karbasizaed','string'),
(33,'en_US','givenName',0,0,'Vajiheh','string'),
(34,'en_US','affiliation',0,0,'University of Windsor','string'),
(34,'en_US','familyName',0,0,'Williamson','string'),
(34,'en_US','givenName',0,0,'Valerie','string'),
(35,'en_US','affiliation',0,0,'CUNY','string'),
(35,'en_US','familyName',0,0,'Woods','string'),
(35,'en_US','givenName',0,0,'Zita','string'),
(36,'','orcid',0,0,'','string'),
(36,'en_US','affiliation',0,0,'','string'),
(36,'en_US','biography',0,0,'','string'),
(36,'en_US','familyName',0,0,'Tobler','string'),
(36,'en_US','givenName',0,0,'Waldo ','string'),
(36,'en_US','preferredPublicName',0,0,'','string'),
(36,'en_US','signature',0,0,'','string');
/*!40000 ALTER TABLE `user_settings` ENABLE KEYS */;
UNLOCK TABLES;
commit;

--
-- Table structure for table `user_user_groups`
--

DROP TABLE IF EXISTS `user_user_groups`;
/*!40101 SET @saved_cs_client     = @@character_set_client */;
/*!40101 SET character_set_client = utf8mb4 */;
CREATE TABLE `user_user_groups` (
  `user_group_id` bigint NOT NULL,
  `user_id` bigint NOT NULL,
  UNIQUE KEY `user_user_groups_pkey` (`user_group_id`,`user_id`),
  KEY `user_user_groups_user_group_id` (`user_group_id`),
  KEY `user_user_groups_user_id` (`user_id`)
) ENGINE=InnoDB DEFAULT CHARSET=utf8mb3;
/*!40101 SET character_set_client = @saved_cs_client */;

--
-- Dumping data for table `user_user_groups`
--

LOCK TABLES `user_user_groups` WRITE;
/*!40000 ALTER TABLE `user_user_groups` DISABLE KEYS */;
set autocommit=0;
INSERT INTO `user_user_groups` VALUES
(1,1),
(2,1),
(2,2),
(3,3),
(5,4),
(5,5),
(5,6),
(7,11),
(7,12),
(11,13),
(11,14),
(13,15),
(13,16),
(14,17),
(14,18),
(14,19),
(14,20),
(14,21),
(14,22),
(14,23),
(14,24),
(14,25),
(14,26),
(14,27),
(14,28),
(14,29),
(14,30),
(14,31),
(14,32),
(14,33),
(14,34),
(14,35),
(16,7),
(16,8),
(16,9),
(16,10),
(17,17),
(17,18),
(17,19),
(17,20),
(17,21),
(17,22),
(17,23),
(17,24),
(17,25),
(17,26),
(17,27),
(17,28),
(17,29),
(17,30),
(17,31),
(17,32),
(17,33),
(17,34),
(17,35),
(19,1),
(20,1),
(21,1),
(22,1),
(23,1),
(24,1),
(25,1),
(26,1),
(27,1),
(28,1),
(29,1),
(30,1),
(31,1),
(31,36),
(32,1),
(33,1),
(33,36),
(34,1),
(35,1);
/*!40000 ALTER TABLE `user_user_groups` ENABLE KEYS */;
UNLOCK TABLES;
commit;

--
-- Table structure for table `users`
--

DROP TABLE IF EXISTS `users`;
/*!40101 SET @saved_cs_client     = @@character_set_client */;
/*!40101 SET character_set_client = utf8mb4 */;
CREATE TABLE `users` (
  `user_id` bigint NOT NULL AUTO_INCREMENT,
  `username` varchar(32) NOT NULL,
  `password` varchar(255) NOT NULL,
  `email` varchar(255) NOT NULL,
  `url` varchar(2047) DEFAULT NULL,
  `phone` varchar(32) DEFAULT NULL,
  `mailing_address` varchar(255) DEFAULT NULL,
  `billing_address` varchar(255) DEFAULT NULL,
  `country` varchar(90) DEFAULT NULL,
  `locales` varchar(255) DEFAULT NULL,
  `gossip` text,
  `date_last_email` datetime DEFAULT NULL,
  `date_registered` datetime NOT NULL,
  `date_validated` datetime DEFAULT NULL,
  `date_last_login` datetime NOT NULL,
  `must_change_password` smallint DEFAULT NULL,
  `auth_id` bigint DEFAULT NULL,
  `auth_str` varchar(255) DEFAULT NULL,
  `disabled` smallint NOT NULL DEFAULT '0',
  `disabled_reason` text,
  `inline_help` smallint DEFAULT NULL,
  PRIMARY KEY (`user_id`),
  UNIQUE KEY `users_username` (`username`),
  UNIQUE KEY `users_email` (`email`)
) ENGINE=InnoDB AUTO_INCREMENT=37 DEFAULT CHARSET=utf8mb3;
/*!40101 SET character_set_client = @saved_cs_client */;

--
-- Dumping data for table `users`
--

LOCK TABLES `users` WRITE;
/*!40000 ALTER TABLE `users` DISABLE KEYS */;
set autocommit=0;
INSERT INTO `users` VALUES
(1,'admin','$2y$10$3XqZDByjPz309JIyuyhtnuuzM/tNNwEkbxM5LlmjoeMKNISlu2vfy','komet@mailinator.com','','','',NULL,'','',NULL,NULL,'2025-07-11 05:35:20',NULL,'2025-08-14 07:34:04',0,NULL,NULL,0,NULL,1),
(2,'rvaca','$2y$10$PWAHUCPDhL7OTyd.fZtt/.kpzQo4cvdhhsp0rOXw/Gr1SEnRcR3WS','rvaca@mailinator.com','','','',NULL,'MX','',NULL,NULL,'2025-07-11 05:36:07',NULL,'2025-07-11 05:37:51',0,NULL,NULL,0,NULL,1),
(3,'dbarnes','$2y$10$c1m7OyXZJiPHnAqJjlmPYOEOte3iikqQgbw3fH64JAlbumbSmIWRG','barnes@mailinator.com','','','',NULL,'AU','',NULL,NULL,'2025-07-11 05:36:12',NULL,'2025-07-11 05:47:31',0,0,NULL,0,NULL,1),
(4,'dbuskins','$2y$10$qm43/BJX1eEHM6bwAKcrXewrZCYC561kRwSXX6pJB8pc14S8SW3Ha','buskins@mailinator.com','','','',NULL,'US','',NULL,NULL,'2025-07-11 05:36:17',NULL,'2025-07-11 05:36:17',0,0,NULL,0,NULL,1),
(5,'sberardo','$2y$10$5AanOH3.Ywu3uNAignXBmuTZeXvWR/hocVRT079UOfI5OKvVsipVS','berardo@mailinator.com','','','',NULL,'CA','',NULL,NULL,'2025-07-11 05:36:23',NULL,'2025-07-11 05:36:23',0,0,NULL,0,NULL,1),
(6,'minoue','$2y$10$L4QLUdpnqBR.JtoziFS6I.09dS9ddZ0pMgrC1UsN1fKJd/EqlAvvu','minoue@mailinator.com','','','',NULL,'JP','',NULL,NULL,'2025-07-11 05:36:29',NULL,'2025-07-11 05:40:24',0,NULL,NULL,0,NULL,1),
(7,'jjanssen','$2y$10$YdAF754JJh4XaMWw2cQzve9ZjeBr6MGoyeLApHFKfiZg8HqEkUwQ.','jjanssen@mailinator.com','','','',NULL,'NL','',NULL,NULL,'2025-07-11 05:36:35',NULL,'2025-07-11 05:44:45',0,NULL,NULL,0,NULL,1),
(8,'phudson','$2y$10$ewDiOcFzF1KV4qa1nGeji.YsTG8Y9bkFEvSBIIGtvIKB9rIF5DWVW','phudson@mailinator.com','','','',NULL,'CA','',NULL,NULL,'2025-07-11 05:36:41',NULL,'2025-07-11 05:42:29',0,NULL,NULL,0,NULL,1),
(9,'amccrae','$2y$10$zyPv.p0GFixRzOud.qiS/uY5iewopUCrQd9wRJ5LB3ZEWtZXhiXpy','amccrae@mailinator.com','','','',NULL,'CA','',NULL,NULL,'2025-07-11 05:36:48',NULL,'2025-07-11 05:44:50',0,NULL,NULL,0,NULL,1),
(10,'agallego','$2y$10$n31koJVssagfL5bD/gjQ8u5TBu1wCwT42LE2XHAqUZdmtBCzTH4Xy','agallego@mailinator.com','','','',NULL,'US','',NULL,NULL,'2025-07-11 05:36:56',NULL,'2025-07-11 05:44:56',0,NULL,NULL,0,NULL,1),
(11,'mfritz','$2y$10$Oh9OnxTiEVR.g6rYh17RIuKvmMM1fh9B2YBcicfp2XMPnqwTzk1pS','mfritz@mailinator.com','','','',NULL,'BE','',NULL,NULL,'2025-07-11 05:37:03',NULL,'2025-07-11 05:37:03',0,NULL,NULL,0,NULL,1),
(12,'svogt','$2y$10$dcSMAQKNFBBA6ZqN8ociKORByTItV3cZIE9cprin7nm6QAqaUw16C','svogt@mailinator.com','','','',NULL,'CL','',NULL,NULL,'2025-07-11 05:37:10',NULL,'2025-07-11 05:37:10',0,NULL,NULL,0,NULL,1),
(13,'gcox','$2y$10$RFO8PveVjj72icr9lDNgIeMYLaGq76L2fCwqz.LYxtdIRqDtuDwZi','gcox@mailinator.com','','','',NULL,'US','',NULL,NULL,'2025-07-11 05:37:19',NULL,'2025-07-11 05:37:19',0,NULL,NULL,0,NULL,1),
(14,'shellier','$2y$10$9jCAcFMbrIpDSwCOeUlfKO3npbQBU8z0UCYaNJC6eoXQacEamGdtG','shellier@mailinator.com','','','',NULL,'ZA','',NULL,NULL,'2025-07-11 05:37:27',NULL,'2025-07-11 05:37:27',0,NULL,NULL,0,NULL,1),
(15,'cturner','$2y$10$qTPZsouIkvZAm3CHKSJJtOpRO.A4NVFbHP.vAz9hKgk2mitfuYpHi','cturner@mailinator.com','','','',NULL,'GB','',NULL,NULL,'2025-07-11 05:37:36',NULL,'2025-07-11 05:37:36',0,NULL,NULL,0,NULL,1),
(16,'skumar','$2y$10$wPhyX7W8iS/O9TPZGP8h6O3014PL8ddr0UIP3J/R/rTn4cYPRCDaq','skumar@mailinator.com','','','',NULL,'SG','',NULL,NULL,'2025-07-11 05:37:45',NULL,'2025-07-11 05:37:45',0,NULL,NULL,0,NULL,1),
(17,'amwandenga','$2y$10$xXwixbUcKXqLw11OxAiaY.RSSqzWjeAjIKgJky4T.0kXH8vEXHDeW','amwandenga@mailinator.com',NULL,NULL,NULL,NULL,'ZA','',NULL,NULL,'2025-07-11 05:38:12',NULL,'2025-07-11 05:39:08',0,NULL,NULL,0,NULL,1),
(18,'ccorino','$2y$10$FsjiIeq9GItwkqOToSF4ruYfaEZjSNKq.tyYboz3i94fAA.wW6fG.','ccorino@mailinator.com',NULL,NULL,NULL,NULL,'IT','',NULL,NULL,'2025-07-11 05:40:08',NULL,'2025-07-11 05:40:08',0,NULL,NULL,0,NULL,1),
(19,'ckwantes','$2y$10$5mAbYHdQExcb1nQRJ8XfwuZilyUpkDiC3clbd.ElBb7susIr4VdcS','ckwantes@mailinator.com',NULL,NULL,NULL,NULL,'CA','',NULL,NULL,'2025-07-11 05:40:33',NULL,'2025-07-11 05:40:34',0,NULL,NULL,0,NULL,1),
(20,'cmontgomerie','$2y$10$TnkqvO1npf3bYdfGm3DQQuMpt7q6f7Ai/6YPpktmJPyw2DFsz9OB2','cmontgomerie@mailinator.com',NULL,NULL,NULL,NULL,'CA','',NULL,NULL,'2025-07-11 05:40:58',NULL,'2025-07-11 05:40:58',0,NULL,NULL,0,NULL,1),
(21,'ddiouf','$2y$10$.fbBGcA/kOkgGj25CX3j.OeRVj8Pl0Qc5w1f9s.4DqGkxCxh8WCEC','ddiouf@mailinator.com',NULL,NULL,NULL,NULL,'EG','',NULL,NULL,'2025-07-11 05:41:09',NULL,'2025-07-11 05:41:09',0,NULL,NULL,0,NULL,1),
(22,'dphillips','$2y$10$EFIGGQyd2DeCubN3augVPuRxzOPgvgJIw2D9iwtHvmRA12IKHJFQK','dphillips@mailinator.com',NULL,NULL,NULL,NULL,'CA','',NULL,NULL,'2025-07-11 05:41:40',NULL,'2025-07-11 05:41:40',0,NULL,NULL,0,NULL,1),
(23,'dsokoloff','$2y$10$M4Mkb4ulHzRr1f6Gip3LleT9cy1KX6vh8JWUmXM4/RNKZEbwQ8XLC','dsokoloff@mailinator.com',NULL,NULL,NULL,NULL,'IE','',NULL,NULL,'2025-07-11 05:42:09',NULL,'2025-07-11 05:42:09',0,NULL,NULL,0,NULL,1),
(24,'eostrom','$2y$10$2ijQwrS0bh7UtNG5e5ObK.uf1jg.JS0CFUwDO/OxYqJ79.6gc6vxW','eostrom@mailinator.com',NULL,NULL,NULL,NULL,'US','',NULL,NULL,'2025-07-11 05:42:38',NULL,'2025-07-11 05:42:38',0,NULL,NULL,0,NULL,1),
(25,'fpaglieri','$2y$10$Unzo/Bz/zXA4cierPjMWherxu2s2Ew0ENypaQyNz3/rQPmkn0MdX2','fpaglieri@mailinator.com',NULL,NULL,NULL,NULL,'IT','',NULL,NULL,'2025-07-11 05:42:49',NULL,'2025-07-11 05:42:49',0,NULL,NULL,0,NULL,1),
(26,'jnovak','$2y$10$Hf0hxR0XhpxP5Xgz4WwTtOlmKMOVv6sfDWVhn8ctOAx4YtrTlxI6C','jnovak@mailinator.com',NULL,NULL,NULL,NULL,'DK','',NULL,NULL,'2025-07-11 05:43:20',NULL,'2025-07-11 05:43:20',0,NULL,NULL,0,NULL,1),
(27,'kalkhafaji','$2y$10$OpKjALzSXkhShJUdXa3fx.3e3G7/MTQkr9zzQpWGspO9Q.MhL/UQq','alkhafaji@mailinator.com','','','',NULL,'US','',NULL,NULL,'2025-07-11 05:43:52',NULL,'2025-07-11 05:43:52',0,0,NULL,0,NULL,1),
(28,'lchristopher','$2y$10$6cok23J9JLm.RWWIn7WhEegy7OwsY82BIlbY8kWswTZimRuisSxES','lchristopher@mailinator.com',NULL,NULL,NULL,NULL,'AU','',NULL,NULL,'2025-07-11 05:44:03',NULL,'2025-07-11 05:44:03',0,NULL,NULL,0,NULL,1),
(29,'lkumiega','$2y$10$Uuo5j7vmwimvFAYKHy8X6OSJqacnh34w7tW6/Af/0d6JhNPIIf4m.','lkumiega@mailinator.com',NULL,NULL,NULL,NULL,'ZA','',NULL,NULL,'2025-07-11 05:44:24',NULL,'2025-07-11 05:44:24',0,NULL,NULL,0,NULL,1),
(30,'pdaniel','$2y$10$KtHrJojm.sTbY2ZtOg8QEeeOTJAlUxZSVG.8RA7.mnnyt4BBHgYqa','pdaniel@mailinator.com',NULL,NULL,NULL,NULL,'GB','',NULL,NULL,'2025-07-11 05:45:12',NULL,'2025-07-11 05:45:12',0,NULL,NULL,0,NULL,1),
(31,'rbaiyewu','$2y$10$Vgsa0sFeX6ZxKInpPcCPwO9K.LwEp0Wpvh2LYwROs2sVDhMKZiSii','baiyewu@mailinator.com','','','',NULL,'KE','',NULL,NULL,'2025-07-11 05:45:21',NULL,'2025-07-11 05:45:21',0,0,NULL,0,NULL,1),
(32,'rrossi','$2y$10$KylzDPFzZ/7KYU3IBOTnDu9t4S.dRcQ5/E7eIBE3j5nBaUaFShSf6','rrossi@mailinator.com',NULL,NULL,NULL,NULL,'ES','',NULL,NULL,'2025-07-11 05:45:51',NULL,'2025-07-11 05:45:51',0,NULL,NULL,0,NULL,1),
(33,'vkarbasizaed','$2y$10$ia9rgdYYiVOizq6KANPLKOA4UY5y05WP9SvmTQmS1fNmsUt7Nt81S','vkarbasizaed@mailinator.com',NULL,NULL,NULL,NULL,'IR','',NULL,NULL,'2025-07-11 05:46:00',NULL,'2025-07-11 05:46:00',0,NULL,NULL,0,NULL,1),
(34,'vwilliamson','$2y$10$bKSXMmOwoqOBhNmscG.rvuSUxdcDrx0b7Q81u9sdl8YTwJTwXBbUy','vwilliamson@mailinator.com',NULL,NULL,NULL,NULL,'CA','',NULL,NULL,'2025-07-11 05:47:13',NULL,'2025-07-11 05:47:13',0,NULL,NULL,0,NULL,1),
(35,'zwoods','$2y$10$bH7wX3AXfD6ZjzCPuu.BWe1gZjNRbIRDtJc4tWWOCpIXmsy76chFe','zwoods@mailinator.com',NULL,NULL,NULL,NULL,'US','',NULL,NULL,'2025-07-11 05:47:25',NULL,'2025-07-11 05:47:25',0,NULL,NULL,0,NULL,1),
(36,'tobler','$2y$10$9G92XB7GUifQ.T2TdI44Y.uFXO9Lumi4Vdc/dT6mj5AOaMbap40fC','tobler@mailinator.com','','','',NULL,'','',NULL,NULL,'2025-08-14 07:25:53',NULL,'2025-08-14 07:34:35',0,0,NULL,0,NULL,1);
/*!40000 ALTER TABLE `users` ENABLE KEYS */;
UNLOCK TABLES;
commit;

--
-- Table structure for table `versions`
--

DROP TABLE IF EXISTS `versions`;
/*!40101 SET @saved_cs_client     = @@character_set_client */;
/*!40101 SET character_set_client = utf8mb4 */;
CREATE TABLE `versions` (
  `major` int NOT NULL DEFAULT '0' COMMENT 'Major component of version number, e.g. the 2 in OJS 2.3.8-0',
  `minor` int NOT NULL DEFAULT '0' COMMENT 'Minor component of version number, e.g. the 3 in OJS 2.3.8-0',
  `revision` int NOT NULL DEFAULT '0' COMMENT 'Revision component of version number, e.g. the 8 in OJS 2.3.8-0',
  `build` int NOT NULL DEFAULT '0' COMMENT 'Build component of version number, e.g. the 0 in OJS 2.3.8-0',
  `date_installed` datetime NOT NULL,
  `current` smallint NOT NULL DEFAULT '0' COMMENT '1 iff the version entry being described is currently active. This permits the table to store past installation history for forensic purposes.',
  `product_type` varchar(30) DEFAULT NULL COMMENT 'Describes the type of product this row describes, e.g. "plugins.generic" (for a generic plugin) or "core" for the application itelf',
  `product` varchar(30) DEFAULT NULL COMMENT 'Uniquely identifies the product this version row describes, e.g. "ojs2" for OJS 2.x, "languageToggle" for the language toggle block plugin, etc.',
  `product_class_name` varchar(80) DEFAULT NULL COMMENT 'Specifies the class name associated with this product, for plugins, or the empty string where not applicable.',
  `lazy_load` smallint NOT NULL DEFAULT '0' COMMENT '1 iff the row describes a lazy-load plugin; 0 otherwise',
  `sitewide` smallint NOT NULL DEFAULT '0' COMMENT '1 iff the row describes a site-wide plugin; 0 otherwise',
  UNIQUE KEY `versions_pkey` (`product_type`,`product`,`major`,`minor`,`revision`,`build`)
) ENGINE=InnoDB DEFAULT CHARSET=utf8mb3;
/*!40101 SET character_set_client = @saved_cs_client */;

--
-- Dumping data for table `versions`
--

LOCK TABLES `versions` WRITE;
/*!40000 ALTER TABLE `versions` DISABLE KEYS */;
set autocommit=0;
INSERT INTO `versions` VALUES
(1,0,0,0,'2025-07-11 05:35:20',1,'plugins.metadata','dc11','',0,0),
(1,0,0,0,'2025-07-11 05:35:21',1,'plugins.auth','ldap','',0,0),
(1,0,0,0,'2025-07-11 05:35:21',1,'plugins.blocks','makeSubmission','MakeSubmissionBlockPlugin',1,0),
(1,0,1,0,'2025-07-11 05:35:21',1,'plugins.blocks','browse','BrowseBlockPlugin',1,0),
(1,0,0,0,'2025-07-11 05:35:21',1,'plugins.blocks','information','InformationBlockPlugin',1,0),
(1,1,0,0,'2025-07-11 05:35:21',1,'plugins.blocks','subscription','SubscriptionBlockPlugin',1,0),
(1,0,0,0,'2025-07-11 05:35:21',1,'plugins.blocks','developedBy','DevelopedByBlockPlugin',1,0),
(1,0,0,0,'2025-07-11 05:35:21',1,'plugins.blocks','languageToggle','LanguageToggleBlockPlugin',1,0),
(1,0,0,0,'2025-07-11 05:35:21',1,'plugins.gateways','resolver','',0,0),
(1,0,0,0,'2025-07-11 05:35:21',1,'plugins.generic','recommendByAuthor','RecommendByAuthorPlugin',1,1),
(1,0,0,0,'2025-07-11 05:35:21',1,'plugins.generic','webFeed','WebFeedPlugin',1,0),
(1,2,0,0,'2025-07-11 05:35:21',1,'plugins.generic','acron','AcronPlugin',1,1),
(1,0,0,0,'2025-07-11 05:35:21',1,'plugins.generic','driver','DRIVERPlugin',1,0),
(1,2,0,0,'2025-07-11 05:35:21',1,'plugins.generic','customBlockManager','CustomBlockManagerPlugin',1,0),
(1,0,0,0,'2025-07-11 05:35:21',1,'plugins.generic','usageStats','UsageStatsPlugin',0,1),
(1,0,1,0,'2025-07-11 05:35:21',1,'plugins.generic','pdfJsViewer','PdfJsViewerPlugin',1,0),
(0,1,0,0,'2025-07-11 05:35:21',1,'plugins.generic','citationStyleLanguage','CitationStyleLanguagePlugin',1,0),
(1,0,0,0,'2025-07-11 05:35:21',1,'plugins.generic','htmlArticleGalley','HtmlArticleGalleyPlugin',1,0),
(1,0,0,0,'2025-07-11 05:35:21',1,'plugins.generic','dublinCoreMeta','DublinCoreMetaPlugin',1,0),
(1,0,1,0,'2025-07-11 05:35:21',1,'plugins.generic','lensGalley','LensGalleyPlugin',1,0),
(1,0,0,0,'2025-07-11 05:35:21',1,'plugins.generic','googleAnalytics','GoogleAnalyticsPlugin',1,0),
(1,1,3,14,'2025-07-11 05:35:21',1,'plugins.generic','orcidProfile','OrcidProfilePlugin',1,0),
(1,0,0,0,'2025-07-11 05:35:21',1,'plugins.generic','usageEvent','',0,0),
(1,0,0,0,'2025-07-11 05:35:21',1,'plugins.generic','announcementFeed','AnnouncementFeedPlugin',1,0),
(1,2,0,0,'2025-07-11 05:35:21',1,'plugins.generic','staticPages','StaticPagesPlugin',1,0),
(1,1,0,0,'2025-07-11 05:35:21',1,'plugins.generic','googleScholar','GoogleScholarPlugin',1,0),
(1,0,0,0,'2025-07-11 05:35:21',1,'plugins.generic','recommendBySimilarity','RecommendBySimilarityPlugin',1,1),
(1,0,0,0,'2025-07-11 05:35:21',1,'plugins.generic','tinymce','TinyMCEPlugin',1,0),
(1,0,0,0,'2025-07-11 05:35:21',1,'plugins.importexport','native','',0,0),
(1,1,0,0,'2025-07-11 05:35:21',1,'plugins.importexport','doaj','',0,0),
(1,0,0,0,'2025-07-11 05:35:21',1,'plugins.importexport','users','',0,0),
(1,0,0,0,'2025-07-11 05:35:21',1,'plugins.importexport','pubmed','',0,0),
(2,0,0,0,'2025-07-11 05:35:21',1,'plugins.importexport','datacite','',0,0),
(2,1,0,0,'2025-07-11 05:35:21',1,'plugins.importexport','crossref','',0,0),
(1,0,0,0,'2025-07-11 05:35:21',1,'plugins.oaiMetadataFormats','dc','',0,0),
(1,0,0,0,'2025-07-11 05:35:21',1,'plugins.oaiMetadataFormats','marcxml','',0,0),
(1,0,0,0,'2025-07-11 05:35:21',1,'plugins.oaiMetadataFormats','marc','',0,0),
(1,0,0,0,'2025-07-11 05:35:21',1,'plugins.oaiMetadataFormats','rfc1807','',0,0),
(1,0,0,0,'2025-07-11 05:35:21',1,'plugins.paymethod','paypal','',0,0),
(1,0,0,0,'2025-07-11 05:35:21',1,'plugins.paymethod','manual','',0,0),
(1,0,0,0,'2025-07-11 05:35:21',1,'plugins.pubIds','urn','URNPubIdPlugin',1,0),
(1,0,0,0,'2025-07-11 05:35:21',1,'plugins.pubIds','doi','DOIPubIdPlugin',1,0),
(1,0,0,0,'2025-07-11 05:35:21',1,'plugins.reports','views','',0,0),
(1,1,0,0,'2025-07-11 05:35:21',1,'plugins.reports','counterReport','',0,0),
(1,0,0,0,'2025-07-11 05:35:21',1,'plugins.reports','articles','',0,0),
(1,0,0,0,'2025-07-11 05:35:21',1,'plugins.reports','subscriptions','',0,0),
(2,0,0,0,'2025-07-11 05:35:21',1,'plugins.reports','reviewReport','',0,0),
(1,0,0,0,'2025-07-11 05:35:21',1,'plugins.themes','default','DefaultThemePlugin',1,0),
(3,3,0,21,'2025-07-11 05:35:18',1,'core','ojs2','',0,1),
(1,0,1,0,'2025-07-14 09:43:40',1,'plugins.generic','geoMetadata','GeoMetadataPlugin',1,0);
/*!40000 ALTER TABLE `versions` ENABLE KEYS */;
UNLOCK TABLES;
commit;
/*!40103 SET TIME_ZONE=@OLD_TIME_ZONE */;

/*!40101 SET SQL_MODE=@OLD_SQL_MODE */;
/*!40014 SET FOREIGN_KEY_CHECKS=@OLD_FOREIGN_KEY_CHECKS */;
/*!40014 SET UNIQUE_CHECKS=@OLD_UNIQUE_CHECKS */;
/*!40101 SET CHARACTER_SET_CLIENT=@OLD_CHARACTER_SET_CLIENT */;
/*!40101 SET CHARACTER_SET_RESULTS=@OLD_CHARACTER_SET_RESULTS */;
/*!40101 SET COLLATION_CONNECTION=@OLD_COLLATION_CONNECTION */;
/*M!100616 SET NOTE_VERBOSITY=@OLD_NOTE_VERBOSITY */;

-- Dump completed on 2025-08-14  9:37:59
